ISO-10303-21;
HEADER;
FILE_DESCRIPTION (( 'STEP AP214' ),
    '1' );
FILE_NAME ('BM02B-GHS-TBT.STEP',
    '2023-11-17T09:09:22',
    ( '' ),
    ( '' ),
    'SwSTEP 2.0',
    'SolidWorks 2021',
    '' );
FILE_SCHEMA (( 'AUTOMOTIVE_DESIGN' ));
ENDSEC;

DATA;
#1 = ORIENTED_EDGE ( 'NONE', *, *, #2425, .F. ) ;
#2 = LINE ( 'NONE', #5420, #3677 ) ;
#3 = LINE ( 'NONE', #387, #6093 ) ;
#4 = DIRECTION ( 'NONE',  ( -0.000000000000000000, 1.000000000000000000, 0.000000000000000000 ) ) ;
#5 = ORIENTED_EDGE ( 'NONE', *, *, #5630, .T. ) ;
#6 = ORIENTED_EDGE ( 'NONE', *, *, #3442, .T. ) ;
#7 = EDGE_LOOP ( 'NONE', ( #2129, #461, #936, #2163 ) ) ;
#8 = DIRECTION ( 'NONE',  ( 1.000000000000000000, 0.000000000000000000, 0.000000000000000000 ) ) ;
#9 = DIRECTION ( 'NONE',  ( 0.000000000000000000, 0.7071067811865474617, 0.7071067811865474617 ) ) ;
#10 = FILL_AREA_STYLE ('',( #2280 ) ) ;
#11 = LINE ( 'NONE', #5014, #5934 ) ;
#12 = DIRECTION ( 'NONE',  ( 0.000000000000000000, -1.000000000000000000, -0.000000000000000000 ) ) ;
#13 = ORIENTED_EDGE ( 'NONE', *, *, #5005, .F. ) ;
#14 = AXIS2_PLACEMENT_3D ( 'NONE', #745, #3731, #2752 ) ;
#15 = EDGE_CURVE ( 'NONE', #1738, #2386, #4276, .T. ) ;
#16 = LINE ( 'NONE', #2466, #1718 ) ;
#17 = PLANE ( 'NONE',  #1582 ) ;
#18 = ADVANCED_FACE ( 'NONE', ( #2782 ), #362, .F. ) ;
#19 = LINE ( 'NONE', #4865, #3205 ) ;
#20 = CARTESIAN_POINT ( 'NONE',  ( 5.524999999999998579, 4.049999999999999822, 0.1750000000000000722 ) ) ;
#21 = ORIENTED_EDGE ( 'NONE', *, *, #1976, .F. ) ;
#22 = ORIENTED_EDGE ( 'NONE', *, *, #2214, .F. ) ;
#23 = ADVANCED_FACE ( 'NONE', ( #865 ), #2302, .F. ) ;
#24 = VECTOR ( 'NONE', #69, 1000.000000000000000 ) ;
#26 = CARTESIAN_POINT ( 'NONE',  ( 6.452032961426903412, 2.649999999999998135, 1.075000000000000400 ) ) ;
#25 = CARTESIAN_POINT ( 'NONE',  ( 5.524999999999998579, 1.577500000000001235, -1.577499999999999902 ) ) ;
#27 = LINE ( 'NONE', #4998, #1662 ) ;
#28 =( LENGTH_UNIT ( ) NAMED_UNIT ( * ) SI_UNIT ( .MILLI., .METRE. ) );
#29 = FACE_OUTER_BOUND ( 'NONE', #2097, .T. ) ;
#30 = ORIENTED_EDGE ( 'NONE', *, *, #6230, .T. ) ;
#31 = EDGE_CURVE ( 'NONE', #2428, #4162, #2336, .T. ) ;
#32 = LINE ( 'NONE', #2422, #3982 ) ;
#33 =( GEOMETRIC_REPRESENTATION_CONTEXT ( 3 ) GLOBAL_UNCERTAINTY_ASSIGNED_CONTEXT ( ( #4749 ) ) GLOBAL_UNIT_ASSIGNED_CONTEXT ( ( #4757, #3857, #4698 ) ) REPRESENTATION_CONTEXT ( 'NONE', 'WORKASPACE' ) );
#34 = FACE_OUTER_BOUND ( 'NONE', #6283, .T. ) ;
#35 = CARTESIAN_POINT ( 'NONE',  ( 5.724999999999998757, 1.449999999999999956, -1.224999999999999645 ) ) ;
#36 = AXIS2_PLACEMENT_3D ( 'NONE', #5347, #116, #3043 ) ;
#37 = EDGE_LOOP ( 'NONE', ( #4909, #1330, #5171, #3843 ) ) ;
#38 = ORIENTED_EDGE ( 'NONE', *, *, #4294, .T. ) ;
#39 = ORIENTED_EDGE ( 'NONE', *, *, #1644, .F. ) ;
#40 = AXIS2_PLACEMENT_3D ( 'NONE', #513, #3370, #1020 ) ;
#41 = AXIS2_PLACEMENT_3D ( 'NONE', #910, #343, #4800 ) ;
#42 = LINE ( 'NONE', #2996, #3147 ) ;
#43 = CARTESIAN_POINT ( 'NONE',  ( 4.474999999999999645, 4.049999999999999822, -1.174999999999999822 ) ) ;
#44 = SURFACE_STYLE_FILL_AREA ( #1151 ) ;
#45 = LINE ( 'NONE', #5433, #3799 ) ;
#46 = VECTOR ( 'NONE', #5834, 1000.000000000000000 ) ;
#47 = EDGE_CURVE ( 'NONE', #3581, #1347, #455, .T. ) ;
#48 = DIRECTION ( 'NONE',  ( 0.000000000000000000, 0.000000000000000000, -1.000000000000000000 ) ) ;
#49 = DIRECTION ( 'NONE',  ( 0.000000000000000000, 0.7071067811865570096, -0.7071067811865381358 ) ) ;
#50 = CARTESIAN_POINT ( 'NONE',  ( 3.624999999999999556, 1.449999999999999956, 0.8749999999999996669 ) ) ;
#51 = EDGE_CURVE ( 'NONE', #2373, #973, #2832, .T. ) ;
#52 = DIRECTION ( 'NONE',  ( -0.000000000000000000, -0.000000000000000000, -1.000000000000000000 ) ) ;
#53 = VERTEX_POINT ( 'NONE', #2429 ) ;
#54 = EDGE_CURVE ( 'NONE', #3372, #956, #2844, .T. ) ;
#55 = ADVANCED_FACE ( 'NONE', ( #2904 ), #2819, .F. ) ;
#57 = DIRECTION ( 'NONE',  ( 1.000000000000000000, 0.000000000000000000, -1.807003620809174632E-16 ) ) ;
#56 = FACE_OUTER_BOUND ( 'NONE', #5099, .T. ) ;
#58 = DIRECTION ( 'NONE',  ( 0.000000000000000000, 1.000000000000000000, 0.000000000000000000 ) ) ;
#59 = AXIS2_PLACEMENT_3D ( 'NONE', #3932, #4060, #2060 ) ;
#60 = VECTOR ( 'NONE', #2670, 1000.000000000000000 ) ;
#61 = EDGE_CURVE ( 'NONE', #2102, #602, #958, .T. ) ;
#62 = EDGE_CURVE ( 'NONE', #436, #625, #4791, .T. ) ;
#63 = PLANE ( 'NONE',  #1870 ) ;
#64 = ORIENTED_EDGE ( 'NONE', *, *, #2661, .T. ) ;
#65 = ORIENTED_EDGE ( 'NONE', *, *, #3013, .F. ) ;
#66 = VERTEX_POINT ( 'NONE', #5267 ) ;
#67 = AXIS2_PLACEMENT_3D ( 'NONE', #1297, #6212, #5679 ) ;
#68 = CARTESIAN_POINT ( 'NONE',  ( -7.875000000000000000, 4.049999999999999822, -1.775000000000000355 ) ) ;
#69 = DIRECTION ( 'NONE',  ( 0.000000000000000000, -1.000000000000000000, 2.710505431213761393E-17 ) ) ;
#70 = PLANE ( 'NONE',  #2886 ) ;
#71 = ORIENTED_EDGE ( 'NONE', *, *, #1452, .T. ) ;
#72 = VERTEX_POINT ( 'NONE', #927 ) ;
#73 = ORIENTED_EDGE ( 'NONE', *, *, #95, .F. ) ;
#74 = ORIENTED_EDGE ( 'NONE', *, *, #683, .F. ) ;
#75 = EDGE_CURVE ( 'NONE', #90, #2494, #2361, .T. ) ;
#76 = FACE_OUTER_BOUND ( 'NONE', #5456, .T. ) ;
#77 = CARTESIAN_POINT ( 'NONE',  ( 5.524999999999998579, 1.449999999999999956, -1.224999999999999645 ) ) ;
#78 = LINE ( 'NONE', #2560, #3489 ) ;
#79 = FACE_OUTER_BOUND ( 'NONE', #1424, .T. ) ;
#80 = ORIENTED_EDGE ( 'NONE', *, *, #239, .F. ) ;
#81 = DIRECTION ( 'NONE',  ( -1.000000000000000000, 0.000000000000000000, 0.000000000000000000 ) ) ;
#82 = DIRECTION ( 'NONE',  ( 1.000000000000000000, -0.000000000000000000, -0.000000000000000000 ) ) ;
#83 = LINE ( 'NONE', #50, #2196 ) ;
#84 = CARTESIAN_POINT ( 'NONE',  ( 2.624999999999999556, 1.899999999999999911, 1.825000000000000622 ) ) ;
#85 = ORIENTED_EDGE ( 'NONE', *, *, #3414, .T. ) ;
#87 = CARTESIAN_POINT ( 'NONE',  ( 6.724999999999999645, 4.049999999999999822, 2.375000000000000444 ) ) ;
#86 = LINE ( 'NONE', #2948, #1378 ) ;
#88 = LINE ( 'NONE', #3934, #2577 ) ;
#89 =( LENGTH_UNIT ( ) NAMED_UNIT ( * ) SI_UNIT ( .MILLI., .METRE. ) );
#90 = VERTEX_POINT ( 'NONE', #833 ) ;
#91 = ORIENTED_EDGE ( 'NONE', *, *, #2985, .F. ) ;
#92 = VECTOR ( 'NONE', #5264, 1000.000000000000000 ) ;
#93 = VECTOR ( 'NONE', #529, 999.9999999999998863 ) ;
#94 = DIRECTION ( 'NONE',  ( -1.000000000000000000, -0.000000000000000000, 0.000000000000000000 ) ) ;
#95 = EDGE_CURVE ( 'NONE', #3664, #469, #6180, .T. ) ;
#96 = PLANE ( 'NONE',  #1346 ) ;
#97 = DIRECTION ( 'NONE',  ( -1.000000000000000000, 0.000000000000000000, 0.000000000000000000 ) ) ;
#98 = VECTOR ( 'NONE', #809, 1000.000000000000227 ) ;
#99 = ORIENTED_EDGE ( 'NONE', *, *, #3639, .T. ) ;
#100 = ORIENTED_EDGE ( 'NONE', *, *, #5200, .F. ) ;
#101 = ORIENTED_EDGE ( 'NONE', *, *, #1528, .F. ) ;
#102 = CARTESIAN_POINT ( 'NONE',  ( 5.524999999999997691, -0.1499999999999963862, -1.474999999999999645 ) ) ;
#103 = DIRECTION ( 'NONE',  ( 0.000000000000000000, 0.000000000000000000, 1.000000000000000000 ) ) ;
#104 = DIRECTION ( 'NONE',  ( 0.000000000000000000, 1.000000000000000000, 0.000000000000000000 ) ) ;
#105 = CARTESIAN_POINT ( 'NONE',  ( 6.000000000000000888, 4.049999999999999822, 2.075000000000000622 ) ) ;
#106 = VECTOR ( 'NONE', #2685, 1000.000000000000000 ) ;
#107 = EDGE_CURVE ( 'NONE', #3865, #6111, #6208, .T. ) ;
#108 = CARTESIAN_POINT ( 'NONE',  ( 2.125000000000000000, 3.399999999999999911, -1.174999999999999822 ) ) ;
#109 = EDGE_CURVE ( 'NONE', #4400, #3530, #3760, .T. ) ;
#110 = LINE ( 'NONE', #4508, #4050 ) ;
#111 = CARTESIAN_POINT ( 'NONE',  ( 2.125000000000000000, 3.399999999999999911, 0.1750000000000001554 ) ) ;
#112 = CARTESIAN_POINT ( 'NONE',  ( 7.875000000000000000, 4.049999999999999822, 0.2749999999999996336 ) ) ;
#113 = ORIENTED_EDGE ( 'NONE', *, *, #594, .T. ) ;
#115 = CARTESIAN_POINT ( 'NONE',  ( 7.375000000000000000, 4.049999999999999822, -1.374999999999997558 ) ) ;
#114 = DIRECTION ( 'NONE',  ( 1.000000000000000000, 0.000000000000000000, -0.000000000000000000 ) ) ;
#116 = DIRECTION ( 'NONE',  ( 0.000000000000000000, -0.000000000000000000, 1.000000000000000000 ) ) ;
#117 = FACE_OUTER_BOUND ( 'NONE', #3537, .T. ) ;
#118 = AXIS2_PLACEMENT_3D ( 'NONE', #2006, #2451, #1589 ) ;
#119 = ORIENTED_EDGE ( 'NONE', *, *, #4742, .T. ) ;
#120 = ORIENTED_EDGE ( 'NONE', *, *, #5889, .F. ) ;
#121 = FACE_OUTER_BOUND ( 'NONE', #1218, .T. ) ;
#122 = LINE ( 'NONE', #579, #3651 ) ;
#123 = FACE_OUTER_BOUND ( 'NONE', #5136, .T. ) ;
#124 = EDGE_CURVE ( 'NONE', #3835, #818, #1349, .T. ) ;
#125 = ORIENTED_EDGE ( 'NONE', *, *, #238, .F. ) ;
#126 = EDGE_LOOP ( 'NONE', ( #781, #1593, #5691, #4215 ) ) ;
#127 = EDGE_LOOP ( 'NONE', ( #3939, #1162, #4950, #5763 ) ) ;
#128 = VERTEX_POINT ( 'NONE', #1383 ) ;
#129 = ADVANCED_FACE ( 'NONE', ( #2399 ), #423, .F. ) ;
#130 = VERTEX_POINT ( 'NONE', #5297 ) ;
#131 = ADVANCED_FACE ( 'NONE', ( #4340 ), #2873, .F. ) ;
#132 = PLANE ( 'NONE',  #914 ) ;
#133 = CARTESIAN_POINT ( 'NONE',  ( 4.274999999999999467, 1.199999999999999734, 0.1750000000000000722 ) ) ;
#134 = LINE ( 'NONE', #1569, #4597 ) ;
#135 = FACE_OUTER_BOUND ( 'NONE', #2167, .T. ) ;
#136 = VECTOR ( 'NONE', #3173, 1000.000000000000000 ) ;
#137 = DIRECTION ( 'NONE',  ( 0.000000000000000000, 0.000000000000000000, 1.000000000000000000 ) ) ;
#138 = ADVANCED_FACE ( 'NONE', ( #4016 ), #5963, .F. ) ;
#139 = ADVANCED_FACE ( 'NONE', ( #76 ), #169, .F. ) ;
#140 = VECTOR ( 'NONE', #5595, 1000.000000000000000 ) ;
#141 = ORIENTED_EDGE ( 'NONE', *, *, #5698, .F. ) ;
#142 = DIRECTION ( 'NONE',  ( 0.000000000000000000, 0.000000000000000000, 1.000000000000000000 ) ) ;
#143 = VECTOR ( 'NONE', #3879, 1000.000000000000000 ) ;
#144 = CARTESIAN_POINT ( 'NONE',  ( 5.375000000000001776, 3.250000000000000000, 0.6750000000000004885 ) ) ;
#145 = CARTESIAN_POINT ( 'NONE',  ( 7.774999999999999467, 2.349999999999999645, 1.675000000000000266 ) ) ;
#146 = ADVANCED_FACE ( 'NONE', ( #4913 ), #132, .F. ) ;
#147 = VERTEX_POINT ( 'NONE', #615 ) ;
#148 = VERTEX_POINT ( 'NONE', #2557 ) ;
#149 = VECTOR ( 'NONE', #4053, 1000.000000000000000 ) ;
#150 = CARTESIAN_POINT ( 'NONE',  ( 6.375000000000000888, 3.950000000000000178, 0.8749999999999996669 ) ) ;
#151 = DIRECTION ( 'NONE',  ( 0.000000000000000000, 0.9284766908852604139, -0.3713906763541011125 ) ) ;
#152 = CARTESIAN_POINT ( 'NONE',  ( 5.724999999999997868, 0.1792893218813484679, -1.745710678118654657 ) ) ;
#153 = VERTEX_POINT ( 'NONE', #2963 ) ;
#154 = ORIENTED_EDGE ( 'NONE', *, *, #5704, .T. ) ;
#155 = ORIENTED_EDGE ( 'NONE', *, *, #5804, .T. ) ;
#156 = VECTOR ( 'NONE', #1626, 1000.000000000000000 ) ;
#157 = VECTOR ( 'NONE', #1033, 1000.000000000000000 ) ;
#158 = DIRECTION ( 'NONE',  ( 0.000000000000000000, -1.000000000000000000, -0.000000000000000000 ) ) ;
#159 = ORIENTED_EDGE ( 'NONE', *, *, #872, .F. ) ;
#160 = DIRECTION ( 'NONE',  ( 1.000000000000000000, -0.000000000000000000, -0.000000000000000000 ) ) ;
#161 = CARTESIAN_POINT ( 'NONE',  ( 2.624999999999999556, 0.5999999999999999778, 1.825000000000000622 ) ) ;
#162 = VERTEX_POINT ( 'NONE', #102 ) ;
#163 = VECTOR ( 'NONE', #2504, 1000.000000000000000 ) ;
#164 = VECTOR ( 'NONE', #4830, 1000.000000000000000 ) ;
#165 = ORIENTED_EDGE ( 'NONE', *, *, #4381, .T. ) ;
#166 = ORIENTED_EDGE ( 'NONE', *, *, #4941, .T. ) ;
#167 = ORIENTED_EDGE ( 'NONE', *, *, #4350, .F. ) ;
#168 = EDGE_CURVE ( 'NONE', #4037, #3145, #4502, .T. ) ;
#169 = PLANE ( 'NONE',  #6000 ) ;
#170 = FACE_OUTER_BOUND ( 'NONE', #5853, .T. ) ;
#171 = DIRECTION ( 'NONE',  ( 0.000000000000000000, 0.7071067811865475727, 0.7071067811865474617 ) ) ;
#172 = PLANE ( 'NONE',  #5733 ) ;
#173 = ORIENTED_EDGE ( 'NONE', *, *, #3044, .F. ) ;
#174 = CARTESIAN_POINT ( 'NONE',  ( 7.375000000000000888, 0.5999999999999999778, 0.2250000000000008105 ) ) ;
#175 = CARTESIAN_POINT ( 'NONE',  ( 6.531793621149187601, 3.050000000000000266, -0.02500000000000021302 ) ) ;
#177 = CARTESIAN_POINT ( 'NONE',  ( 6.531793621149187601, 3.449999999999999289, 0.3749999999999999445 ) ) ;
#176 = CARTESIAN_POINT ( 'NONE',  ( 4.474999999999996980, 0.09999999999999999167, -0.8250000000000010658 ) ) ;
#178 = ORIENTED_EDGE ( 'NONE', *, *, #5316, .F. ) ;
#179 = ORIENTED_EDGE ( 'NONE', *, *, #444, .F. ) ;
#180 = DIRECTION ( 'NONE',  ( -0.000000000000000000, 0.000000000000000000, 1.000000000000000000 ) ) ;
#182 =( NAMED_UNIT ( * ) PLANE_ANGLE_UNIT ( ) SI_UNIT ( $, .RADIAN. ) );
#181 = CARTESIAN_POINT ( 'NONE',  ( 5.524999999999998579, 3.299999999999999822, -0.9349999999999998312 ) ) ;
#183 = CARTESIAN_POINT ( 'NONE',  ( 4.474999999999996980, 0.1000000000000020872, -1.224999999999998312 ) ) ;
#184 = DIRECTION ( 'NONE',  ( -0.000000000000000000, 1.000000000000000000, 5.251604272976699968E-15 ) ) ;
#185 = ADVANCED_FACE ( 'NONE', ( #1535 ), #3951, .T. ) ;
#186 = ORIENTED_EDGE ( 'NONE', *, *, #2002, .F. ) ;
#187 = ORIENTED_EDGE ( 'NONE', *, *, #2664, .T. ) ;
#188 = VERTEX_POINT ( 'NONE', #4465 ) ;
#189 = CARTESIAN_POINT ( 'NONE',  ( 4.474999999999996980, 1.449999999999999956, 0.3750000000000000000 ) ) ;
#190 = FACE_OUTER_BOUND ( 'NONE', #5968, .T. ) ;
#191 = DIRECTION ( 'NONE',  ( 1.000000000000000000, 0.000000000000000000, 0.000000000000000000 ) ) ;
#192 = VECTOR ( 'NONE', #3155, 1000.000000000000000 ) ;
#193 = ORIENTED_EDGE ( 'NONE', *, *, #790, .F. ) ;
#194 = ORIENTED_EDGE ( 'NONE', *, *, #2276, .F. ) ;
#195 = DIRECTION ( 'NONE',  ( 1.000000000000000000, 0.000000000000000000, 0.000000000000000000 ) ) ;
#196 = DIRECTION ( 'NONE',  ( 1.000000000000000000, 0.000000000000000000, 0.000000000000000000 ) ) ;
#197 = VECTOR ( 'NONE', #9, 1000.000000000000114 ) ;
#198 = CARTESIAN_POINT ( 'NONE',  ( 6.974999999999999645, 4.049999999999999822, -1.274999999999999245 ) ) ;
#199 = PLANE ( 'NONE',  #2175 ) ;
#200 = EDGE_LOOP ( 'NONE', ( #5799, #471, #2237, #1943 ) ) ;
#201 = AXIS2_PLACEMENT_3D ( 'NONE', #5173, #2263, #2751 ) ;
#202 = PLANE ( 'NONE',  #5893 ) ;
#203 = DIRECTION ( 'NONE',  ( -1.000000000000000000, -0.000000000000000000, -0.000000000000000000 ) ) ;
#204 = DIRECTION ( 'NONE',  ( 0.000000000000000000, -1.000000000000000000, 0.000000000000000000 ) ) ;
#205 = ORIENTED_EDGE ( 'NONE', *, *, #307, .T. ) ;
#206 = EDGE_CURVE ( 'NONE', #1643, #4714, #995, .T. ) ;
#207 = ADVANCED_FACE ( 'NONE', ( #5429 ), #5011, .F. ) ;
#208 = LINE ( 'NONE', #3710, #4567 ) ;
#210 = CARTESIAN_POINT ( 'NONE',  ( 2.425000000000000266, 0.000000000000000000, 0.2250000000000008105 ) ) ;
#209 = CARTESIAN_POINT ( 'NONE',  ( 3.999999999999999112, 4.049999999999999822, 2.075000000000000622 ) ) ;
#211 = CARTESIAN_POINT ( 'NONE',  ( 2.225000000000000533, 2.349999999999999645, 1.675000000000000266 ) ) ;
#212 = CARTESIAN_POINT ( 'NONE',  ( 7.375000000000000888, 0.000000000000000000, 0.2250000000000008105 ) ) ;
#213 = ORIENTED_EDGE ( 'NONE', *, *, #1354, .F. ) ;
#214 = EDGE_CURVE ( 'NONE', #3970, #6073, #584, .T. ) ;
#215 = EDGE_CURVE ( 'NONE', #4099, #2803, #1475, .T. ) ;
#216 = VERTEX_POINT ( 'NONE', #518 ) ;
#217 = EDGE_LOOP ( 'NONE', ( #3804, #3085, #5991, #1298 ) ) ;
#218 = VERTEX_POINT ( 'NONE', #2458 ) ;
#219 = LINE ( 'NONE', #287, #777 ) ;
#220 = VECTOR ( 'NONE', #4562, 1000.000000000000000 ) ;
#221 = CARTESIAN_POINT ( 'NONE',  ( 3.124999999999999112, -6.123233995736742617E-17, 2.475000000000000089 ) ) ;
#222 = CARTESIAN_POINT ( 'NONE',  ( -6.875000000000000000, 4.000000000000000000, -1.224999999999999645 ) ) ;
#223 = AXIS2_PLACEMENT_3D ( 'NONE', #4205, #1814, #829 ) ;
#224 = VERTEX_POINT ( 'NONE', #3445 ) ;
#225 = EDGE_CURVE ( 'NONE', #2426, #374, #1055, .T. ) ;
#226 = ORIENTED_EDGE ( 'NONE', *, *, #2754, .F. ) ;
#227 = EDGE_LOOP ( 'NONE', ( #273, #5370, #4065, #5578 ) ) ;
#228 = VECTOR ( 'NONE', #3533, 1000.000000000000000 ) ;
#229 = DIRECTION ( 'NONE',  ( 0.7071067811865475727, -0.7071067811865475727, 0.000000000000000000 ) ) ;
#230 = CARTESIAN_POINT ( 'NONE',  ( 2.125000000000000000, 4.049999999999999822, 0.1750000000000002387 ) ) ;
#231 = DIRECTION ( 'NONE',  ( -0.000000000000000000, 1.000000000000000000, -0.000000000000000000 ) ) ;
#232 = DIRECTION ( 'NONE',  ( 0.000000000000000000, -1.251002506714043540E-16, 1.000000000000000000 ) ) ;
#233 = ORIENTED_EDGE ( 'NONE', *, *, #3598, .F. ) ;
#234 = CARTESIAN_POINT ( 'NONE',  ( 0.000000000000000000, 4.049999999999999822, 0.5750000000000010658 ) ) ;
#235 = FACE_OUTER_BOUND ( 'NONE', #264, .T. ) ;
#236 = VECTOR ( 'NONE', #2876, 1000.000000000000000 ) ;
#237 = DIRECTION ( 'NONE',  ( 0.000000000000000000, 0.000000000000000000, -1.000000000000000000 ) ) ;
#238 = EDGE_CURVE ( 'NONE', #306, #72, #42, .T. ) ;
#239 = EDGE_CURVE ( 'NONE', #1879, #666, #1502, .T. ) ;
#240 = VECTOR ( 'NONE', #5725, 1000.000000000000000 ) ;
#241 = VERTEX_POINT ( 'NONE', #3920 ) ;
#242 = VECTOR ( 'NONE', #4778, 1000.000000000000114 ) ;
#243 = LINE ( 'NONE', #3648, #3953 ) ;
#244 = AXIS2_PLACEMENT_3D ( 'NONE', #3907, #1014, #5452 ) ;
#245 = EDGE_CURVE ( 'NONE', #3969, #3299, #5862, .T. ) ;
#247 = CARTESIAN_POINT ( 'NONE',  ( 5.524999999999998579, 1.449999999999999956, -0.02500000000000060854 ) ) ;
#246 = LINE ( 'NONE', #3195, #5747 ) ;
#248 = CARTESIAN_POINT ( 'NONE',  ( -7.875000000000000000, 4.049999999999999822, 2.475000000000000089 ) ) ;
#249 = LINE ( 'NONE', #5634, #4622 ) ;
#250 = ORIENTED_EDGE ( 'NONE', *, *, #3633, .F. ) ;
#251 = ADVANCED_FACE ( 'NONE', ( #2526 ), #2050, .T. ) ;
#252 = ORIENTED_EDGE ( 'NONE', *, *, #514, .T. ) ;
#253 = VECTOR ( 'NONE', #320, 1000.000000000000000 ) ;
#254 = ORIENTED_EDGE ( 'NONE', *, *, #1120, .F. ) ;
#255 = ADVANCED_FACE ( 'NONE', ( #4077 ), #770, .F. ) ;
#256 = VERTEX_POINT ( 'NONE', #4691 ) ;
#257 = LINE ( 'NONE', #2197, #4408 ) ;
#258 = ADVANCED_FACE ( 'NONE', ( #3694 ), #3635, .F. ) ;
#259 = EDGE_CURVE ( 'NONE', #633, #1812, #1759, .T. ) ;
#260 = PLANE ( 'NONE',  #2463 ) ;
#261 = DIRECTION ( 'NONE',  ( -1.000000000000000000, 0.000000000000000000, 0.000000000000000000 ) ) ;
#262 = CARTESIAN_POINT ( 'NONE',  ( 2.425000000000000266, 1.899999999999999911, 1.825000000000000622 ) ) ;
#263 = VERTEX_POINT ( 'NONE', #1625 ) ;
#264 = EDGE_LOOP ( 'NONE', ( #503, #2987, #6071, #3769 ) ) ;
#265 = VECTOR ( 'NONE', #2123, 1000.000000000000000 ) ;
#266 = LINE ( 'NONE', #296, #2038 ) ;
#267 = DIRECTION ( 'NONE',  ( -0.000000000000000000, -0.000000000000000000, -1.000000000000000000 ) ) ;
#268 = DIRECTION ( 'NONE',  ( 1.000000000000000000, 0.000000000000000000, -0.000000000000000000 ) ) ;
#269 = LINE ( 'NONE', #4665, #1555 ) ;
#270 = AXIS2_PLACEMENT_3D ( 'NONE', #4864, #1420, #5214 ) ;
#271 = AXIS2_PLACEMENT_3D ( 'NONE', #6097, #4086, #2630 ) ;
#272 = ADVANCED_FACE ( 'NONE', ( #5994 ), #5144, .F. ) ;
#273 = ORIENTED_EDGE ( 'NONE', *, *, #1560, .T. ) ;
#274 = VECTOR ( 'NONE', #6043, 1000.000000000000000 ) ;
#275 = LINE ( 'NONE', #1668, #1006 ) ;
#276 = LINE ( 'NONE', #1296, #140 ) ;
#277 = CARTESIAN_POINT ( 'NONE',  ( 2.625000000000000444, 3.399999999999999911, -1.174999999999999822 ) ) ;
#278 = ORIENTED_EDGE ( 'NONE', *, *, #214, .T. ) ;
#279 = CARTESIAN_POINT ( 'NONE',  ( -6.875000000000000000, -13.83708784390703705, 0.3750000000000001110 ) ) ;
#281 = CARTESIAN_POINT ( 'NONE',  ( 4.474999999999996980, -0.04999999999999567291, -2.474999999999999645 ) ) ;
#280 = CARTESIAN_POINT ( 'NONE',  ( 5.724999999999997868, 4.049999999999999822, 0.2749999999999994671 ) ) ;
#282 = CARTESIAN_POINT ( 'NONE',  ( 6.452032961426903412, 2.649999999999998135, 1.075000000000000400 ) ) ;
#283 =( LENGTH_UNIT ( ) NAMED_UNIT ( * ) SI_UNIT ( .MILLI., .METRE. ) );
#284 = ORIENTED_EDGE ( 'NONE', *, *, #1066, .T. ) ;
#285 = ORIENTED_EDGE ( 'NONE', *, *, #4656, .T. ) ;
#286 = ORIENTED_EDGE ( 'NONE', *, *, #4495, .T. ) ;
#287 = CARTESIAN_POINT ( 'NONE',  ( 7.875000000000000000, 0.000000000000000000, -0.8249999999999997335 ) ) ;
#288 = CARTESIAN_POINT ( 'NONE',  ( 6.875000000000000000, -13.83708784390703705, -1.174999999999999822 ) ) ;
#289 = CARTESIAN_POINT ( 'NONE',  ( 5.724999999999997868, 0.09999999999999999167, -0.8250000000000010658 ) ) ;
#290 = DIRECTION ( 'NONE',  ( -0.000000000000000000, -1.000000000000000000, -1.355252715606880789E-16 ) ) ;
#291 = ORIENTED_EDGE ( 'NONE', *, *, #535, .T. ) ;
#292 = ORIENTED_EDGE ( 'NONE', *, *, #4969, .T. ) ;
#293 = EDGE_LOOP ( 'NONE', ( #2021, #1474, #355, #1948 ) ) ;
#294 = CLOSED_SHELL ( 'NONE', ( #2701, #3355, #138, #2111, #3812, #2233, #1242 ) ) ;
#295 = EDGE_CURVE ( 'NONE', #2946, #2523, #3117, .T. ) ;
#296 = CARTESIAN_POINT ( 'NONE',  ( 5.724999999999998757, 3.299999999999999822, -0.9349999999999998312 ) ) ;
#297 = CARTESIAN_POINT ( 'NONE',  ( 7.875000000000000000, 0.4999999999999998890, -0.8249999999999997335 ) ) ;
#298 = CARTESIAN_POINT ( 'NONE',  ( 5.724999999999997868, -0.04999999999999568678, -2.474999999999999645 ) ) ;
#299 = STYLED_ITEM ( 'NONE', ( #4608 ), #1148 ) ;
#300 = ORIENTED_EDGE ( 'NONE', *, *, #3729, .F. ) ;
#301 = VECTOR ( 'NONE', #2357, 1000.000000000000000 ) ;
#302 = VECTOR ( 'NONE', #4090, 1000.000000000000000 ) ;
#303 = PLANE ( 'NONE',  #6189 ) ;
#304 = FACE_OUTER_BOUND ( 'NONE', #3399, .T. ) ;
#305 = CARTESIAN_POINT ( 'NONE',  ( 5.724999999999997868, 0.1000000000000020872, -1.224999999999998312 ) ) ;
#306 = VERTEX_POINT ( 'NONE', #4593 ) ;
#307 = EDGE_CURVE ( 'NONE', #1755, #2386, #1149, .T. ) ;
#308 = DIRECTION ( 'NONE',  ( 1.000000000000000000, 0.000000000000000000, 0.000000000000000000 ) ) ;
#310 = CARTESIAN_POINT ( 'NONE',  ( -6.875000000000000000, -13.83708784390703705, -1.174999999999999822 ) ) ;
#309 = LINE ( 'NONE', #2251, #4843 ) ;
#311 = LINE ( 'NONE', #5305, #2402 ) ;
#312 = DIRECTION ( 'NONE',  ( -1.000000000000000000, 0.000000000000000000, 0.000000000000000000 ) ) ;
#313 = ORIENTED_EDGE ( 'NONE', *, *, #4445, .T. ) ;
#314 = ORIENTED_EDGE ( 'NONE', *, *, #524, .T. ) ;
#315 = VERTEX_POINT ( 'NONE', #3181 ) ;
#316 = ORIENTED_EDGE ( 'NONE', *, *, #51, .T. ) ;
#317 = DIRECTION ( 'NONE',  ( 1.000000000000000000, 0.000000000000000000, 0.000000000000000000 ) ) ;
#318 = FACE_OUTER_BOUND ( 'NONE', #4929, .T. ) ;
#319 = DIRECTION ( 'NONE',  ( 0.000000000000000000, -4.336808689941999001E-16, 1.000000000000000000 ) ) ;
#320 = DIRECTION ( 'NONE',  ( -0.000000000000000000, -0.000000000000000000, -1.000000000000000000 ) ) ;
#321 = ADVANCED_FACE ( 'NONE', ( #1657 ), #3563, .F. ) ;
#322 = EDGE_CURVE ( 'NONE', #2486, #4099, #3215, .T. ) ;
#323 = VERTEX_POINT ( 'NONE', #5049 ) ;
#324 = EDGE_LOOP ( 'NONE', ( #3474, #862, #3896, #3193 ) ) ;
#325 = VERTEX_POINT ( 'NONE', #4663 ) ;
#326 = VECTOR ( 'NONE', #104, 1000.000000000000000 ) ;
#327 = DIRECTION ( 'NONE',  ( -1.000000000000000000, 0.000000000000000000, 0.000000000000000000 ) ) ;
#328 =( NAMED_UNIT ( * ) SI_UNIT ( $, .STERADIAN. ) SOLID_ANGLE_UNIT ( ) );
#329 = DIRECTION ( 'NONE',  ( -0.000000000000000000, 2.710505431213761393E-17, 1.000000000000000000 ) ) ;
#330 = EDGE_CURVE ( 'NONE', #1362, #188, #3963, .T. ) ;
#331 = EDGE_CURVE ( 'NONE', #3019, #5951, #803, .T. ) ;
#332 = EDGE_CURVE ( 'NONE', #4739, #2737, #266, .T. ) ;
#333 = CARTESIAN_POINT ( 'NONE',  ( 2.625000000000000444, 3.399999999999999911, 0.1750000000000001554 ) ) ;
#334 = DIRECTION ( 'NONE',  ( -1.000000000000000000, 0.000000000000000000, 0.000000000000000000 ) ) ;
#335 = ADVANCED_FACE ( 'NONE', ( #5557 ), #707, .F. ) ;
#336 = PLANE ( 'NONE',  #67 ) ;
#337 = LINE ( 'NONE', #5246, #2235 ) ;
#339 = DIRECTION ( 'NONE',  ( 0.000000000000000000, 0.000000000000000000, -1.000000000000000000 ) ) ;
#338 = DIRECTION ( 'NONE',  ( -1.000000000000000000, -0.000000000000000000, -0.000000000000000000 ) ) ;
#340 = LINE ( 'NONE', #6160, #774 ) ;
#341 = EDGE_CURVE ( 'NONE', #4714, #5887, #5584, .T. ) ;
#342 = VECTOR ( 'NONE', #6196, 1000.000000000000000 ) ;
#343 = DIRECTION ( 'NONE',  ( 0.000000000000000000, -1.000000000000000000, 0.000000000000000000 ) ) ;
#344 = ORIENTED_EDGE ( 'NONE', *, *, #4033, .F. ) ;
#345 = ADVANCED_FACE ( 'NONE', ( #1693 ), #1220, .F. ) ;
#346 = VERTEX_POINT ( 'NONE', #4143 ) ;
#347 = AXIS2_PLACEMENT_3D ( 'NONE', #1933, #4282, #2826 ) ;
#348 = CARTESIAN_POINT ( 'NONE',  ( 5.724999999999997868, -0.1499999999999963862, -1.474999999999999645 ) ) ;
#349 = VECTOR ( 'NONE', #2816, 1000.000000000000114 ) ;
#350 = FACE_OUTER_BOUND ( 'NONE', #421, .T. ) ;
#351 = CARTESIAN_POINT ( 'NONE',  ( 4.474999999999996980, 0.3500000000000009215, -1.324999999999999512 ) ) ;
#352 = DIRECTION ( 'NONE',  ( 0.000000000000000000, -0.000000000000000000, -1.000000000000000000 ) ) ;
#353 = PRESENTATION_LAYER_ASSIGNMENT (  '', '', ( #1565 ) ) ;
#354 = ORIENTED_EDGE ( 'NONE', *, *, #1532, .T. ) ;
#355 = ORIENTED_EDGE ( 'NONE', *, *, #4925, .F. ) ;
#356 = ORIENTED_EDGE ( 'NONE', *, *, #1572, .F. ) ;
#357 = AXIS2_PLACEMENT_3D ( 'NONE', #5533, #6122, #2728 ) ;
#358 = LINE ( 'NONE', #921, #4083 ) ;
#359 = CARTESIAN_POINT ( 'NONE',  ( 4.274999999999998579, 3.050000000000000266, -0.02500000000000021302 ) ) ;
#360 = FACE_OUTER_BOUND ( 'NONE', #293, .T. ) ;
#361 = ORIENTED_EDGE ( 'NONE', *, *, #5010, .F. ) ;
#362 = PLANE ( 'NONE',  #5875 ) ;
#363 = LINE ( 'NONE', #2303, #4781 ) ;
#364 = AXIS2_PLACEMENT_3D ( 'NONE', #4288, #377, #6289 ) ;
#365 = AXIS2_PLACEMENT_3D ( 'NONE', #211, #1204, #2637 ) ;
#366 = DIRECTION ( 'NONE',  ( -1.000000000000000000, 0.000000000000000000, 1.807003620809174632E-16 ) ) ;
#367 = FACE_OUTER_BOUND ( 'NONE', #1562, .T. ) ;
#368 = VECTOR ( 'NONE', #1100, 1000.000000000000000 ) ;
#369 = DIRECTION ( 'NONE',  ( 1.000000000000000000, -0.000000000000000000, -0.000000000000000000 ) ) ;
#370 = LINE ( 'NONE', #5304, #2092 ) ;
#371 = DIRECTION ( 'NONE',  ( 0.000000000000000000, 0.000000000000000000, -1.000000000000000000 ) ) ;
#372 = DIRECTION ( 'NONE',  ( -0.000000000000000000, 0.000000000000000000, 1.000000000000000000 ) ) ;
#373 = ORIENTED_EDGE ( 'NONE', *, *, #4931, .F. ) ;
#374 = VERTEX_POINT ( 'NONE', #6086 ) ;
#375 = ORIENTED_EDGE ( 'NONE', *, *, #3517, .T. ) ;
#376 = ORIENTED_EDGE ( 'NONE', *, *, #5605, .T. ) ;
#378 = LINE ( 'NONE', #408, #240 ) ;
#377 = DIRECTION ( 'NONE',  ( -0.7071067811865444641, 0.000000000000000000, 0.7071067811865505703 ) ) ;
#379 = LINE ( 'NONE', #1839, #5536 ) ;
#380 = PLANE ( 'NONE',  #1669 ) ;
#381 = DIRECTION ( 'NONE',  ( 0.000000000000000000, 0.000000000000000000, 1.000000000000000000 ) ) ;
#382 = ORIENTED_EDGE ( 'NONE', *, *, #4057, .T. ) ;
#383 = ORIENTED_EDGE ( 'NONE', *, *, #2406, .T. ) ;
#384 = ORIENTED_EDGE ( 'NONE', *, *, #3919, .T. ) ;
#385 = EDGE_LOOP ( 'NONE', ( #5142, #1666, #2884, #2372 ) ) ;
#386 = LINE ( 'NONE', #1784, #1545 ) ;
#387 = CARTESIAN_POINT ( 'NONE',  ( 5.524999999999998579, 1.449999999999999956, -1.224999999999999645 ) ) ;
#388 = DIRECTION ( 'NONE',  ( 0.000000000000000000, -1.000000000000000000, 2.710505431213761393E-17 ) ) ;
#389 = ORIENTED_EDGE ( 'NONE', *, *, #874, .T. ) ;
#390 = CARTESIAN_POINT ( 'NONE',  ( 4.124999999999999112, 3.950000000000000178, 0.3750000000000001110 ) ) ;
#391 = LINE ( 'NONE', #6244, #98 ) ;
#392 = AXIS2_PLACEMENT_3D ( 'NONE', #1968, #1550, #5378 ) ;
#393 = CARTESIAN_POINT ( 'NONE',  ( 5.374999999999999112, 1.199999999999999734, 0.1750000000000000999 ) ) ;
#394 = EDGE_LOOP ( 'NONE', ( #2169, #4521, #4237, #2885 ) ) ;
#395 = VECTOR ( 'NONE', #1991, 1000.000000000000000 ) ;
#396 = CARTESIAN_POINT ( 'NONE',  ( 4.274999999999999467, 4.049999999999999822, 0.2749999999999994116 ) ) ;
#397 = CARTESIAN_POINT ( 'NONE',  ( 7.875000000000000000, 1.999999999999999112, 2.475000000000000089 ) ) ;
#398 = VECTOR ( 'NONE', #5830, 1000.000000000000000 ) ;
#399 = CARTESIAN_POINT ( 'NONE',  ( 7.375000000000000888, 1.899999999999999911, 1.825000000000000622 ) ) ;
#400 = EDGE_CURVE ( 'NONE', #911, #1430, #1722, .T. ) ;
#401 = LINE ( 'NONE', #2282, #4825 ) ;
#402 = ADVANCED_FACE ( 'NONE', ( #5290 ), #4234, .F. ) ;
#403 = EDGE_LOOP ( 'NONE', ( #300, #1927, #3497, #6193, #5063, #6072, #4261, #4424, #4666, #5793, #2682, #6179, #100, #3466, #6083 ) ) ;
#404 = ORIENTED_EDGE ( 'NONE', *, *, #4417, .T. ) ;
#405 = VERTEX_POINT ( 'NONE', #1341 ) ;
#406 = ADVANCED_FACE ( 'NONE', ( #3781 ), #1374, .F. ) ;
#408 = CARTESIAN_POINT ( 'NONE',  ( 4.274999999999998579, 3.299999999999999822, -0.7749999999999999112 ) ) ;
#407 = DIRECTION ( 'NONE',  ( 1.000000000000000000, 0.000000000000000000, 4.336808689942021680E-16 ) ) ;
#409 = VECTOR ( 'NONE', #1187, 1000.000000000000000 ) ;
#410 = DIRECTION ( 'NONE',  ( 0.000000000000000000, -1.000000000000000000, -2.456395547037470490E-16 ) ) ;
#411 = DIRECTION ( 'NONE',  ( 0.000000000000000000, 5.251604272976699179E-15, -1.000000000000000000 ) ) ;
#412 = EDGE_CURVE ( 'NONE', #2986, #4708, #358, .T. ) ;
#413 = EDGE_CURVE ( 'NONE', #5124, #5466, #5706, .T. ) ;
#414 = DIRECTION ( 'NONE',  ( -1.000000000000000000, 0.000000000000000000, 0.000000000000000000 ) ) ;
#415 = VERTEX_POINT ( 'NONE', #4332 ) ;
#416 = ORIENTED_EDGE ( 'NONE', *, *, #2359, .T. ) ;
#417 = CARTESIAN_POINT ( 'NONE',  ( 5.724999999999997868, 4.049999999999999822, 0.1750000000000000722 ) ) ;
#418 = CARTESIAN_POINT ( 'NONE',  ( 6.275000000000001243, 4.049999999999999822, 0.000000000000000000 ) ) ;
#419 = CARTESIAN_POINT ( 'NONE',  ( 5.524999999999997691, 0.4999999999999998890, -0.8249999999999997335 ) ) ;
#420 = EDGE_CURVE ( 'NONE', #4860, #5389, #6175, .T. ) ;
#421 = EDGE_LOOP ( 'NONE', ( #4551, #1154, #3083, #4116 ) ) ;
#422 = ORIENTED_EDGE ( 'NONE', *, *, #5254, .F. ) ;
#423 = PLANE ( 'NONE',  #812 ) ;
#424 = CARTESIAN_POINT ( 'NONE',  ( 7.375000000000000000, 3.399999999999999911, -0.3249999999999995670 ) ) ;
#425 = CARTESIAN_POINT ( 'NONE',  ( 2.625000000000000444, 1.800000000000000044, -1.175000000000000044 ) ) ;
#426 = LINE ( 'NONE', #3254, #1487 ) ;
#427 = AXIS2_PLACEMENT_3D ( 'NONE', #4454, #94, #3433 ) ;
#428 = ORIENTED_EDGE ( 'NONE', *, *, #2708, .T. ) ;
#429 = CARTESIAN_POINT ( 'NONE',  ( 7.875000000000000000, 1.800000000000000044, -1.774999999999999689 ) ) ;
#430 = FACE_OUTER_BOUND ( 'NONE', #2540, .T. ) ;
#431 = PLANE ( 'NONE',  #2713 ) ;
#432 = EDGE_CURVE ( 'NONE', #4361, #3623, #950, .T. ) ;
#433 = CARTESIAN_POINT ( 'NONE',  ( 7.375000000000000000, 2.899999999999999911, 0.1750000000000002387 ) ) ;
#434 = ADVANCED_FACE ( 'NONE', ( #4813 ), #2867, .F. ) ;
#435 = ORIENTED_EDGE ( 'NONE', *, *, #4965, .T. ) ;
#436 = VERTEX_POINT ( 'NONE', #4750 ) ;
#437 = EDGE_CURVE ( 'NONE', #5859, #1709, #4785, .T. ) ;
#439 = CARTESIAN_POINT ( 'NONE',  ( 2.125000000000000000, 2.349999999999999645, 0.6750000000000002665 ) ) ;
#438 = PLANE ( 'NONE',  #1782 ) ;
#440 = DIRECTION ( 'NONE',  ( -0.000000000000000000, -0.000000000000000000, 1.000000000000000000 ) ) ;
#441 = CARTESIAN_POINT ( 'NONE',  ( 0.000000000000000000, 0.000000000000000000, 0.000000000000000000 ) ) ;
#442 = CARTESIAN_POINT ( 'NONE',  ( 7.774999999999999467, 4.049999999999999822, 1.675000000000000266 ) ) ;
#443 = VECTOR ( 'NONE', #3120, 999.9999999999998863 ) ;
#444 = EDGE_CURVE ( 'NONE', #1789, #2516, #3368, .T. ) ;
#445 = EDGE_LOOP ( 'NONE', ( #5329, #4659, #698, #2396 ) ) ;
#446 = ORIENTED_EDGE ( 'NONE', *, *, #5889, .T. ) ;
#447 = ORIENTED_EDGE ( 'NONE', *, *, #3157, .T. ) ;
#448 = EDGE_CURVE ( 'NONE', #2293, #4949, #889, .T. ) ;
#449 = VECTOR ( 'NONE', #5076, 1000.000000000000000 ) ;
#450 = DIRECTION ( 'NONE',  ( 0.000000000000000000, -0.7071067811865545671, 0.7071067811865405783 ) ) ;
#451 = CARTESIAN_POINT ( 'NONE',  ( 3.999999999999999112, 4.049999999999999822, 2.175000000000000711 ) ) ;
#452 = CARTESIAN_POINT ( 'NONE',  ( 4.274999999999998579, 1.577500000000001235, -1.577499999999999902 ) ) ;
#453 = VERTEX_POINT ( 'NONE', #3817 ) ;
#454 = ORIENTED_EDGE ( 'NONE', *, *, #2798, .T. ) ;
#455 = LINE ( 'NONE', #488, #4762 ) ;
#456 = DIRECTION ( 'NONE',  ( -1.000000000000000000, 0.000000000000000000, 0.000000000000000000 ) ) ;
#457 =( LENGTH_UNIT ( ) NAMED_UNIT ( * ) SI_UNIT ( .MILLI., .METRE. ) );
#458 = DIRECTION ( 'NONE',  ( 0.000000000000000000, 0.000000000000000000, 1.000000000000000000 ) ) ;
#459 = EDGE_CURVE ( 'NONE', #6010, #325, #4266, .T. ) ;
#460 = CARTESIAN_POINT ( 'NONE',  ( 2.425000000000000266, 0.000000000000000000, 0.2250000000000008105 ) ) ;
#461 = ORIENTED_EDGE ( 'NONE', *, *, #6084, .T. ) ;
#462 = VECTOR ( 'NONE', #5524, 1000.000000000000000 ) ;
#463 = DIRECTION ( 'NONE',  ( -0.000000000000000000, 0.000000000000000000, 1.000000000000000000 ) ) ;
#464 = LINE ( 'NONE', #2824, #972 ) ;
#465 = DIRECTION ( 'NONE',  ( 0.000000000000000000, 5.251604272976699179E-15, -1.000000000000000000 ) ) ;
#466 = CARTESIAN_POINT ( 'NONE',  ( 5.524999999999998579, 1.199999999999999734, 0.1750000000000000722 ) ) ;
#467 = VECTOR ( 'NONE', #5684, 1000.000000000000000 ) ;
#468 = VECTOR ( 'NONE', #2942, 1000.000000000000000 ) ;
#469 = VERTEX_POINT ( 'NONE', #4846 ) ;
#470 = VERTEX_POINT ( 'NONE', #6141 ) ;
#471 = ORIENTED_EDGE ( 'NONE', *, *, #1452, .F. ) ;
#473 = LINE ( 'NONE', #2414, #3033 ) ;
#472 = LINE ( 'NONE', #2377, #5348 ) ;
#474 = CARTESIAN_POINT ( 'NONE',  ( 5.724999999999998757, 1.449999999999999956, -0.7749999999999999112 ) ) ;
#475 = CARTESIAN_POINT ( 'NONE',  ( 7.875000000000000000, 4.049999999999999822, 1.675000000000000266 ) ) ;
#476 = DIRECTION ( 'NONE',  ( -1.000000000000000000, -0.000000000000000000, -0.000000000000000000 ) ) ;
#477 = EDGE_LOOP ( 'NONE', ( #1508, #382, #3379, #71, #3481, #3262, #478, #3670, #4592, #3387, #291, #6011, #4973, #1523, #6192, #2620, #1916, #4795, #547, #1974, #1275, #2801, #5009, #2149 ) ) ;
#478 = ORIENTED_EDGE ( 'NONE', *, *, #4183, .T. ) ;
#479 = ORIENTED_EDGE ( 'NONE', *, *, #1858, .T. ) ;
#480 = DIRECTION ( 'NONE',  ( 1.000000000000000000, -0.000000000000000000, -0.000000000000000000 ) ) ;
#481 = CARTESIAN_POINT ( 'NONE',  ( 2.125000000000000000, 0.4999999999999998890, -1.574999999999999512 ) ) ;
#482 = DIRECTION ( 'NONE',  ( -1.000000000000000000, -0.000000000000000000, -0.000000000000000000 ) ) ;
#483 = ORIENTED_EDGE ( 'NONE', *, *, #3024, .F. ) ;
#484 = ORIENTED_EDGE ( 'NONE', *, *, #2397, .T. ) ;
#485 = EDGE_CURVE ( 'NONE', #3213, #4233, #386, .T. ) ;
#486 = VERTEX_POINT ( 'NONE', #5734 ) ;
#487 = ORIENTED_EDGE ( 'NONE', *, *, #4184, .F. ) ;
#488 = CARTESIAN_POINT ( 'NONE',  ( 7.781793621149187601, 1.449999999999999956, 0.3750000000000000000 ) ) ;
#489 = CARTESIAN_POINT ( 'NONE',  ( 4.274999999999997691, 0.1500000000000032419, -2.474999999999999645 ) ) ;
#490 = PLANE ( 'NONE',  #4983 ) ;
#491 = DIRECTION ( 'NONE',  ( 0.000000000000000000, -1.000000000000000000, 0.000000000000000000 ) ) ;
#492 = DIRECTION ( 'NONE',  ( 0.000000000000000000, 1.000000000000000000, 0.000000000000000000 ) ) ;
#493 = EDGE_CURVE ( 'NONE', #470, #4996, #3304, .T. ) ;
#494 = ORIENTED_EDGE ( 'NONE', *, *, #3718, .F. ) ;
#495 = ORIENTED_EDGE ( 'NONE', *, *, #3310, .F. ) ;
#496 = FACE_OUTER_BOUND ( 'NONE', #2775, .T. ) ;
#497 = CARTESIAN_POINT ( 'NONE',  ( 4.474999999999996980, 0.3500000000000009215, -1.324999999999999512 ) ) ;
#498 = FACE_OUTER_BOUND ( 'NONE', #5354, .T. ) ;
#499 = CARTESIAN_POINT ( 'NONE',  ( 4.624999999999998224, 1.449999999999999956, 0.1750000000000000999 ) ) ;
#500 = AXIS2_PLACEMENT_3D ( 'NONE', #4797, #463, #5182 ) ;
#501 = ORIENTED_EDGE ( 'NONE', *, *, #3547, .T. ) ;
#502 = ADVANCED_FACE ( 'NONE', ( #6203 ), #3245, .F. ) ;
#503 = ORIENTED_EDGE ( 'NONE', *, *, #6144, .F. ) ;
#504 = VECTOR ( 'NONE', #896, 1000.000000000000000 ) ;
#506 = CARTESIAN_POINT ( 'NONE',  ( 2.125000000000000000, 2.349999999999999645, 1.675000000000000266 ) ) ;
#505 = CARTESIAN_POINT ( 'NONE',  ( 4.274999999999999467, 4.049999999999999822, -1.174999999999999822 ) ) ;
#507 = DIRECTION ( 'NONE',  ( -0.7071067811865460184, 0.000000000000000000, 0.7071067811865490160 ) ) ;
#508 = ORIENTED_EDGE ( 'NONE', *, *, #2715, .T. ) ;
#509 = ORIENTED_EDGE ( 'NONE', *, *, #4338, .T. ) ;
#510 = VECTOR ( 'NONE', #5395, 1000.000000000000000 ) ;
#511 = CARTESIAN_POINT ( 'NONE',  ( 5.524999999999998579, 3.050000000000000266, -0.1050000000000000655 ) ) ;
#512 = LINE ( 'NONE', #2009, #1035 ) ;
#513 = CARTESIAN_POINT ( 'NONE',  ( 6.531793621149187601, 1.577500000000001235, -1.577499999999999902 ) ) ;
#514 = EDGE_CURVE ( 'NONE', #3145, #5757, #5764, .T. ) ;
#515 = ORIENTED_EDGE ( 'NONE', *, *, #4179, .F. ) ;
#516 = ORIENTED_EDGE ( 'NONE', *, *, #1540, .F. ) ;
#517 = EDGE_CURVE ( 'NONE', #1015, #1337, #2356, .T. ) ;
#518 = CARTESIAN_POINT ( 'NONE',  ( 5.375000000000001776, 3.250000000000000000, 0.6750000000000004885 ) ) ;
#519 = CARTESIAN_POINT ( 'NONE',  ( 7.575000000000000178, 0.5999999999999999778, 0.2250000000000008105 ) ) ;
#520 = PLANE ( 'NONE',  #5881 ) ;
#521 =( NAMED_UNIT ( * ) SI_UNIT ( $, .STERADIAN. ) SOLID_ANGLE_UNIT ( ) );
#522 = DIRECTION ( 'NONE',  ( 0.000000000000000000, 0.000000000000000000, 1.000000000000000000 ) ) ;
#523 = EDGE_CURVE ( 'NONE', #148, #1656, #5820, .T. ) ;
#524 = EDGE_CURVE ( 'NONE', #4168, #4401, #578, .T. ) ;
#525 = ORIENTED_EDGE ( 'NONE', *, *, #5589, .T. ) ;
#526 = VECTOR ( 'NONE', #2211, 1000.000000000000000 ) ;
#527 = ADVANCED_FACE ( 'NONE', ( #1554 ), #1018, .F. ) ;
#528 = ADVANCED_FACE ( 'NONE', ( #121 ), #3499, .F. ) ;
#529 = DIRECTION ( 'NONE',  ( -0.5773502691896257311, 0.5773502691896257311, 0.5773502691896257311 ) ) ;
#530 = DIRECTION ( 'NONE',  ( 1.000000000000000000, 0.000000000000000000, 0.000000000000000000 ) ) ;
#531 = PLANE ( 'NONE',  #2093 ) ;
#532 = DIRECTION ( 'NONE',  ( -1.000000000000000000, -0.000000000000000000, -0.000000000000000000 ) ) ;
#533 = ORIENTED_EDGE ( 'NONE', *, *, #723, .T. ) ;
#534 = AXIS2_PLACEMENT_3D ( 'NONE', #672, #700, #5580 ) ;
#535 = EDGE_CURVE ( 'NONE', #4893, #1879, #3049, .T. ) ;
#537 = LINE ( 'NONE', #2980, #3128 ) ;
#536 = LINE ( 'NONE', #4966, #3916 ) ;
#538 = LINE ( 'NONE', #2513, #4407 ) ;
#539 = PRESENTATION_STYLE_ASSIGNMENT (( #5981 ) ) ;
#540 = EDGE_CURVE ( 'NONE', #3830, #1656, #3877, .T. ) ;
#541 = ORIENTED_EDGE ( 'NONE', *, *, #6133, .F. ) ;
#542 = VERTEX_POINT ( 'NONE', #511 ) ;
#543 = FACE_OUTER_BOUND ( 'NONE', #2140, .T. ) ;
#544 = VECTOR ( 'NONE', #1955, 1000.000000000000000 ) ;
#545 = LINE ( 'NONE', #2991, #4466 ) ;
#546 = PLANE ( 'NONE',  #2793 ) ;
#547 = ORIENTED_EDGE ( 'NONE', *, *, #4184, .T. ) ;
#548 = AXIS2_PLACEMENT_3D ( 'NONE', #3265, #5257, #882 ) ;
#549 = ORIENTED_EDGE ( 'NONE', *, *, #4667, .F. ) ;
#550 = ORIENTED_EDGE ( 'NONE', *, *, #2970, .T. ) ;
#551 = EDGE_LOOP ( 'NONE', ( #825, #3270, #4133, #4557 ) ) ;
#552 = VECTOR ( 'NONE', #4746, 1000.000000000000000 ) ;
#553 = VECTOR ( 'NONE', #599, 1000.000000000000000 ) ;
#554 = DIRECTION ( 'NONE',  ( 1.000000000000000000, 0.000000000000000000, 0.000000000000000000 ) ) ;
#555 = CARTESIAN_POINT ( 'NONE',  ( 3.025000000000005240, 4.049999999999999822, -1.775000000000000355 ) ) ;
#556 = PLANE ( 'NONE',  #4718 ) ;
#557 = DIRECTION ( 'NONE',  ( 3.336006684570783101E-16, 1.000000000000000000, -0.000000000000000000 ) ) ;
#558 = AXIS2_PLACEMENT_3D ( 'NONE', #1479, #2937, #3236 ) ;
#559 = ORIENTED_EDGE ( 'NONE', *, *, #6247, .F. ) ;
#560 = FACE_OUTER_BOUND ( 'NONE', #5227, .T. ) ;
#561 = CARTESIAN_POINT ( 'NONE',  ( 2.375000000000000444, 2.899999999999999911, -0.3249999999999997891 ) ) ;
#562 = DIRECTION ( 'NONE',  ( -1.000000000000000000, 0.000000000000000000, 0.000000000000000000 ) ) ;
#563 = DIRECTION ( 'NONE',  ( -1.000000000000000000, 0.000000000000000000, 0.000000000000000000 ) ) ;
#564 = VERTEX_POINT ( 'NONE', #1525 ) ;
#565 = VECTOR ( 'NONE', #2511, 1000.000000000000000 ) ;
#566 = ADVANCED_FACE ( 'NONE', ( #2989 ), #2066, .T. ) ;
#568 = FACE_OUTER_BOUND ( 'NONE', #5483, .T. ) ;
#567 = CARTESIAN_POINT ( 'NONE',  ( 5.524999999999998579, 3.299999999999999822, -0.7749999999999999112 ) ) ;
#569 = DIRECTION ( 'NONE',  ( -0.000000000000000000, 0.7071067811865545671, -0.7071067811865405783 ) ) ;
#570 = VECTOR ( 'NONE', #1363, 1000.000000000000000 ) ;
#571 = VECTOR ( 'NONE', #3961, 1000.000000000000000 ) ;
#572 = ORIENTED_EDGE ( 'NONE', *, *, #5271, .T. ) ;
#573 = VECTOR ( 'NONE', #3940, 1000.000000000000000 ) ;
#574 = ORIENTED_EDGE ( 'NONE', *, *, #1836, .T. ) ;
#575 = ORIENTED_EDGE ( 'NONE', *, *, #907, .F. ) ;
#576 = VECTOR ( 'NONE', #2729, 1000.000000000000000 ) ;
#577 = ADVANCED_FACE ( 'NONE', ( #543 ), #3468, .T. ) ;
#578 = LINE ( 'NONE', #607, #1849 ) ;
#579 = CARTESIAN_POINT ( 'NONE',  ( 7.474999999999997868, 1.800000000000000044, -1.274999999999999245 ) ) ;
#580 = LINE ( 'NONE', #5822, #654 ) ;
#581 = ORIENTED_EDGE ( 'NONE', *, *, #3437, .F. ) ;
#582 = ORIENTED_EDGE ( 'NONE', *, *, #2968, .F. ) ;
#583 = ORIENTED_EDGE ( 'NONE', *, *, #2474, .F. ) ;
#584 = LINE ( 'NONE', #3057, #1731 ) ;
#585 = DIRECTION ( 'NONE',  ( 0.000000000000000000, 0.000000000000000000, -1.000000000000000000 ) ) ;
#586 = CARTESIAN_POINT ( 'NONE',  ( 0.000000000000000000, 4.049999999999999822, 0.000000000000000000 ) ) ;
#587 = DIRECTION ( 'NONE',  ( 0.000000000000000000, -1.000000000000000000, -3.252606517456514091E-15 ) ) ;
#588 = ORIENTED_EDGE ( 'NONE', *, *, #3640, .F. ) ;
#589 = ORIENTED_EDGE ( 'NONE', *, *, #1652, .T. ) ;
#590 = CARTESIAN_POINT ( 'NONE',  ( 2.375000000000000444, 2.899999999999999911, 0.1750000000000002387 ) ) ;
#591 = CARTESIAN_POINT ( 'NONE',  ( 6.275000000000001243, 4.049999999999999822, 0.9749999999999990896 ) ) ;
#592 = PLANE ( 'NONE',  #2295 ) ;
#593 = CLOSED_SHELL ( 'NONE', ( #4651, #3347, #1377, #4769, #4011, #1084, #5670, #904, #3249, #5977, #5969, #6227, #2314, #3230, #2313 ) ) ;
#594 = EDGE_CURVE ( 'NONE', #2894, #2037, #32, .T. ) ;
#596 = LINE ( 'NONE', #2542, #2434 ) ;
#595 = CARTESIAN_POINT ( 'NONE',  ( 4.474999999999996980, 0.4999999999999998890, -0.8249999999999997335 ) ) ;
#597 = DIRECTION ( 'NONE',  ( -1.000000000000000000, 0.000000000000000000, 0.000000000000000000 ) ) ;
#598 = EDGE_CURVE ( 'NONE', #602, #954, #2, .T. ) ;
#599 = DIRECTION ( 'NONE',  ( 0.000000000000000000, 0.000000000000000000, -1.000000000000000000 ) ) ;
#600 = VECTOR ( 'NONE', #5410, 1000.000000000000000 ) ;
#601 = EDGE_CURVE ( 'NONE', #1588, #5403, #4491, .T. ) ;
#602 = VERTEX_POINT ( 'NONE', #1466 ) ;
#603 = VERTEX_POINT ( 'NONE', #3910 ) ;
#604 = VECTOR ( 'NONE', #5459, 1000.000000000000000 ) ;
#605 = AXIS2_PLACEMENT_3D ( 'NONE', #782, #2731, #4673 ) ;
#606 = ORIENTED_EDGE ( 'NONE', *, *, #514, .F. ) ;
#607 = CARTESIAN_POINT ( 'NONE',  ( 7.781793621149187601, 3.449999999999999734, 0.2950000000000000400 ) ) ;
#608 = EDGE_CURVE ( 'NONE', #1338, #1789, #5855, .T. ) ;
#609 = FACE_OUTER_BOUND ( 'NONE', #4930, .T. ) ;
#610 = LINE ( 'NONE', #3436, #1869 ) ;
#611 = ORIENTED_EDGE ( 'NONE', *, *, #3591, .T. ) ;
#612 = ORIENTED_EDGE ( 'NONE', *, *, #5476, .F. ) ;
#613 = EDGE_LOOP ( 'NONE', ( #4265, #1239, #1329, #286 ) ) ;
#614 = ORIENTED_EDGE ( 'NONE', *, *, #735, .F. ) ;
#615 = CARTESIAN_POINT ( 'NONE',  ( 5.724999999999998757, 4.000000000000000000, -1.224999999999999645 ) ) ;
#616 = CARTESIAN_POINT ( 'NONE',  ( 7.875000000000000000, 0.4999999999999998890, -1.574999999999999512 ) ) ;
#617 = FILL_AREA_STYLE_COLOUR ( '', #4392 ) ;
#618 = EDGE_CURVE ( 'NONE', #2374, #5391, #5920, .T. ) ;
#619 = FACE_BOUND ( 'NONE', #1758, .T. ) ;
#620 = AXIS2_PLACEMENT_3D ( 'NONE', #2652, #229, #4111 ) ;
#621 = PLANE ( 'NONE',  #4724 ) ;
#622 = CARTESIAN_POINT ( 'NONE',  ( 6.275000000000001243, 4.049999999999999822, 0.4749999999999995337 ) ) ;
#623 = DIRECTION ( 'NONE',  ( 1.000000000000000000, 0.000000000000000000, 1.807003620809174632E-16 ) ) ;
#624 = LINE ( 'NONE', #5598, #5753 ) ;
#625 = VERTEX_POINT ( 'NONE', #2488 ) ;
#626 = ORIENTED_EDGE ( 'NONE', *, *, #2468, .F. ) ;
#627 = AXIS2_PLACEMENT_3D ( 'NONE', #3509, #646, #2528 ) ;
#629 = LINE ( 'NONE', #1580, #1813 ) ;
#628 = CARTESIAN_POINT ( 'NONE',  ( 2.624999999999999556, 1.899999999999999689, 2.375000000000000888 ) ) ;
#630 = EDGE_CURVE ( 'NONE', #5337, #5194, #4974, .T. ) ;
#631 = CARTESIAN_POINT ( 'NONE',  ( 5.524999999999998579, 1.199999999999999734, 0.1750000000000000722 ) ) ;
#632 = VECTOR ( 'NONE', #4396, 1000.000000000000000 ) ;
#633 = VERTEX_POINT ( 'NONE', #4425 ) ;
#634 = EDGE_CURVE ( 'NONE', #4432, #4005, #4943, .T. ) ;
#635 = ORIENTED_EDGE ( 'NONE', *, *, #5202, .T. ) ;
#636 = FACE_OUTER_BOUND ( 'NONE', #4326, .T. ) ;
#637 = CARTESIAN_POINT ( 'NONE',  ( 4.474999999999998757, 2.899999999999999023, -0.7750000000000006883 ) ) ;
#638 = DIRECTION ( 'NONE',  ( 1.000000000000000000, 0.000000000000000000, -0.000000000000000000 ) ) ;
#639 = ORIENTED_EDGE ( 'NONE', *, *, #872, .T. ) ;
#640 = ORIENTED_EDGE ( 'NONE', *, *, #3430, .F. ) ;
#641 = EDGE_CURVE ( 'NONE', #415, #3465, #5888, .T. ) ;
#642 = ORIENTED_EDGE ( 'NONE', *, *, #437, .F. ) ;
#643 = ORIENTED_EDGE ( 'NONE', *, *, #1229, .T. ) ;
#644 = CARTESIAN_POINT ( 'NONE',  ( 2.125000000000000000, 0.000000000000000000, -0.8249999999999997335 ) ) ;
#645 = PLANE ( 'NONE',  #669 ) ;
#646 = DIRECTION ( 'NONE',  ( -1.000000000000000000, -0.000000000000000000, 0.000000000000000000 ) ) ;
#647 = FACE_OUTER_BOUND ( 'NONE', #1407, .T. ) ;
#648 = VECTOR ( 'NONE', #2349, 1000.000000000000000 ) ;
#649 = VECTOR ( 'NONE', #3232, 1000.000000000000000 ) ;
#650 = VECTOR ( 'NONE', #6026, 1000.000000000000000 ) ;
#651 = ORIENTED_EDGE ( 'NONE', *, *, #5402, .T. ) ;
#652 = ORIENTED_EDGE ( 'NONE', *, *, #5804, .F. ) ;
#653 = CARTESIAN_POINT ( 'NONE',  ( 7.875000000000000000, 1.899999999999999689, 2.375000000000000888 ) ) ;
#654 = VECTOR ( 'NONE', #4365, 1000.000000000000000 ) ;
#655 = EDGE_CURVE ( 'NONE', #153, #4394, #1085, .T. ) ;
#656 = DIRECTION ( 'NONE',  ( 0.000000000000000000, 1.000000000000000000, 0.000000000000000000 ) ) ;
#658 = LINE ( 'NONE', #1160, #2817 ) ;
#657 = DIRECTION ( 'NONE',  ( -1.000000000000000000, 0.000000000000000000, 1.807003620809174632E-16 ) ) ;
#659 = VECTOR ( 'NONE', #844, 1000.000000000000000 ) ;
#660 = DIRECTION ( 'NONE',  ( 0.000000000000000000, -3.336006684570783101E-16, 1.000000000000000000 ) ) ;
#662 = CARTESIAN_POINT ( 'NONE',  ( 4.624999999999998224, 3.250000000000000000, 0.6750000000000004885 ) ) ;
#661 = CARTESIAN_POINT ( 'NONE',  ( 4.275000000000000355, 3.950000000000000178, 0.3750000000000001110 ) ) ;
#663 = CARTESIAN_POINT ( 'NONE',  ( 5.524999999999997691, 0.3000000000000008771, -1.374999999999999778 ) ) ;
#664 = FACE_OUTER_BOUND ( 'NONE', #2327, .T. ) ;
#665 = ORIENTED_EDGE ( 'NONE', *, *, #2044, .F. ) ;
#666 = VERTEX_POINT ( 'NONE', #6076 ) ;
#667 = ORIENTED_EDGE ( 'NONE', *, *, #1262, .T. ) ;
#668 = ORIENTED_EDGE ( 'NONE', *, *, #4851, .F. ) ;
#669 = AXIS2_PLACEMENT_3D ( 'NONE', #133, #4144, #3601 ) ;
#670 = VECTOR ( 'NONE', #3681, 1000.000000000000114 ) ;
#671 = CARTESIAN_POINT ( 'NONE',  ( 0.000000000000000000, 0.000000000000000000, 0.000000000000000000 ) ) ;
#672 = CARTESIAN_POINT ( 'NONE',  ( 4.330089135474556095, 1.899999999999999689, 2.475000000000000533 ) ) ;
#673 = DIRECTION ( 'NONE',  ( 0.000000000000000000, 0.000000000000000000, -1.000000000000000000 ) ) ;
#674 = EDGE_LOOP ( 'NONE', ( #4353, #5824, #4082, #2427 ) ) ;
#675 = VECTOR ( 'NONE', #5867, 1000.000000000000000 ) ;
#676 = EDGE_LOOP ( 'NONE', ( #2226, #5529, #3018, #5582 ) ) ;
#677 = VERTEX_POINT ( 'NONE', #2578 ) ;
#678 = ORIENTED_EDGE ( 'NONE', *, *, #3123, .T. ) ;
#679 = CARTESIAN_POINT ( 'NONE',  ( 4.274999999999997691, -0.04999999999999636680, -2.375000000000000000 ) ) ;
#680 = CARTESIAN_POINT ( 'NONE',  ( 6.974999999999995204, 4.049999999999999822, -1.775000000000000355 ) ) ;
#681 = CARTESIAN_POINT ( 'NONE',  ( 2.625000000000000444, 4.049999999999999822, 0.1750000000000002387 ) ) ;
#682 = EDGE_CURVE ( 'NONE', #2803, #3170, #5130, .T. ) ;
#683 = EDGE_CURVE ( 'NONE', #4841, #263, #2645, .T. ) ;
#684 = CARTESIAN_POINT ( 'NONE',  ( 4.474999999999996980, -0.04999999999999636680, -2.375000000000000000 ) ) ;
#685 = PLANE ( 'NONE',  #2067 ) ;
#686 = ADVANCED_FACE ( 'NONE', ( #6012 ), #5579, .F. ) ;
#688 = DIRECTION ( 'NONE',  ( -0.000000000000000000, -0.000000000000000000, 1.000000000000000000 ) ) ;
#687 = APPLICATION_PROTOCOL_DEFINITION ( 'draft international standard', 'automotive_design', 1998, #3358 ) ;
#689 = ORIENTED_EDGE ( 'NONE', *, *, #1388, .F. ) ;
#690 = FACE_OUTER_BOUND ( 'NONE', #1118, .T. ) ;
#692 = LINE ( 'NONE', #4128, #2836 ) ;
#691 = PLANE ( 'NONE',  #4942 ) ;
#693 = DIRECTION ( 'NONE',  ( 0.000000000000000000, -1.000000000000000000, 0.000000000000000000 ) ) ;
#694 = EDGE_CURVE ( 'NONE', #2583, #4879, #3686, .T. ) ;
#695 = ORIENTED_EDGE ( 'NONE', *, *, #3318, .T. ) ;
#696 = ORIENTED_EDGE ( 'NONE', *, *, #4586, .F. ) ;
#697 = ORIENTED_EDGE ( 'NONE', *, *, #6044, .F. ) ;
#698 = ORIENTED_EDGE ( 'NONE', *, *, #1613, .F. ) ;
#699 = LINE ( 'NONE', #1750, #4334 ) ;
#700 = DIRECTION ( 'NONE',  ( 0.000000000000000000, 1.000000000000000000, 3.336006684570783101E-16 ) ) ;
#701 = DIRECTION ( 'NONE',  ( 0.000000000000000000, -1.000000000000000000, -4.336808689941999494E-16 ) ) ;
#702 = VERTEX_POINT ( 'NONE', #1210 ) ;
#703 = AXIS2_PLACEMENT_3D ( 'NONE', #3129, #1740, #3678 ) ;
#704 = ORIENTED_EDGE ( 'NONE', *, *, #2500, .T. ) ;
#705 = ORIENTED_EDGE ( 'NONE', *, *, #683, .T. ) ;
#706 = ADVANCED_FACE ( 'NONE', ( #3625, #636 ), #1650, .T. ) ;
#707 = PLANE ( 'NONE',  #620 ) ;
#708 = CARTESIAN_POINT ( 'NONE',  ( 4.474999999999997868, 1.449999999999999956, -0.7749999999999999112 ) ) ;
#709 = VECTOR ( 'NONE', #1856, 1000.000000000000000 ) ;
#710 = PLANE ( 'NONE',  #6013 ) ;
#711 = EDGE_CURVE ( 'NONE', #3882, #4951, #4136, .T. ) ;
#712 = LINE ( 'NONE', #6089, #3996 ) ;
#713 = ORIENTED_EDGE ( 'NONE', *, *, #2115, .T. ) ;
#714 = EDGE_CURVE ( 'NONE', #4996, #5535, #4587, .T. ) ;
#715 = AXIS2_PLACEMENT_3D ( 'NONE', #4819, #3854, #2590 ) ;
#716 = FACE_OUTER_BOUND ( 'NONE', #3876, .T. ) ;
#717 = CARTESIAN_POINT ( 'NONE',  ( 7.375000000000000000, 3.950000000000000178, 0.1750000000000002387 ) ) ;
#718 = EDGE_CURVE ( 'NONE', #4873, #128, #2677, .T. ) ;
#719 = CARTESIAN_POINT ( 'NONE',  ( 7.375000000000000000, 2.899999999999999911, -0.3249999999999997891 ) ) ;
#720 = ADVANCED_FACE ( 'NONE', ( #3556 ), #4070, .F. ) ;
#721 = ORIENTED_EDGE ( 'NONE', *, *, #4534, .F. ) ;
#722 = EDGE_CURVE ( 'NONE', #1623, #5757, #219, .T. ) ;
#723 = EDGE_CURVE ( 'NONE', #6288, #5757, #5550, .T. ) ;
#724 = DIRECTION ( 'NONE',  ( -0.000000000000000000, -1.000000000000000000, -2.282530889443167515E-16 ) ) ;
#726 = CARTESIAN_POINT ( 'NONE',  ( 4.474999999999998757, 3.299999999999999822, -0.7749999999999999112 ) ) ;
#725 = DIRECTION ( 'NONE',  ( 0.000000000000000000, 0.000000000000000000, -1.000000000000000000 ) ) ;
#727 = CARTESIAN_POINT ( 'NONE',  ( 5.524999999999998579, 1.449999999999999956, -0.7749999999999999112 ) ) ;
#728 = ORIENTED_EDGE ( 'NONE', *, *, #3983, .T. ) ;
#729 = ORIENTED_EDGE ( 'NONE', *, *, #2787, .T. ) ;
#730 = VERTEX_POINT ( 'NONE', #762 ) ;
#731 = VERTEX_POINT ( 'NONE', #1138 ) ;
#732 = EDGE_LOOP ( 'NONE', ( #643, #5147, #159, #4271 ) ) ;
#733 = DIRECTION ( 'NONE',  ( 0.000000000000000000, -1.000000000000000000, 0.000000000000000000 ) ) ;
#734 = PRESENTATION_LAYER_ASSIGNMENT (  '', '', ( #5302 ) ) ;
#735 = EDGE_CURVE ( 'NONE', #469, #1337, #699, .T. ) ;
#736 = FACE_OUTER_BOUND ( 'NONE', #4584, .T. ) ;
#737 = CARTESIAN_POINT ( 'NONE',  ( 2.624999999999999556, 1.899999999999999689, 2.475000000000000533 ) ) ;
#738 = CARTESIAN_POINT ( 'NONE',  ( 7.875000000000000000, 0.6500000000000000222, -1.774999999999999689 ) ) ;
#739 = ORIENTED_EDGE ( 'NONE', *, *, #864, .T. ) ;
#740 = UNCERTAINTY_MEASURE_WITH_UNIT (LENGTH_MEASURE( 1.000000000000000082E-05 ), #3565, 'distance_accuracy_value', 'NONE');
#741 = ORIENTED_EDGE ( 'NONE', *, *, #5985, .F. ) ;
#742 = ORIENTED_EDGE ( 'NONE', *, *, #6159, .T. ) ;
#743 = DIRECTION ( 'NONE',  ( 0.000000000000000000, -0.000000000000000000, 1.000000000000000000 ) ) ;
#744 = LINE ( 'NONE', #1122, #4837 ) ;
#745 = CARTESIAN_POINT ( 'NONE',  ( -7.875000000000000000, 0.4999999999999998890, -0.8249999999999997335 ) ) ;
#746 = DIRECTION ( 'NONE',  ( 2.358912948743652103E-16, 0.7071067811865474617, -0.7071067811865474617 ) ) ;
#747 = ORIENTED_EDGE ( 'NONE', *, *, #5506, .F. ) ;
#748 = DIRECTION ( 'NONE',  ( -0.000000000000000000, 0.7071067811865474617, 0.7071067811865474617 ) ) ;
#749 = LINE ( 'NONE', #1733, #3383 ) ;
#750 = VECTOR ( 'NONE', #3603, 1000.000000000000000 ) ;
#751 = DIRECTION ( 'NONE',  ( 0.000000000000000000, 0.000000000000000000, -1.000000000000000000 ) ) ;
#752 = ORIENTED_EDGE ( 'NONE', *, *, #4057, .F. ) ;
#753 = PLANE ( 'NONE',  #6094 ) ;
#754 = VECTOR ( 'NONE', #2223, 1000.000000000000000 ) ;
#755 = DIRECTION ( 'NONE',  ( 1.000000000000000000, 0.000000000000000000, 0.000000000000000000 ) ) ;
#756 = DIRECTION ( 'NONE',  ( 1.000000000000000000, 0.000000000000000000, 0.000000000000000000 ) ) ;
#757 = EDGE_LOOP ( 'NONE', ( #5983, #4520, #2711, #2070 ) ) ;
#758 = EDGE_CURVE ( 'NONE', #4178, #4658, #3078, .T. ) ;
#759 = VERTEX_POINT ( 'NONE', #189 ) ;
#760 = VECTOR ( 'NONE', #381, 1000.000000000000000 ) ;
#761 = ORIENTED_EDGE ( 'NONE', *, *, #540, .F. ) ;
#762 = CARTESIAN_POINT ( 'NONE',  ( 5.724999999999997868, 0.1000000000000020872, -1.224999999999998312 ) ) ;
#763 = PLANE ( 'NONE',  #5522 ) ;
#764 = DIRECTION ( 'NONE',  ( 0.000000000000000000, -1.000000000000000000, -0.000000000000000000 ) ) ;
#765 = CARTESIAN_POINT ( 'NONE',  ( 2.625000000000000444, 3.399999999999999911, -1.174999999999999822 ) ) ;
#766 = ORIENTED_EDGE ( 'NONE', *, *, #3201, .F. ) ;
#767 = VERTEX_POINT ( 'NONE', #2164 ) ;
#768 = VERTEX_POINT ( 'NONE', #4102 ) ;
#769 = AXIS2_PLACEMENT_3D ( 'NONE', #5929, #1568, #456 ) ;
#770 = PLANE ( 'NONE',  #1226 ) ;
#771 = DIRECTION ( 'NONE',  ( 0.000000000000000000, 4.553649124439118623E-15, -1.000000000000000000 ) ) ;
#772 = CARTESIAN_POINT ( 'NONE',  ( 5.724999999999997868, 2.575000000000000178, -1.200000000000000178 ) ) ;
#773 = VECTOR ( 'NONE', #3738, 1000.000000000000000 ) ;
#774 = VECTOR ( 'NONE', #5750, 1000.000000000000000 ) ;
#775 = EDGE_CURVE ( 'NONE', #3897, #4841, #1684, .T. ) ;
#776 = ORIENTED_EDGE ( 'NONE', *, *, #2002, .T. ) ;
#777 = VECTOR ( 'NONE', #5516, 1000.000000000000000 ) ;
#778 = LINE ( 'NONE', #5972, #1320 ) ;
#779 = LINE ( 'NONE', #1764, #1463 ) ;
#780 = LINE ( 'NONE', #4185, #576 ) ;
#781 = ORIENTED_EDGE ( 'NONE', *, *, #1281, .F. ) ;
#782 = CARTESIAN_POINT ( 'NONE',  ( 7.375000000000000888, 0.000000000000000000, 0.000000000000000000 ) ) ;
#783 = PRODUCT_DEFINITION ( 'UNKNOWN', '', #955, #3662 ) ;
#784 = LINE ( 'NONE', #4644, #4634 ) ;
#785 = CARTESIAN_POINT ( 'NONE',  ( 5.724999999999997868, -0.1499999999999963862, -2.374999999999999112 ) ) ;
#786 = LINE ( 'NONE', #3579, #754 ) ;
#787 = ORIENTED_EDGE ( 'NONE', *, *, #5211, .T. ) ;
#788 = ORIENTED_EDGE ( 'NONE', *, *, #15, .T. ) ;
#789 = ORIENTED_EDGE ( 'NONE', *, *, #225, .F. ) ;
#790 = EDGE_CURVE ( 'NONE', #4022, #4681, #257, .T. ) ;
#791 = DIRECTION ( 'NONE',  ( 0.000000000000000000, 0.000000000000000000, 1.000000000000000000 ) ) ;
#792 = EDGE_CURVE ( 'NONE', #6201, #3179, #5611, .T. ) ;
#793 = CARTESIAN_POINT ( 'NONE',  ( 4.274999999999999467, 1.199999999999999734, 0.1750000000000000722 ) ) ;
#794 = DIRECTION ( 'NONE',  ( 0.000000000000000000, -1.000000000000000000, -1.251002506714043540E-16 ) ) ;
#795 = ADVANCED_FACE ( 'NONE', ( #4224 ), #3771, .T. ) ;
#796 = DIRECTION ( 'NONE',  ( -1.277744513902812521E-16, 0.7071067811865473507, -0.7071067811865476838 ) ) ;
#797 = ORIENTED_EDGE ( 'NONE', *, *, #5596, .T. ) ;
#798 = ORIENTED_EDGE ( 'NONE', *, *, #1762, .F. ) ;
#799 = ORIENTED_EDGE ( 'NONE', *, *, #3235, .F. ) ;
#800 = ORIENTED_EDGE ( 'NONE', *, *, #4393, .T. ) ;
#801 = ADVANCED_FACE ( 'NONE', ( #4195 ), #2258, .F. ) ;
#802 = ADVANCED_FACE ( 'NONE', ( #1401 ), #3328, .F. ) ;
#803 = LINE ( 'NONE', #4560, #106 ) ;
#804 = CARTESIAN_POINT ( 'NONE',  ( 7.875000000000000000, 0.5999999999999999778, 1.825000000000000622 ) ) ;
#805 = CARTESIAN_POINT ( 'NONE',  ( 6.452032961426903412, 3.250000000000000000, 0.6750000000000004885 ) ) ;
#806 = VECTOR ( 'NONE', #2186, 1000.000000000000000 ) ;
#807 = AXIS2_PLACEMENT_3D ( 'NONE', #684, #4148, #1602 ) ;
#808 = EDGE_CURVE ( 'NONE', #603, #2697, #6221, .T. ) ;
#809 = DIRECTION ( 'NONE',  ( 0.5773502691896290617, 0.5773502691896240657, 0.5773502691896240657 ) ) ;
#810 = CARTESIAN_POINT ( 'NONE',  ( 4.274999999999999467, 3.950000000000000178, 0.1750000000000000722 ) ) ;
#811 = CARTESIAN_POINT ( 'NONE',  ( -6.875000000000000000, 3.950000000000000178, 0.3750000000000001110 ) ) ;
#812 = AXIS2_PLACEMENT_3D ( 'NONE', #1918, #1412, #3343 ) ;
#813 = DIRECTION ( 'NONE',  ( -0.8944271909999159664, -0.4472135954999579832, 0.000000000000000000 ) ) ;
#815 =( NAMED_UNIT ( * ) PLANE_ANGLE_UNIT ( ) SI_UNIT ( $, .RADIAN. ) );
#814 = CARTESIAN_POINT ( 'NONE',  ( 5.524999999999997691, 0.3500000000000009215, -1.324999999999999512 ) ) ;
#816 = DIRECTION ( 'NONE',  ( -0.000000000000000000, -4.553649124439118623E-15, 1.000000000000000000 ) ) ;
#817 = DIRECTION ( 'NONE',  ( -0.000000000000000000, -0.000000000000000000, -1.000000000000000000 ) ) ;
#818 = VERTEX_POINT ( 'NONE', #6166 ) ;
#819 = EDGE_LOOP ( 'NONE', ( #2049, #1501, #5710, #2071 ) ) ;
#820 = FACE_OUTER_BOUND ( 'NONE', #3549, .T. ) ;
#821 = DIRECTION ( 'NONE',  ( 0.000000000000000000, -1.000000000000000000, 0.000000000000000000 ) ) ;
#822 = LINE ( 'NONE', #5192, #6135 ) ;
#823 = FACE_OUTER_BOUND ( 'NONE', #5957, .T. ) ;
#824 = ORIENTED_EDGE ( 'NONE', *, *, #4688, .F. ) ;
#825 = ORIENTED_EDGE ( 'NONE', *, *, #2208, .T. ) ;
#826 = ORIENTED_EDGE ( 'NONE', *, *, #1173, .F. ) ;
#827 = AXIS2_PLACEMENT_3D ( 'NONE', #3602, #268, #1189 ) ;
#828 = VECTOR ( 'NONE', #2897, 1000.000000000000000 ) ;
#829 = DIRECTION ( 'NONE',  ( 0.000000000000000000, -1.000000000000000000, 1.445602896647327084E-15 ) ) ;
#830 = DIRECTION ( 'NONE',  ( -1.000000000000000000, 0.000000000000000000, 4.336808689942021680E-16 ) ) ;
#831 = CARTESIAN_POINT ( 'NONE',  ( 5.724999999999997868, -0.1499999999999963862, -1.474999999999999645 ) ) ;
#832 = VECTOR ( 'NONE', #884, 1000.000000000000000 ) ;
#833 = CARTESIAN_POINT ( 'NONE',  ( 5.524999999999998579, 1.449999999999999956, 0.3750000000000000000 ) ) ;
#834 = LINE ( 'NONE', #2784, #709 ) ;
#835 = SURFACE_SIDE_STYLE ('',( #6210 ) ) ;
#836 = CARTESIAN_POINT ( 'NONE',  ( 5.724999999999998757, 3.299999999999999822, -0.7749999999999999112 ) ) ;
#837 = VERTEX_POINT ( 'NONE', #913 ) ;
#838 = EDGE_CURVE ( 'NONE', #2139, #5266, #378, .T. ) ;
#839 = DIRECTION ( 'NONE',  ( 0.000000000000000000, -0.7071067811865475727, -0.7071067811865474617 ) ) ;
#840 = VECTOR ( 'NONE', #5620, 1000.000000000000000 ) ;
#841 = PLANE ( 'NONE',  #4330 ) ;
#842 = DIRECTION ( 'NONE',  ( 0.000000000000000000, 1.000000000000000000, 0.000000000000000000 ) ) ;
#843 = AXIS2_PLACEMENT_3D ( 'NONE', #4290, #5726, #4226 ) ;
#844 = DIRECTION ( 'NONE',  ( -1.000000000000000000, 0.000000000000000000, 0.000000000000000000 ) ) ;
#845 = ORIENTED_EDGE ( 'NONE', *, *, #3051, .F. ) ;
#846 = AXIS2_PLACEMENT_3D ( 'NONE', #3590, #2166, #1141 ) ;
#847 = EDGE_LOOP ( 'NONE', ( #4780, #1781, #541, #1678 ) ) ;
#848 = AXIS2_PLACEMENT_3D ( 'NONE', #4131, #1705, #2638 ) ;
#849 = EDGE_LOOP ( 'NONE', ( #888, #4981, #3026, #1594 ) ) ;
#851 = DIRECTION ( 'NONE',  ( 0.000000000000000000, 0.000000000000000000, 1.000000000000000000 ) ) ;
#850 = LINE ( 'NONE', #3182, #1989 ) ;
#852 = AXIS2_PLACEMENT_3D ( 'NONE', #6261, #1905, #5790 ) ;
#853 = CARTESIAN_POINT ( 'NONE',  ( 2.624999999999999556, 0.2500000000000000000, 2.475000000000000089 ) ) ;
#854 = DIRECTION ( 'NONE',  ( -1.000000000000000000, -0.000000000000000000, -0.000000000000000000 ) ) ;
#855 = DIRECTION ( 'NONE',  ( 0.000000000000000000, 1.000000000000000000, 0.000000000000000000 ) ) ;
#856 = VECTOR ( 'NONE', #2202, 1000.000000000000000 ) ;
#857 = VERTEX_POINT ( 'NONE', #1903 ) ;
#858 = ORIENTED_EDGE ( 'NONE', *, *, #5271, .F. ) ;
#859 = DIRECTION ( 'NONE',  ( 0.000000000000000000, 0.000000000000000000, 1.000000000000000000 ) ) ;
#860 = LINE ( 'NONE', #5795, #2537 ) ;
#861 = CARTESIAN_POINT ( 'NONE',  ( 6.531793621149187601, 1.016439536705160869E-17, 0.3750000000000000555 ) ) ;
#862 = ORIENTED_EDGE ( 'NONE', *, *, #5772, .F. ) ;
#863 = ORIENTED_EDGE ( 'NONE', *, *, #5589, .F. ) ;
#864 = EDGE_CURVE ( 'NONE', #2037, #6082, #5165, .T. ) ;
#865 = FACE_OUTER_BOUND ( 'NONE', #1382, .T. ) ;
#866 = LINE ( 'NONE', #1295, #5599 ) ;
#867 = VECTOR ( 'NONE', #725, 1000.000000000000000 ) ;
#868 = VECTOR ( 'NONE', #6128, 1000.000000000000000 ) ;
#869 = FILL_AREA_STYLE ('',( #2364 ) ) ;
#870 = ADVANCED_FACE ( 'NONE', ( #5759 ), #2348, .F. ) ;
#871 = DIRECTION ( 'NONE',  ( -1.000000000000000000, 0.000000000000000000, 0.000000000000000000 ) ) ;
#872 = EDGE_CURVE ( 'NONE', #4879, #4352, #1306, .T. ) ;
#873 = VECTOR ( 'NONE', #2365, 1000.000000000000000 ) ;
#874 = EDGE_CURVE ( 'NONE', #5545, #1845, #1803, .T. ) ;
#875 = EDGE_CURVE ( 'NONE', #3536, #4147, #3723, .T. ) ;
#876 = LINE ( 'NONE', #2341, #5996 ) ;
#877 = DIRECTION ( 'NONE',  ( -0.000000000000000000, 0.000000000000000000, 1.000000000000000000 ) ) ;
#878 = DIRECTION ( 'NONE',  ( 1.000000000000000000, 0.000000000000000000, 0.000000000000000000 ) ) ;
#879 = CARTESIAN_POINT ( 'NONE',  ( 6.000000000000000888, 0.000000000000000000, 2.075000000000000622 ) ) ;
#880 = ORIENTED_EDGE ( 'NONE', *, *, #4142, .T. ) ;
#882 = DIRECTION ( 'NONE',  ( -1.000000000000000000, 0.000000000000000000, -0.000000000000000000 ) ) ;
#881 = LINE ( 'NONE', #505, #3715 ) ;
#883 = ORIENTED_EDGE ( 'NONE', *, *, #907, .T. ) ;
#884 = DIRECTION ( 'NONE',  ( -0.000000000000000000, -0.000000000000000000, 1.000000000000000000 ) ) ;
#885 = CARTESIAN_POINT ( 'NONE',  ( 6.452032961426903412, 2.250000000000000000, 1.075000000000000400 ) ) ;
#886 = DIRECTION ( 'NONE',  ( 1.277744513902812275E-16, 0.7071067811865475727, -0.7071067811865475727 ) ) ;
#887 = EDGE_LOOP ( 'NONE', ( #5646, #583, #1988, #1880, #167, #1041, #5044, #2472 ) ) ;
#888 = ORIENTED_EDGE ( 'NONE', *, *, #2931, .T. ) ;
#889 = LINE ( 'NONE', #1850, #1246 ) ;
#890 = FACE_OUTER_BOUND ( 'NONE', #324, .T. ) ;
#891 = LINE ( 'NONE', #2392, #4618 ) ;
#892 = ORIENTED_EDGE ( 'NONE', *, *, #3633, .T. ) ;
#893 = EDGE_CURVE ( 'NONE', #3880, #415, #5667, .T. ) ;
#894 = VERTEX_POINT ( 'NONE', #2319 ) ;
#895 = DIRECTION ( 'NONE',  ( 0.000000000000000000, 1.000000000000000000, 0.000000000000000000 ) ) ;
#896 = DIRECTION ( 'NONE',  ( 1.000000000000000000, -0.000000000000000000, -0.000000000000000000 ) ) ;
#897 = EDGE_CURVE ( 'NONE', #3995, #5515, #4255, .T. ) ;
#898 = CARTESIAN_POINT ( 'NONE',  ( 3.999999999999999112, 3.850000000000000977, 0.6750000000000004885 ) ) ;
#899 = DIRECTION ( 'NONE',  ( 0.000000000000000000, -1.000000000000000000, 2.710505431213761393E-17 ) ) ;
#900 = ORIENTED_EDGE ( 'NONE', *, *, #792, .F. ) ;
#901 = EDGE_CURVE ( 'NONE', #2749, #2803, #4805, .T. ) ;
#902 = VECTOR ( 'NONE', #4333, 1000.000000000000000 ) ;
#903 = VECTOR ( 'NONE', #3418, 1000.000000000000000 ) ;
#904 = ADVANCED_FACE ( 'NONE', ( #820 ), #2766, .F. ) ;
#905 = CARTESIAN_POINT ( 'NONE',  ( 7.625000000000000000, 4.049999999999999822, 2.475000000000000089 ) ) ;
#906 = LINE ( 'NONE', #1863, #773 ) ;
#907 = EDGE_CURVE ( 'NONE', #5124, #224, #2805, .T. ) ;
#908 = VECTOR ( 'NONE', #5653, 1000.000000000000000 ) ;
#909 = FACE_OUTER_BOUND ( 'NONE', #5918, .T. ) ;
#910 = CARTESIAN_POINT ( 'NONE',  ( 5.524999999999998579, 3.299999999999999822, -0.7749999999999999112 ) ) ;
#911 = VERTEX_POINT ( 'NONE', #6195 ) ;
#913 = CARTESIAN_POINT ( 'NONE',  ( 5.524999999999997691, 0.1500000000000038247, -1.816421356237309048 ) ) ;
#912 = CARTESIAN_POINT ( 'NONE',  ( 4.474999999999998757, 1.449999999999999956, -1.174999999999999822 ) ) ;
#914 = AXIS2_PLACEMENT_3D ( 'NONE', #1983, #2015, #5364 ) ;
#915 = CARTESIAN_POINT ( 'NONE',  ( 3.624999999999999556, 3.950000000000000178, 0.8749999999999996669 ) ) ;
#916 = CARTESIAN_POINT ( 'NONE',  ( 4.474999999999996980, 0.3000000000000008771, -1.374999999999999778 ) ) ;
#917 = ORIENTED_EDGE ( 'NONE', *, *, #1274, .F. ) ;
#918 = ORIENTED_EDGE ( 'NONE', *, *, #1062, .F. ) ;
#919 = ORIENTED_EDGE ( 'NONE', *, *, #5865, .T. ) ;
#920 = EDGE_CURVE ( 'NONE', #4978, #3995, #1838, .T. ) ;
#921 = CARTESIAN_POINT ( 'NONE',  ( 7.875000000000000000, 0.6499999999999999112, -1.574999999999999512 ) ) ;
#922 = CARTESIAN_POINT ( 'NONE',  ( 6.875000000000000888, -6.123233995736742617E-17, -0.3340169943749460302 ) ) ;
#923 = LINE ( 'NONE', #3217, #5833 ) ;
#924 = ORIENTED_EDGE ( 'NONE', *, *, #5062, .T. ) ;
#925 = VECTOR ( 'NONE', #5864, 1000.000000000000000 ) ;
#926 = ORIENTED_EDGE ( 'NONE', *, *, #109, .F. ) ;
#927 = CARTESIAN_POINT ( 'NONE',  ( 2.624999999999999556, 0.2500000000000000000, 2.375000000000000888 ) ) ;
#928 = CARTESIAN_POINT ( 'NONE',  ( 6.875000000000000888, -6.123233995736742617E-17, 0.2250000000000008105 ) ) ;
#929 = DIRECTION ( 'NONE',  ( 0.000000000000000000, 1.000000000000000000, 2.282530889443167515E-16 ) ) ;
#930 = CARTESIAN_POINT ( 'NONE',  ( 5.724999999999997868, 0.3500000000000009215, -1.324999999999999512 ) ) ;
#931 = FACE_OUTER_BOUND ( 'NONE', #1635, .T. ) ;
#932 = PLANE ( 'NONE',  #5886 ) ;
#933 = CARTESIAN_POINT ( 'NONE',  ( 5.724999999999997868, 3.050000000000000266, -0.1049999999999996214 ) ) ;
#934 = CARTESIAN_POINT ( 'NONE',  ( 0.000000000000000000, 4.049999999999999822, 0.4749999999999995337 ) ) ;
#935 = DIRECTION ( 'NONE',  ( 1.000000000000000000, -0.000000000000000000, -0.000000000000000000 ) ) ;
#936 = ORIENTED_EDGE ( 'NONE', *, *, #2085, .T. ) ;
#937 = VERTEX_POINT ( 'NONE', #6259 ) ;
#939 = CARTESIAN_POINT ( 'NONE',  ( 7.375000000000000000, 3.399999999999999911, 0.1750000000000001554 ) ) ;
#938 = CARTESIAN_POINT ( 'NONE',  ( 2.624999999999999556, 0.000000000000000000, 2.475000000000000089 ) ) ;
#940 = LINE ( 'NONE', #1365, #3585 ) ;
#941 = DIRECTION ( 'NONE',  ( 0.000000000000000000, 0.000000000000000000, 1.000000000000000000 ) ) ;
#942 = ADVANCED_FACE ( 'NONE', ( #5913 ), #1037, .F. ) ;
#943 = CARTESIAN_POINT ( 'NONE',  ( 6.875000000000000000, 3.950000000000000178, -1.174999999999999822 ) ) ;
#944 = STYLED_ITEM ( 'NONE', ( #4822 ), #5324 ) ;
#945 = ORIENTED_EDGE ( 'NONE', *, *, #1644, .T. ) ;
#946 = EDGE_LOOP ( 'NONE', ( #1846, #2810, #5926, #4296 ) ) ;
#947 = ORIENTED_EDGE ( 'NONE', *, *, #1254, .T. ) ;
#948 = ORIENTED_EDGE ( 'NONE', *, *, #6152, .F. ) ;
#949 = AXIS2_PLACEMENT_3D ( 'NONE', #3053, #5007, #638 ) ;
#950 = LINE ( 'NONE', #3754, #4900 ) ;
#951 = EDGE_CURVE ( 'NONE', #4480, #2316, #2446, .T. ) ;
#952 = DIRECTION ( 'NONE',  ( 0.000000000000000000, -5.421010862427526114E-15, 1.000000000000000000 ) ) ;
#953 = CARTESIAN_POINT ( 'NONE',  ( 7.875000000000000000, 3.399999999999999911, 0.1750000000000001554 ) ) ;
#954 = VERTEX_POINT ( 'NONE', #2890 ) ;
#955 = PRODUCT_DEFINITION_FORMATION_WITH_SPECIFIED_SOURCE ( 'ANY', '', #4598, .NOT_KNOWN. ) ;
#956 = VERTEX_POINT ( 'NONE', #1075 ) ;
#957 = VERTEX_POINT ( 'NONE', #1011 ) ;
#958 = LINE ( 'NONE', #4855, #4063 ) ;
#959 = DIRECTION ( 'NONE',  ( 1.807003620809174632E-16, 0.000000000000000000, -1.000000000000000000 ) ) ;
#960 = LINE ( 'NONE', #5662, #2023 ) ;
#961 = ADVANCED_FACE ( 'NONE', ( #568 ), #3360, .F. ) ;
#962 = DIRECTION ( 'NONE',  ( 0.000000000000000000, 0.8944271909999175207, 0.4472135954999548191 ) ) ;
#963 = CARTESIAN_POINT ( 'NONE',  ( 3.124999999999999112, 0.2499999999999999445, 0.2250000000000008105 ) ) ;
#964 = VERTEX_POINT ( 'NONE', #4483 ) ;
#965 = VERTEX_POINT ( 'NONE', #2949 ) ;
#966 = VECTOR ( 'NONE', #5787, 1000.000000000000000 ) ;
#967 = VECTOR ( 'NONE', #4315, 1000.000000000000000 ) ;
#968 = DIRECTION ( 'NONE',  ( -0.000000000000000000, 0.7071067811865545671, -0.7071067811865405783 ) ) ;
#969 = LINE ( 'NONE', #3289, #6153 ) ;
#970 = DIRECTION ( 'NONE',  ( -1.000000000000000000, 0.000000000000000000, 0.000000000000000000 ) ) ;
#971 = CARTESIAN_POINT ( 'NONE',  ( 4.274999999999999467, 1.449999999999999956, -1.174999999999999822 ) ) ;
#973 = VERTEX_POINT ( 'NONE', #5813 ) ;
#972 = VECTOR ( 'NONE', #4765, 1000.000000000000000 ) ;
#974 = AXIS2_PLACEMENT_3D ( 'NONE', #1987, #3416, #4956 ) ;
#975 = VERTEX_POINT ( 'NONE', #3491 ) ;
#976 = ORIENTED_EDGE ( 'NONE', *, *, #2465, .F. ) ;
#977 = EDGE_CURVE ( 'NONE', #6111, #4432, #4896, .T. ) ;
#979 = DIRECTION ( 'NONE',  ( 0.000000000000000000, 0.000000000000000000, 1.000000000000000000 ) ) ;
#978 = DIRECTION ( 'NONE',  ( 0.000000000000000000, -0.000000000000000000, 1.000000000000000000 ) ) ;
#980 = CARTESIAN_POINT ( 'NONE',  ( 5.724999999999998757, 3.299999999999999822, -0.7749999999999999112 ) ) ;
#981 = SURFACE_SIDE_STYLE ('',( #5412 ) ) ;
#982 = DIRECTION ( 'NONE',  ( -0.000000000000000000, -3.336006684570783101E-16, 1.000000000000000000 ) ) ;
#983 = EDGE_CURVE ( 'NONE', #5499, #5403, #537, .T. ) ;
#984 = VERTEX_POINT ( 'NONE', #5945 ) ;
#985 = DIRECTION ( 'NONE',  ( -1.000000000000000000, 0.000000000000000000, 1.807003620809174632E-16 ) ) ;
#986 = EDGE_CURVE ( 'NONE', #984, #5319, #4447, .T. ) ;
#987 = DIRECTION ( 'NONE',  ( 0.000000000000000000, 0.000000000000000000, 1.000000000000000000 ) ) ;
#988 = LINE ( 'NONE', #222, #1664 ) ;
#989 = EDGE_CURVE ( 'NONE', #3214, #5951, #5313, .T. ) ;
#990 = ORIENTED_EDGE ( 'NONE', *, *, #2056, .F. ) ;
#991 = ADVANCED_FACE ( 'NONE', ( #3461 ), #1939, .F. ) ;
#992 = EDGE_CURVE ( 'NONE', #666, #1834, #473, .T. ) ;
#993 = EDGE_LOOP ( 'NONE', ( #3852, #2676, #2872, #2738 ) ) ;
#994 = VERTEX_POINT ( 'NONE', #4355 ) ;
#995 = LINE ( 'NONE', #5492, #4270 ) ;
#996 = LINE ( 'NONE', #4341, #2842 ) ;
#997 = LINE ( 'NONE', #1742, #2328 ) ;
#998 = FACE_OUTER_BOUND ( 'NONE', #3787, .T. ) ;
#999 = ADVANCED_FACE ( 'NONE', ( #3933 ), #4967, .F. ) ;
#1000 = ORIENTED_EDGE ( 'NONE', *, *, #3628, .T. ) ;
#1001 = CARTESIAN_POINT ( 'NONE',  ( 4.330089135474556095, 1.899999999999999689, 2.375000000000000888 ) ) ;
#1002 = EDGE_CURVE ( 'NONE', #1495, #5381, #1458, .T. ) ;
#1003 = LINE ( 'NONE', #2024, #5462 ) ;
#1004 = CARTESIAN_POINT ( 'NONE',  ( 2.125000000000000000, 1.800000000000000044, -1.175000000000000044 ) ) ;
#1005 = LINE ( 'NONE', #1962, #1973 ) ;
#1006 = VECTOR ( 'NONE', #4668, 1000.000000000000000 ) ;
#1007 = ORIENTED_EDGE ( 'NONE', *, *, #5166, .T. ) ;
#1008 = ORIENTED_EDGE ( 'NONE', *, *, #3517, .F. ) ;
#1009 = VECTOR ( 'NONE', #4026, 1000.000000000000000 ) ;
#1011 = CARTESIAN_POINT ( 'NONE',  ( 2.125000000000000000, 0.5999999999999999778, 1.825000000000000622 ) ) ;
#1010 = DIRECTION ( 'NONE',  ( 0.000000000000000000, 0.000000000000000000, 1.000000000000000000 ) ) ;
#1012 = DIRECTION ( 'NONE',  ( -0.000000000000000000, 0.000000000000000000, -1.000000000000000000 ) ) ;
#1013 = CARTESIAN_POINT ( 'NONE',  ( 5.524999999999998579, 1.449999999999999956, 0.1750000000000000722 ) ) ;
#1014 = DIRECTION ( 'NONE',  ( -0.000000000000000000, 0.000000000000000000, 1.000000000000000000 ) ) ;
#1015 = VERTEX_POINT ( 'NONE', #1491 ) ;
#1016 = ORIENTED_EDGE ( 'NONE', *, *, #6240, .F. ) ;
#1017 = ORIENTED_EDGE ( 'NONE', *, *, #1665, .F. ) ;
#1018 = PLANE ( 'NONE',  #118 ) ;
#1019 = CARTESIAN_POINT ( 'NONE',  ( 4.474999999999996980, 1.199999999999999734, 0.1750000000000000722 ) ) ;
#1020 = DIRECTION ( 'NONE',  ( 0.000000000000000000, -0.7071067811865472397, -0.7071067811865479058 ) ) ;
#1021 = ORIENTED_EDGE ( 'NONE', *, *, #3758, .T. ) ;
#1022 = EDGE_LOOP ( 'NONE', ( #1529, #741, #1522, #5999 ) ) ;
#1023 = VERTEX_POINT ( 'NONE', #3426 ) ;
#1024 = CARTESIAN_POINT ( 'NONE',  ( 7.575000000000000178, 0.000000000000000000, 0.2250000000000008105 ) ) ;
#1025 = PLANE ( 'NONE',  #2029 ) ;
#1026 = LINE ( 'NONE', #4989, #4699 ) ;
#1027 = DIRECTION ( 'NONE',  ( -1.000000000000000000, 0.000000000000000000, 0.000000000000000000 ) ) ;
#1028 = EDGE_CURVE ( 'NONE', #2426, #2902, #5878, .T. ) ;
#1029 = ORIENTED_EDGE ( 'NONE', *, *, #5055, .T. ) ;
#1030 = LINE ( 'NONE', #2973, #2538 ) ;
#1031 = CARTESIAN_POINT ( 'NONE',  ( 6.875000000000000888, -6.123233995736742617E-17, 2.475000000000000089 ) ) ;
#1032 = VECTOR ( 'NONE', #4719, 1000.000000000000000 ) ;
#1033 = DIRECTION ( 'NONE',  ( 1.000000000000000000, -0.000000000000000000, -0.000000000000000000 ) ) ;
#1034 = LINE ( 'NONE', #1547, #5185 ) ;
#1035 = VECTOR ( 'NONE', #987, 1000.000000000000000 ) ;
#1037 = PLANE ( 'NONE',  #392 ) ;
#1036 = DIRECTION ( 'NONE',  ( 0.000000000000000000, -1.000000000000000000, 0.000000000000000000 ) ) ;
#1038 = LINE ( 'NONE', #980, #1583 ) ;
#1039 = SHAPE_REPRESENTATION_RELATIONSHIP ( 'NONE' , 'NONE' ,  #2275, #4122 ) ;
#1040 = LINE ( 'NONE', #5510, #553 ) ;
#1041 = ORIENTED_EDGE ( 'NONE', *, *, #634, .F. ) ;
#1042 = ORIENTED_EDGE ( 'NONE', *, *, #2509, .T. ) ;
#1043 = ORIENTED_EDGE ( 'NONE', *, *, #1801, .T. ) ;
#1044 = CARTESIAN_POINT ( 'NONE',  ( 5.724999999999997868, -0.1499999999999963862, -1.474999999999999645 ) ) ;
#1045 = AXIS2_PLACEMENT_3D ( 'NONE', #2180, #3672, #6063 ) ;
#1046 = DIRECTION ( 'NONE',  ( 1.000000000000000000, 0.000000000000000000, -0.000000000000000000 ) ) ;
#1047 = CYLINDRICAL_SURFACE ( 'NONE', #3588, 0.05000000000000012768 ) ;
#1048 = VERTEX_POINT ( 'NONE', #87 ) ;
#1049 = ORIENTED_EDGE ( 'NONE', *, *, #1342, .F. ) ;
#1050 = ORIENTED_EDGE ( 'NONE', *, *, #2035, .T. ) ;
#1051 = ORIENTED_EDGE ( 'NONE', *, *, #1613, .T. ) ;
#1052 = AXIS2_PLACEMENT_3D ( 'NONE', #3820, #6143, #5204 ) ;
#1053 = MECHANICAL_DESIGN_GEOMETRIC_PRESENTATION_REPRESENTATION (  '', ( #1565 ), #3592 ) ;
#1054 = ADVANCED_FACE ( 'NONE', ( #2032 ), #3966, .F. ) ;
#1055 = LINE ( 'NONE', #4402, #5399 ) ;
#1056 = FACE_OUTER_BOUND ( 'NONE', #5961, .T. ) ;
#1057 = SURFACE_SIDE_STYLE ('',( #4047 ) ) ;
#1058 = CARTESIAN_POINT ( 'NONE',  ( 6.531793621149187601, 1.449999999999999956, 0.000000000000000000 ) ) ;
#1059 = FACE_OUTER_BOUND ( 'NONE', #5016, .T. ) ;
#1060 = VECTOR ( 'NONE', #1096, 1000.000000000000000 ) ;
#1061 = VERTEX_POINT ( 'NONE', #506 ) ;
#1062 = EDGE_CURVE ( 'NONE', #1679, #5301, #596, .T. ) ;
#1063 = EDGE_CURVE ( 'NONE', #2486, #2749, #5026, .T. ) ;
#1064 = DIRECTION ( 'NONE',  ( 1.000000000000000000, 0.000000000000000000, 0.000000000000000000 ) ) ;
#1065 = LINE ( 'NONE', #3419, #5658 ) ;
#1066 = EDGE_CURVE ( 'NONE', #323, #1958, #6006, .T. ) ;
#1067 = CARTESIAN_POINT ( 'NONE',  ( 6.875000000000000888, 0.2499999999999999445, 2.475000000000000089 ) ) ;
#1068 = DIRECTION ( 'NONE',  ( 0.000000000000000000, 1.000000000000000000, 0.000000000000000000 ) ) ;
#1069 = ORIENTED_EDGE ( 'NONE', *, *, #4728, .T. ) ;
#1070 = VERTEX_POINT ( 'NONE', #247 ) ;
#1071 = AXIS2_PLACEMENT_3D ( 'NONE', #3028, #103, #1442 ) ;
#1072 = EDGE_CURVE ( 'NONE', #3530, #5546, #4645, .T. ) ;
#1073 = EDGE_CURVE ( 'NONE', #1710, #3583, #5508, .T. ) ;
#1075 = CARTESIAN_POINT ( 'NONE',  ( 7.625000000000000000, 2.899999999999999911, 0.1750000000000002387 ) ) ;
#1074 = LINE ( 'NONE', #661, #6147 ) ;
#1076 = CARTESIAN_POINT ( 'NONE',  ( 4.274999999999997691, 0.3000000000000008771, -1.374999999999999778 ) ) ;
#1077 = VECTOR ( 'NONE', #6250, 1000.000000000000000 ) ;
#1078 = AXIS2_PLACEMENT_3D ( 'NONE', #2033, #3967, #1012 ) ;
#1079 = PLANE ( 'NONE',  #5539 ) ;
#1080 = ORIENTED_EDGE ( 'NONE', *, *, #2363, .F. ) ;
#1081 = VECTOR ( 'NONE', #1711, 1000.000000000000000 ) ;
#1082 = EDGE_LOOP ( 'NONE', ( #356, #2183, #1207, #1083 ) ) ;
#1083 = ORIENTED_EDGE ( 'NONE', *, *, #5065, .T. ) ;
#1084 = ADVANCED_FACE ( 'NONE', ( #1104 ), #2606, .F. ) ;
#1085 = LINE ( 'NONE', #3020, #2203 ) ;
#1086 = CARTESIAN_POINT ( 'NONE',  ( 7.875000000000000000, 0.4999999999999998890, -0.8249999999999997335 ) ) ;
#1087 = CARTESIAN_POINT ( 'NONE',  ( 2.625000000000000444, 3.950000000000000178, 0.1750000000000002387 ) ) ;
#1088 = ORIENTED_EDGE ( 'NONE', *, *, #4576, .F. ) ;
#1089 = ORIENTED_EDGE ( 'NONE', *, *, #1899, .F. ) ;
#1090 = ORIENTED_EDGE ( 'NONE', *, *, #168, .T. ) ;
#1091 = ORIENTED_EDGE ( 'NONE', *, *, #6270, .F. ) ;
#1092 = DIRECTION ( 'NONE',  ( 1.000000000000000000, 0.000000000000000000, 0.000000000000000000 ) ) ;
#1093 = CARTESIAN_POINT ( 'NONE',  ( 5.669910864525444794, 1.899999999999999911, 1.825000000000000622 ) ) ;
#1094 = FACE_OUTER_BOUND ( 'NONE', #1135, .T. ) ;
#1095 = DIRECTION ( 'NONE',  ( 1.000000000000000000, -0.000000000000000000, 0.000000000000000000 ) ) ;
#1096 = DIRECTION ( 'NONE',  ( -0.000000000000000000, -1.000000000000000000, -1.355252715606880789E-16 ) ) ;
#1097 = EDGE_CURVE ( 'NONE', #3055, #4816, #4516, .T. ) ;
#1098 = CARTESIAN_POINT ( 'NONE',  ( 7.375000000000000888, 0.5999999999999999778, 1.825000000000000622 ) ) ;
#1099 = LINE ( 'NONE', #4441, #5958 ) ;
#1100 = DIRECTION ( 'NONE',  ( -1.000000000000000000, -0.000000000000000000, -0.000000000000000000 ) ) ;
#1101 = EDGE_CURVE ( 'NONE', #2450, #3882, #692, .T. ) ;
#1102 = CLOSED_SHELL ( 'NONE', ( #321, #1179, #5157, #2724, #406, #6099, #3151, #3441, #5176, #23 ) ) ;
#1104 = FACE_OUTER_BOUND ( 'NONE', #1022, .T. ) ;
#1103 = PLANE ( 'NONE',  #5561 ) ;
#1105 = CARTESIAN_POINT ( 'NONE',  ( 7.375000000000000888, 0.5999999999999999778, 1.825000000000000622 ) ) ;
#1106 = EDGE_CURVE ( 'NONE', #564, #975, #629, .T. ) ;
#1107 = PLANE ( 'NONE',  #5940 ) ;
#1108 = VECTOR ( 'NONE', #3102, 1000.000000000000114 ) ;
#1109 = EDGE_LOOP ( 'NONE', ( #6265, #747, #6272, #254 ) ) ;
#1110 = ORIENTED_EDGE ( 'NONE', *, *, #1139, .T. ) ;
#1111 = VECTOR ( 'NONE', #4039, 1000.000000000000000 ) ;
#1112 = VECTOR ( 'NONE', #4154, 1000.000000000000114 ) ;
#1113 = DIRECTION ( 'NONE',  ( -1.000000000000000000, -0.000000000000000000, 0.000000000000000000 ) ) ;
#1114 = DIRECTION ( 'NONE',  ( 0.000000000000000000, 0.000000000000000000, 1.000000000000000000 ) ) ;
#1115 = PLANE ( 'NONE',  #949 ) ;
#1116 = ORIENTED_EDGE ( 'NONE', *, *, #4176, .T. ) ;
#1117 = ORIENTED_EDGE ( 'NONE', *, *, #2385, .T. ) ;
#1118 = EDGE_LOOP ( 'NONE', ( #845, #3691, #1016, #4526, #454, #4009 ) ) ;
#1119 = ORIENTED_EDGE ( 'NONE', *, *, #4499, .F. ) ;
#1120 = EDGE_CURVE ( 'NONE', #5266, #6037, #2124, .T. ) ;
#1121 = DIRECTION ( 'NONE',  ( 0.000000000000000000, 0.000000000000000000, -1.000000000000000000 ) ) ;
#1122 = CARTESIAN_POINT ( 'NONE',  ( 2.425000000000000266, 0.000000000000000000, 2.475000000000000089 ) ) ;
#1123 = LINE ( 'NONE', #2017, #1636 ) ;
#1124 = CARTESIAN_POINT ( 'NONE',  ( 3.724999999999999201, 4.049999999999999822, 0.9749999999999990896 ) ) ;
#1125 = DIRECTION ( 'NONE',  ( -0.000000000000000000, 1.000000000000000000, -0.000000000000000000 ) ) ;
#1126 = ORIENTED_EDGE ( 'NONE', *, *, #1147, .F. ) ;
#1127 = PLANE ( 'NONE',  #2125 ) ;
#1128 = LINE ( 'NONE', #3066, #2195 ) ;
#1129 = DIRECTION ( 'NONE',  ( -0.000000000000000000, -1.000000000000000000, -0.000000000000000000 ) ) ;
#1130 = VERTEX_POINT ( 'NONE', #6068 ) ;
#1131 = LINE ( 'NONE', #5377, #565 ) ;
#1132 = LINE ( 'NONE', #785, #4533 ) ;
#1133 = PRESENTATION_STYLE_ASSIGNMENT (( #5069 ) ) ;
#1134 = ORIENTED_EDGE ( 'NONE', *, *, #1028, .T. ) ;
#1135 = EDGE_LOOP ( 'NONE', ( #3554, #6105, #1225, #799 ) ) ;
#1136 = AXIS2_PLACEMENT_3D ( 'NONE', #1019, #2259, #1140 ) ;
#1137 = ORIENTED_EDGE ( 'NONE', *, *, #485, .F. ) ;
#1138 = CARTESIAN_POINT ( 'NONE',  ( 2.725000000000000089, 0.2500000000000000000, 2.475000000000000089 ) ) ;
#1139 = EDGE_CURVE ( 'NONE', #1909, #4400, #5572, .T. ) ;
#1140 = DIRECTION ( 'NONE',  ( 0.000000000000000000, 0.000000000000000000, 1.000000000000000000 ) ) ;
#1141 = DIRECTION ( 'NONE',  ( 0.000000000000000000, 0.000000000000000000, 1.000000000000000000 ) ) ;
#1142 = ADVANCED_FACE ( 'NONE', ( #2703 ), #3131, .F. ) ;
#1143 = ORIENTED_EDGE ( 'NONE', *, *, #3235, .T. ) ;
#1144 = ORIENTED_EDGE ( 'NONE', *, *, #4287, .T. ) ;
#1145 = ORIENTED_EDGE ( 'NONE', *, *, #3628, .F. ) ;
#1146 = ORIENTED_EDGE ( 'NONE', *, *, #6286, .F. ) ;
#1147 = EDGE_CURVE ( 'NONE', #5811, #1679, #2571, .T. ) ;
#1148 = MANIFOLD_SOLID_BREP ( 'LPattern3[1]', #593 ) ;
#1149 = LINE ( 'NONE', #1290, #1524 ) ;
#1150 = CARTESIAN_POINT ( 'NONE',  ( 7.375000000000000000, 3.950000000000000178, 0.1750000000000002387 ) ) ;
#1151 = FILL_AREA_STYLE ('',( #4954 ) ) ;
#1152 = CARTESIAN_POINT ( 'NONE',  ( 2.125000000000000000, 1.800000000000000044, -1.774999999999999689 ) ) ;
#1153 = VECTOR ( 'NONE', #1940, 1000.000000000000000 ) ;
#1154 = ORIENTED_EDGE ( 'NONE', *, *, #5627, .T. ) ;
#1155 = VECTOR ( 'NONE', #3457, 1000.000000000000000 ) ;
#1156 = EDGE_CURVE ( 'NONE', #5252, #5338, #1608, .T. ) ;
#1157 = CARTESIAN_POINT ( 'NONE',  ( 5.524999999999998579, 1.016439536705160869E-17, 0.3750000000000000555 ) ) ;
#1158 = VECTOR ( 'NONE', #5613, 1000.000000000000000 ) ;
#1159 = DIRECTION ( 'NONE',  ( -4.688441826964343312E-16, -1.000000000000000000, 0.000000000000000000 ) ) ;
#1160 = CARTESIAN_POINT ( 'NONE',  ( 7.275000000000000355, 1.899999999999999689, 2.475000000000000089 ) ) ;
#1161 = VECTOR ( 'NONE', #1125, 1000.000000000000000 ) ;
#1162 = ORIENTED_EDGE ( 'NONE', *, *, #1540, .T. ) ;
#1163 = VECTOR ( 'NONE', #1840, 1000.000000000000000 ) ;
#1164 = LINE ( 'NONE', #2122, #4366 ) ;
#1166 = CARTESIAN_POINT ( 'NONE',  ( 2.225000000000000533, 2.349999999999999645, 0.6750000000000002665 ) ) ;
#1165 = DIRECTION ( 'NONE',  ( 1.000000000000000000, 0.000000000000000000, 1.807003620809174632E-16 ) ) ;
#1167 = LINE ( 'NONE', #3617, #3816 ) ;
#1168 = LINE ( 'NONE', #3169, #3496 ) ;
#1169 = ORIENTED_EDGE ( 'NONE', *, *, #2852, .F. ) ;
#1170 = ORIENTED_EDGE ( 'NONE', *, *, #5705, .T. ) ;
#1171 = MANIFOLD_SOLID_BREP ( 'LPattern2[27]', #294 ) ;
#1172 = ORIENTED_EDGE ( 'NONE', *, *, #1606, .T. ) ;
#1173 = EDGE_CURVE ( 'NONE', #5885, #4812, #997, .T. ) ;
#1174 = AXIS2_PLACEMENT_3D ( 'NONE', #3460, #1010, #114 ) ;
#1175 = VECTOR ( 'NONE', #842, 1000.000000000000000 ) ;
#1176 = CARTESIAN_POINT ( 'NONE',  ( 7.875000000000000000, 0.000000000000000000, 2.475000000000000089 ) ) ;
#1177 = CARTESIAN_POINT ( 'NONE',  ( 5.724999999999998757, 2.899999999999996803, -0.7749999999999999112 ) ) ;
#1178 = CARTESIAN_POINT ( 'NONE',  ( 7.875000000000000000, 1.999999999999999112, 2.475000000000000089 ) ) ;
#1179 = ADVANCED_FACE ( 'NONE', ( #1954 ), #3345, .F. ) ;
#1180 = VERTEX_POINT ( 'NONE', #1302 ) ;
#1181 = AXIS2_PLACEMENT_3D ( 'NONE', #4377, #5803, #4886 ) ;
#1182 = EDGE_LOOP ( 'NONE', ( #5375, #5568, #4433, #5810 ) ) ;
#1183 = ORIENTED_EDGE ( 'NONE', *, *, #4058, .F. ) ;
#1184 = ORIENTED_EDGE ( 'NONE', *, *, #977, .T. ) ;
#1185 = ADVANCED_FACE ( 'NONE', ( #1477 ), #490, .F. ) ;
#1186 = ADVANCED_FACE ( 'NONE', ( #2733 ), #520, .T. ) ;
#1187 = DIRECTION ( 'NONE',  ( 0.000000000000000000, 1.000000000000000000, 0.000000000000000000 ) ) ;
#1188 = DIRECTION ( 'NONE',  ( -1.000000000000000000, 0.000000000000000000, 0.000000000000000000 ) ) ;
#1189 = DIRECTION ( 'NONE',  ( 0.000000000000000000, 0.000000000000000000, 1.000000000000000000 ) ) ;
#1190 = CARTESIAN_POINT ( 'NONE',  ( 4.474999999999998757, 3.299999999999999822, -1.224999999999999645 ) ) ;
#1191 = EDGE_CURVE ( 'NONE', #1834, #4893, #960, .T. ) ;
#1192 = EDGE_CURVE ( 'NONE', #6037, #5072, #2875, .T. ) ;
#1193 = PRODUCT_DEFINITION_SHAPE ( 'NONE', 'NONE',  #6295 ) ;
#1194 = EDGE_LOOP ( 'NONE', ( #5672, #2866, #5583, #1708 ) ) ;
#1195 = LINE ( 'NONE', #1697, #4573 ) ;
#1196 = DIRECTION ( 'NONE',  ( -0.5773502691896257311, 0.5773502691896257311, 0.5773502691896257311 ) ) ;
#1197 = FACE_OUTER_BOUND ( 'NONE', #7, .T. ) ;
#1198 = MANIFOLD_SOLID_BREP ( 'LPattern2[9]', #6178 ) ;
#1199 = VERTEX_POINT ( 'NONE', #5366 ) ;
#1200 = EDGE_CURVE ( 'NONE', #5353, #3719, #4857, .T. ) ;
#1201 = CARTESIAN_POINT ( 'NONE',  ( 4.124999999999999112, 3.950000000000000178, 0.3750000000000000555 ) ) ;
#1203 = CARTESIAN_POINT ( 'NONE',  ( 4.624999999999998224, 2.250000000000000000, 1.075000000000000400 ) ) ;
#1202 = DIRECTION ( 'NONE',  ( 0.000000000000000000, -0.000000000000000000, 1.000000000000000000 ) ) ;
#1204 = DIRECTION ( 'NONE',  ( 0.000000000000000000, -1.000000000000000000, 0.000000000000000000 ) ) ;
#1205 = EDGE_LOOP ( 'NONE', ( #4725, #2771, #1134, #38 ) ) ;
#1206 = VECTOR ( 'NONE', #3788, 1000.000000000000000 ) ;
#1207 = ORIENTED_EDGE ( 'NONE', *, *, #1446, .T. ) ;
#1208 = ORIENTED_EDGE ( 'NONE', *, *, #874, .F. ) ;
#1209 = ORIENTED_EDGE ( 'NONE', *, *, #711, .T. ) ;
#1210 = CARTESIAN_POINT ( 'NONE',  ( 7.875000000000000000, 1.899999999999999911, 1.825000000000000622 ) ) ;
#1211 = AXIS2_PLACEMENT_3D ( 'NONE', #726, #1703, #3167 ) ;
#1212 = CARTESIAN_POINT ( 'NONE',  ( 2.624999999999999556, 0.2500000000000000000, -0.3340169943749460302 ) ) ;
#1213 = CARTESIAN_POINT ( 'NONE',  ( 3.125000000000000000, 3.950000000000000178, -1.174999999999999822 ) ) ;
#1214 = VECTOR ( 'NONE', #839, 1000.000000000000000 ) ;
#1215 = VERTEX_POINT ( 'NONE', #2559 ) ;
#1216 = EDGE_LOOP ( 'NONE', ( #5127, #945, #5956, #2624, #3039 ) ) ;
#1217 = ORIENTED_EDGE ( 'NONE', *, *, #4920, .F. ) ;
#1218 = EDGE_LOOP ( 'NONE', ( #4042, #3610, #1170, #4459, #1051, #509, #3676, #713, #3023, #3172, #316, #3324, #3947 ) ) ;
#1219 = MANIFOLD_SOLID_BREP ( 'Boss-Extrude7', #1102 ) ;
#1220 = PLANE ( 'NONE',  #2457 ) ;
#1221 = DIRECTION ( 'NONE',  ( 0.000000000000000000, 0.7071067811865435759, 0.7071067811865515695 ) ) ;
#1222 = VECTOR ( 'NONE', #6119, 1000.000000000000000 ) ;
#1223 = LINE ( 'NONE', #2687, #3567 ) ;
#1224 = CARTESIAN_POINT ( 'NONE',  ( 7.375000000000000888, 0.000000000000000000, 2.475000000000000089 ) ) ;
#1225 = ORIENTED_EDGE ( 'NONE', *, *, #4760, .F. ) ;
#1226 = AXIS2_PLACEMENT_3D ( 'NONE', #1249, #3600, #6020 ) ;
#1227 = CARTESIAN_POINT ( 'NONE',  ( 5.874999999999997335, 1.199999999999999734, 0.1750000000000000999 ) ) ;
#1228 = DIRECTION ( 'NONE',  ( 0.000000000000000000, -1.000000000000000000, -1.251002506714043540E-16 ) ) ;
#1229 = EDGE_CURVE ( 'NONE', #130, #4264, #1123, .T. ) ;
#1230 = DIRECTION ( 'NONE',  ( 1.000000000000000000, 0.000000000000000000, 0.000000000000000000 ) ) ;
#1231 = ORIENTED_EDGE ( 'NONE', *, *, #1634, .T. ) ;
#1232 = ORIENTED_EDGE ( 'NONE', *, *, #3157, .F. ) ;
#1233 = PLANE ( 'NONE',  #703 ) ;
#1235 = DIRECTION ( 'NONE',  ( 0.000000000000000000, 0.000000000000000000, 1.000000000000000000 ) ) ;
#1234 = DIRECTION ( 'NONE',  ( -0.000000000000000000, 0.000000000000000000, 1.000000000000000000 ) ) ;
#1236 = DIRECTION ( 'NONE',  ( -0.000000000000000000, -0.000000000000000000, 1.000000000000000000 ) ) ;
#1237 = DIRECTION ( 'NONE',  ( 0.000000000000000000, -0.7071067811865515695, 0.7071067811865435759 ) ) ;
#1238 = EDGE_CURVE ( 'NONE', #188, #5078, #3059, .T. ) ;
#1239 = ORIENTED_EDGE ( 'NONE', *, *, #5605, .F. ) ;
#1240 = EDGE_LOOP ( 'NONE', ( #665, #6140, #5621, #6172, #5285 ) ) ;
#1241 = ORIENTED_EDGE ( 'NONE', *, *, #1028, .F. ) ;
#1242 = ADVANCED_FACE ( 'NONE', ( #1094 ), #3954, .T. ) ;
#1243 = CARTESIAN_POINT ( 'NONE',  ( 4.474999999999996980, 0.3000000000000009881, -1.625000000000000888 ) ) ;
#1244 = DIRECTION ( 'NONE',  ( -1.000000000000000000, -0.000000000000000000, -0.000000000000000000 ) ) ;
#1245 = LINE ( 'NONE', #737, #5937 ) ;
#1246 = VECTOR ( 'NONE', #3730, 1000.000000000000114 ) ;
#1247 = LINE ( 'NONE', #2718, #2383 ) ;
#1248 = ORIENTED_EDGE ( 'NONE', *, *, #5777, .T. ) ;
#1249 = CARTESIAN_POINT ( 'NONE',  ( 2.425000000000000266, 1.899999999999999689, 2.475000000000000533 ) ) ;
#1250 = LINE ( 'NONE', #616, #2900 ) ;
#1251 = CARTESIAN_POINT ( 'NONE',  ( 5.724999999999997868, 0.4999999999999998890, -0.8249999999999997335 ) ) ;
#1252 = CARTESIAN_POINT ( 'NONE',  ( 4.274999999999997691, 0.1792893218813484957, -1.745710678118654657 ) ) ;
#1253 = EDGE_LOOP ( 'NONE', ( #428, #4101, #4790, #4109 ) ) ;
#1254 = EDGE_CURVE ( 'NONE', #3969, #4978, #1504, .T. ) ;
#1255 = CARTESIAN_POINT ( 'NONE',  ( 3.025000000000005240, 4.049999999999999822, -1.775000000000000355 ) ) ;
#1256 = CARTESIAN_POINT ( 'NONE',  ( 7.774999999999999467, 2.349999999999999645, 0.6750000000000002665 ) ) ;
#1257 = AXIS2_PLACEMENT_3D ( 'NONE', #681, #232, #3669 ) ;
#1258 = DIRECTION ( 'NONE',  ( -1.000000000000000000, -0.000000000000000000, -0.000000000000000000 ) ) ;
#1259 = ORIENTED_EDGE ( 'NONE', *, *, #54, .F. ) ;
#1260 = EDGE_CURVE ( 'NONE', #2428, #957, #5013, .T. ) ;
#1261 = EDGE_LOOP ( 'NONE', ( #4552, #2650, #4867, #3968 ) ) ;
#1262 = EDGE_CURVE ( 'NONE', #216, #3530, #5496, .T. ) ;
#1263 = VECTOR ( 'NONE', #4335, 1000.000000000000000 ) ;
#1264 = EDGE_CURVE ( 'NONE', #2953, #5338, #1026, .T. ) ;
#1265 = FACE_OUTER_BOUND ( 'NONE', #2065, .T. ) ;
#1266 = VECTOR ( 'NONE', #2371, 1000.000000000000000 ) ;
#1268 = DIRECTION ( 'NONE',  ( -0.000000000000000000, -0.000000000000000000, 1.000000000000000000 ) ) ;
#1267 = CARTESIAN_POINT ( 'NONE',  ( 7.575000000000000178, 0.000000000000000000, 2.475000000000000089 ) ) ;
#1269 = CARTESIAN_POINT ( 'NONE',  ( 4.274999999999998579, 2.899999999999996803, -0.7749999999999999112 ) ) ;
#1270 = PLANE ( 'NONE',  #1771 ) ;
#1271 = PRODUCT_DEFINITION_FORMATION_WITH_SPECIFIED_SOURCE ( 'ANY', '', #3163, .NOT_KNOWN. ) ;
#1272 = ORIENTED_EDGE ( 'NONE', *, *, #3709, .T. ) ;
#1273 = EDGE_CURVE ( 'NONE', #3055, #994, #134, .T. ) ;
#1274 = EDGE_CURVE ( 'NONE', #1958, #5252, #5413, .T. ) ;
#1275 = ORIENTED_EDGE ( 'NONE', *, *, #735, .T. ) ;
#1276 = MANIFOLD_SOLID_BREP ( 'Boss-Extrude9', #1707 ) ;
#1277 = ORIENTED_EDGE ( 'NONE', *, *, #1455, .T. ) ;
#1278 = CARTESIAN_POINT ( 'NONE',  ( 7.375000000000000888, 1.899999999999999689, 2.475000000000000533 ) ) ;
#1279 = FACE_OUTER_BOUND ( 'NONE', #3936, .T. ) ;
#1280 = CARTESIAN_POINT ( 'NONE',  ( 2.125000000000000000, 0.5999999999999999778, 0.2250000000000008105 ) ) ;
#1281 = EDGE_CURVE ( 'NONE', #1915, #5657, #4019, .T. ) ;
#1282 = DIRECTION ( 'NONE',  ( 0.000000000000000000, 0.000000000000000000, 1.000000000000000000 ) ) ;
#1283 = ORIENTED_EDGE ( 'NONE', *, *, #3994, .T. ) ;
#1284 = ORIENTED_EDGE ( 'NONE', *, *, #5322, .F. ) ;
#1285 = EDGE_CURVE ( 'NONE', #1048, #2959, #4595, .T. ) ;
#1286 = ORIENTED_EDGE ( 'NONE', *, *, #3123, .F. ) ;
#1287 = EDGE_LOOP ( 'NONE', ( #65, #4761, #3340, #2596, #4285, #3574, #1645, #5775 ) ) ;
#1288 = ORIENTED_EDGE ( 'NONE', *, *, #6162, .T. ) ;
#1289 = VECTOR ( 'NONE', #196, 1000.000000000000000 ) ;
#1290 = CARTESIAN_POINT ( 'NONE',  ( 7.375000000000000888, 0.2500000000000000000, 2.475000000000000089 ) ) ;
#1291 = PLANE ( 'NONE',  #4081 ) ;
#1292 = DIRECTION ( 'NONE',  ( -1.000000000000000000, -0.000000000000000000, -0.000000000000000000 ) ) ;
#1293 = AXIS2_PLACEMENT_3D ( 'NONE', #2084, #49, #4027 ) ;
#1294 = VECTOR ( 'NONE', #816, 1000.000000000000000 ) ;
#1295 = CARTESIAN_POINT ( 'NONE',  ( 4.124999999999999112, 4.049999999999999822, 0.2749999999999994671 ) ) ;
#1296 = CARTESIAN_POINT ( 'NONE',  ( 5.524999999999998579, 1.199999999999999734, 0.1750000000000000722 ) ) ;
#1297 = CARTESIAN_POINT ( 'NONE',  ( 0.000000000000000000, 2.899999999999999911, 0.000000000000000000 ) ) ;
#1298 = ORIENTED_EDGE ( 'NONE', *, *, #4103, .T. ) ;
#1299 = DIRECTION ( 'NONE',  ( 0.000000000000000000, 0.000000000000000000, -1.000000000000000000 ) ) ;
#1300 = EDGE_CURVE ( 'NONE', #3465, #1370, #6116, .T. ) ;
#1302 = CARTESIAN_POINT ( 'NONE',  ( 4.274999999999999467, 1.449999999999999956, 0.1750000000000000722 ) ) ;
#1301 = LINE ( 'NONE', #2668, #6248 ) ;
#1303 = DIRECTION ( 'NONE',  ( 1.000000000000000000, 0.000000000000000000, -0.000000000000000000 ) ) ;
#1304 = LINE ( 'NONE', #2344, #659 ) ;
#1305 = EDGE_LOOP ( 'NONE', ( #3630, #5636, #1881, #2325 ) ) ;
#1306 = LINE ( 'NONE', #2829, #4616 ) ;
#1307 = CARTESIAN_POINT ( 'NONE',  ( 2.125000000000000000, 3.399999999999999911, -1.174999999999999822 ) ) ;
#1308 = CARTESIAN_POINT ( 'NONE',  ( 5.724999999999997868, 0.3500000000000009215, -1.374999999999999778 ) ) ;
#1309 = CARTESIAN_POINT ( 'NONE',  ( 7.781793621149187601, 1.449999999999999956, 0.000000000000000000 ) ) ;
#1310 = ORIENTED_EDGE ( 'NONE', *, *, #3159, .F. ) ;
#1311 = UNCERTAINTY_MEASURE_WITH_UNIT (LENGTH_MEASURE( 1.000000000000000082E-05 ), #2001, 'distance_accuracy_value', 'NONE');
#1312 = VERTEX_POINT ( 'NONE', #4206 ) ;
#1313 = ORIENTED_EDGE ( 'NONE', *, *, #2510, .F. ) ;
#1314 = ORIENTED_EDGE ( 'NONE', *, *, #1380, .T. ) ;
#1315 = DIRECTION ( 'NONE',  ( 1.000000000000000000, 0.000000000000000000, 0.000000000000000000 ) ) ;
#1316 = LINE ( 'NONE', #2722, #3472 ) ;
#1317 = PLANE ( 'NONE',  #1052 ) ;
#1318 = VECTOR ( 'NONE', #81, 1000.000000000000000 ) ;
#1319 = EDGE_CURVE ( 'NONE', #306, #2894, #6142, .T. ) ;
#1320 = VECTOR ( 'NONE', #5565, 1000.000000000000000 ) ;
#1321 = LINE ( 'NONE', #2874, #2939 ) ;
#1322 = LINE ( 'NONE', #5678, #2879 ) ;
#1323 = FACE_OUTER_BOUND ( 'NONE', #1240, .T. ) ;
#1324 = AXIS2_PLACEMENT_3D ( 'NONE', #2141, #327, #4627 ) ;
#1325 = FACE_OUTER_BOUND ( 'NONE', #732, .T. ) ;
#1326 = LINE ( 'NONE', #2369, #6253 ) ;
#1327 = DIRECTION ( 'NONE',  ( 0.000000000000000000, -1.000000000000000000, -3.336006684570783101E-16 ) ) ;
#1328 = CARTESIAN_POINT ( 'NONE',  ( 4.274999999999997691, 0.4999999999999998890, -0.8249999999999997335 ) ) ;
#1329 = ORIENTED_EDGE ( 'NONE', *, *, #2390, .T. ) ;
#1330 = ORIENTED_EDGE ( 'NONE', *, *, #2132, .T. ) ;
#1331 = VERTEX_POINT ( 'NONE', #804 ) ;
#1332 = ORIENTED_EDGE ( 'NONE', *, *, #5622, .T. ) ;
#1333 = DIRECTION ( 'NONE',  ( -1.000000000000000000, -0.000000000000000000, -0.000000000000000000 ) ) ;
#1334 = LINE ( 'NONE', #3233, #2266 ) ;
#1335 = LINE ( 'NONE', #885, #5229 ) ;
#1336 = LINE ( 'NONE', #2863, #5444 ) ;
#1337 = VERTEX_POINT ( 'NONE', #3637 ) ;
#1338 = VERTEX_POINT ( 'NONE', #1785 ) ;
#1339 = EDGE_LOOP ( 'NONE', ( #3076, #1819, #4894, #416 ) ) ;
#1340 = ADVANCED_FACE ( 'NONE', ( #5586 ), #3119, .F. ) ;
#1341 = CARTESIAN_POINT ( 'NONE',  ( 2.725000000000000089, 4.049999999999999822, 0.2749999999999996336 ) ) ;
#1342 = EDGE_CURVE ( 'NONE', #6288, #1910, #1223, .T. ) ;
#1343 = LINE ( 'NONE', #418, #301 ) ;
#1344 = LINE ( 'NONE', #5175, #4308 ) ;
#1345 = EDGE_CURVE ( 'NONE', #4480, #53, #3246, .T. ) ;
#1346 = AXIS2_PLACEMENT_3D ( 'NONE', #3021, #4976, #2042 ) ;
#1347 = VERTEX_POINT ( 'NONE', #2143 ) ;
#1348 = ORIENTED_EDGE ( 'NONE', *, *, #535, .F. ) ;
#1349 = LINE ( 'NONE', #3280, #2651 ) ;
#1350 = DIRECTION ( 'NONE',  ( 0.000000000000000000, -1.000000000000000000, 0.000000000000000000 ) ) ;
#1351 = LINE ( 'NONE', #4212, #6131 ) ;
#1352 = CARTESIAN_POINT ( 'NONE',  ( 4.274999999999998579, 1.449999999999999956, 0.000000000000000000 ) ) ;
#1353 = VERTEX_POINT ( 'NONE', #5203 ) ;
#1354 = EDGE_CURVE ( 'NONE', #2037, #1709, #1316, .T. ) ;
#1355 = CARTESIAN_POINT ( 'NONE',  ( -6.875000000000000000, 3.950000000000000178, 0.3750000000000001110 ) ) ;
#1356 = AXIS2_PLACEMENT_3D ( 'NONE', #4150, #1698, #3189 ) ;
#1357 = CARTESIAN_POINT ( 'NONE',  ( 7.575000000000000178, 0.5999999999999999778, 0.2250000000000008105 ) ) ;
#1358 = DIRECTION ( 'NONE',  ( 0.000000000000000000, 0.000000000000000000, 1.000000000000000000 ) ) ;
#1359 = CARTESIAN_POINT ( 'NONE',  ( 4.474999999999997868, 1.449999999999999956, 0.3750000000000000000 ) ) ;
#1360 = ORIENTED_EDGE ( 'NONE', *, *, #2962, .F. ) ;
#1361 = VECTOR ( 'NONE', #3267, 1000.000000000000000 ) ;
#1362 = VERTEX_POINT ( 'NONE', #6022 ) ;
#1364 = CARTESIAN_POINT ( 'NONE',  ( 7.575000000000000178, 0.5999999999999999778, 0.2250000000000008105 ) ) ;
#1363 = DIRECTION ( 'NONE',  ( 0.000000000000000000, -4.336808689941999001E-16, 1.000000000000000000 ) ) ;
#1365 = CARTESIAN_POINT ( 'NONE',  ( 7.375000000000000000, 2.899999999999999911, 0.1750000000000002387 ) ) ;
#1366 = CARTESIAN_POINT ( 'NONE',  ( 7.625000000000000000, 3.399999999999999911, 0.1750000000000002387 ) ) ;
#1367 = DIRECTION ( 'NONE',  ( 0.000000000000000000, -1.000000000000000000, 0.000000000000000000 ) ) ;
#1368 = AXIS2_PLACEMENT_3D ( 'NONE', #3810, #5284, #352 ) ;
#1369 = EDGE_CURVE ( 'NONE', #4222, #4680, #2173, .T. ) ;
#1370 = VERTEX_POINT ( 'NONE', #198 ) ;
#1371 = ADVANCED_FACE ( 'NONE', ( #1659 ), #4629, .F. ) ;
#1372 = EDGE_LOOP ( 'NONE', ( #141, #4868, #3814, #3914 ) ) ;
#1373 = ORIENTED_EDGE ( 'NONE', *, *, #5588, .T. ) ;
#1374 = PLANE ( 'NONE',  #1753 ) ;
#1375 = PLANE ( 'NONE',  #2746 ) ;
#1376 = PLANE ( 'NONE',  #4001 ) ;
#1377 = ADVANCED_FACE ( 'NONE', ( #5618 ), #710, .F. ) ;
#1378 = VECTOR ( 'NONE', #2476, 1000.000000000000000 ) ;
#1379 = ORIENTED_EDGE ( 'NONE', *, *, #5235, .T. ) ;
#1380 = EDGE_CURVE ( 'NONE', #2073, #1628, #3668, .T. ) ;
#1381 = ADVANCED_FACE ( 'NONE', ( #4145 ), #6088, .F. ) ;
#1382 = EDGE_LOOP ( 'NONE', ( #4910, #3054, #5482, #5910, #2619, #226, #2048, #74 ) ) ;
#1383 = CARTESIAN_POINT ( 'NONE',  ( 5.524999999999997691, 0.5000000000000022204, -1.324999999999999734 ) ) ;
#1384 = DIRECTION ( 'NONE',  ( -0.000000000000000000, 1.000000000000000000, 0.000000000000000000 ) ) ;
#1385 = VECTOR ( 'NONE', #1575, 1000.000000000000000 ) ;
#1386 = VECTOR ( 'NONE', #5567, 1000.000000000000000 ) ;
#1387 = DIRECTION ( 'NONE',  ( -0.000000000000000000, -0.000000000000000000, 1.000000000000000000 ) ) ;
#1388 = EDGE_CURVE ( 'NONE', #3138, #1623, #4664, .T. ) ;
#1389 = ADVANCED_FACE ( 'NONE', ( #4174 ), #1291, .F. ) ;
#1390 = CARTESIAN_POINT ( 'NONE',  ( 5.724999999999998757, 3.299999999999999822, -0.9349999999999998312 ) ) ;
#1391 = VECTOR ( 'NONE', #5458, 999.9999999999998863 ) ;
#1392 = ORIENTED_EDGE ( 'NONE', *, *, #5062, .F. ) ;
#1393 = AXIS2_PLACEMENT_3D ( 'NONE', #5716, #871, #4241 ) ;
#1394 = DIRECTION ( 'NONE',  ( 0.4472135954999579277, -0.8944271909999158554, -0.000000000000000000 ) ) ;
#1395 = DIRECTION ( 'NONE',  ( 0.000000000000000000, 0.000000000000000000, 1.000000000000000000 ) ) ;
#1396 = DIRECTION ( 'NONE',  ( -0.000000000000000000, 0.000000000000000000, 1.000000000000000000 ) ) ;
#1397 = FACE_OUTER_BOUND ( 'NONE', #5629, .T. ) ;
#1398 = EDGE_LOOP ( 'NONE', ( #1183, #4919, #1617, #5170 ) ) ;
#1399 = EDGE_CURVE ( 'NONE', #5266, #4022, #2815, .T. ) ;
#1401 = FACE_OUTER_BOUND ( 'NONE', #2418, .T. ) ;
#1400 = DIRECTION ( 'NONE',  ( 1.000000000000000000, 0.000000000000000000, 0.000000000000000000 ) ) ;
#1402 = LINE ( 'NONE', #3266, #2783 ) ;
#1403 = CARTESIAN_POINT ( 'NONE',  ( 4.474999999999996980, 0.3500000000000009215, -1.324999999999999512 ) ) ;
#1404 = CARTESIAN_POINT ( 'NONE',  ( 7.375000000000000000, 3.399999999999999911, 0.1750000000000001554 ) ) ;
#1405 = VERTEX_POINT ( 'NONE', #4848 ) ;
#1406 = ORIENTED_EDGE ( 'NONE', *, *, #4096, .F. ) ;
#1407 = EDGE_LOOP ( 'NONE', ( #2555, #5898, #4826, #2994 ) ) ;
#1408 = CARTESIAN_POINT ( 'NONE',  ( 7.575000000000000178, 0.000000000000000000, 0.2250000000000008105 ) ) ;
#1409 = DIRECTION ( 'NONE',  ( -0.000000000000000000, 0.3713906763541011125, 0.9284766908852604139 ) ) ;
#1410 = CARTESIAN_POINT ( 'NONE',  ( 7.875000000000000000, 1.800000000000000044, -1.175000000000000044 ) ) ;
#1411 = ORIENTED_EDGE ( 'NONE', *, *, #1156, .F. ) ;
#1412 = DIRECTION ( 'NONE',  ( 0.000000000000000000, -0.7071067811865475727, 0.7071067811865475727 ) ) ;
#1413 = CARTESIAN_POINT ( 'NONE',  ( 2.125000000000000000, 1.899999999999999689, 2.375000000000000888 ) ) ;
#1414 = SURFACE_STYLE_USAGE ( .BOTH. , #835 ) ;
#1415 = CARTESIAN_POINT ( 'NONE',  ( 5.375000000000001776, 2.250000000000000000, 0.6750000000000004885 ) ) ;
#1416 = VECTOR ( 'NONE', #1435, 1000.000000000000000 ) ;
#1417 = VECTOR ( 'NONE', #1930, 1000.000000000000000 ) ;
#1418 = ADVANCED_FACE ( 'NONE', ( #890 ), #1912, .F. ) ;
#1419 = CARTESIAN_POINT ( 'NONE',  ( 6.875000000000000000, 1.449999999999999956, -1.174999999999999822 ) ) ;
#1420 = DIRECTION ( 'NONE',  ( -0.000000000000000000, 0.000000000000000000, 1.000000000000000000 ) ) ;
#1421 = CARTESIAN_POINT ( 'NONE',  ( 2.425000000000000266, 1.899999999999999911, 1.825000000000000622 ) ) ;
#1422 = CARTESIAN_POINT ( 'NONE',  ( 4.274999999999999467, 4.049999999999999822, 0.1750000000000000722 ) ) ;
#1423 = ORIENTED_EDGE ( 'NONE', *, *, #4847, .F. ) ;
#1424 = EDGE_LOOP ( 'NONE', ( #4553, #3373, #1283, #5680 ) ) ;
#1426 = CARTESIAN_POINT ( 'NONE',  ( 5.669910864525444794, 0.000000000000000000, 0.2250000000000008105 ) ) ;
#1425 = LINE ( 'NONE', #2828, #4737 ) ;
#1427 = AXIS2_PLACEMENT_3D ( 'NONE', #3984, #1092, #3027 ) ;
#1428 = LINE ( 'NONE', #5221, #342 ) ;
#1429 = CARTESIAN_POINT ( 'NONE',  ( 2.624999999999999556, 1.899999999999999911, 1.825000000000000622 ) ) ;
#1430 = VERTEX_POINT ( 'NONE', #6268 ) ;
#1431 = ORIENTED_EDGE ( 'NONE', *, *, #1836, .F. ) ;
#1432 = ORIENTED_EDGE ( 'NONE', *, *, #1399, .F. ) ;
#1433 = ADVANCED_FACE ( 'NONE', ( #1851 ), #1375, .F. ) ;
#1434 = CARTESIAN_POINT ( 'NONE',  ( 4.474999999999996980, -0.1499999999999963862, -1.474999999999999645 ) ) ;
#1435 = DIRECTION ( 'NONE',  ( -0.000000000000000000, -0.000000000000000000, -1.000000000000000000 ) ) ;
#1436 = CARTESIAN_POINT ( 'NONE',  ( -6.875000000000000000, 3.950000000000000178, 0.3750000000000001110 ) ) ;
#1437 = ORIENTED_EDGE ( 'NONE', *, *, #4258, .F. ) ;
#1438 = VECTOR ( 'NONE', #1695, 999.9999999999998863 ) ;
#1439 = ORIENTED_EDGE ( 'NONE', *, *, #5205, .F. ) ;
#1440 = ORIENTED_EDGE ( 'NONE', *, *, #448, .T. ) ;
#1441 = DIRECTION ( 'NONE',  ( -1.000000000000000000, -0.000000000000000000, 0.000000000000000000 ) ) ;
#1442 = DIRECTION ( 'NONE',  ( 1.000000000000000000, 0.000000000000000000, -0.000000000000000000 ) ) ;
#1443 = PRESENTATION_STYLE_ASSIGNMENT (( #3196 ) ) ;
#1444 = LINE ( 'NONE', #930, #236 ) ;
#1445 = LINE ( 'NONE', #5773, #675 ) ;
#1446 = EDGE_CURVE ( 'NONE', #1710, #1868, #5232, .T. ) ;
#1447 = VERTEX_POINT ( 'NONE', #5821 ) ;
#1448 = EDGE_CURVE ( 'NONE', #2792, #315, #5707, .T. ) ;
#1449 = CARTESIAN_POINT ( 'NONE',  ( 4.624999999999998224, 3.950000000000000178, 0.3750000000000000555 ) ) ;
#1450 = DIRECTION ( 'NONE',  ( 0.000000000000000000, 0.000000000000000000, 1.000000000000000000 ) ) ;
#1451 = DIRECTION ( 'NONE',  ( -0.000000000000000000, 1.000000000000000000, -0.000000000000000000 ) ) ;
#1452 = EDGE_CURVE ( 'NONE', #5194, #3938, #1343, .T. ) ;
#1453 = FACE_OUTER_BOUND ( 'NONE', #6098, .T. ) ;
#1454 = ORIENTED_EDGE ( 'NONE', *, *, #5768, .F. ) ;
#1455 = EDGE_CURVE ( 'NONE', #1789, #3423, #2898, .T. ) ;
#1456 = EDGE_CURVE ( 'NONE', #1915, #3880, #2838, .T. ) ;
#1458 = LINE ( 'NONE', #5843, #4464 ) ;
#1457 = LINE ( 'NONE', #4254, #570 ) ;
#1459 = VECTOR ( 'NONE', #4322, 1000.000000000000000 ) ;
#1460 = CARTESIAN_POINT ( 'NONE',  ( 4.474999999999996980, 1.449999999999999956, 0.000000000000000000 ) ) ;
#1461 = ADVANCED_FACE ( 'NONE', ( #1468 ), #6235, .F. ) ;
#1462 = CARTESIAN_POINT ( 'NONE',  ( 5.524999999999997691, 0.1792893218813484679, -1.745710678118654657 ) ) ;
#1463 = VECTOR ( 'NONE', #656, 1000.000000000000000 ) ;
#1464 = ORIENTED_EDGE ( 'NONE', *, *, #718, .F. ) ;
#1465 = VECTOR ( 'NONE', #673, 1000.000000000000000 ) ;
#1466 = CARTESIAN_POINT ( 'NONE',  ( 4.474999999999997868, 4.049999999999999822, 0.2749999999999994671 ) ) ;
#1467 = VECTOR ( 'NONE', #1971, 1000.000000000000000 ) ;
#1468 = FACE_OUTER_BOUND ( 'NONE', #4076, .T. ) ;
#1469 = LINE ( 'NONE', #3404, #1564 ) ;
#1470 = EDGE_CURVE ( 'NONE', #975, #2690, #4751, .T. ) ;
#1471 = ORIENTED_EDGE ( 'NONE', *, *, #694, .F. ) ;
#1472 = VERTEX_POINT ( 'NONE', #4364 ) ;
#1473 = ADVANCED_FACE ( 'NONE', ( #5765 ), #4267, .T. ) ;
#1474 = ORIENTED_EDGE ( 'NONE', *, *, #5588, .F. ) ;
#1475 = LINE ( 'NONE', #5468, #4479 ) ;
#1476 = CARTESIAN_POINT ( 'NONE',  ( 4.474999999999996980, -0.04999999999999567291, -2.474999999999999645 ) ) ;
#1477 = FACE_OUTER_BOUND ( 'NONE', #1339, .T. ) ;
#1478 = CARTESIAN_POINT ( 'NONE',  ( 7.375000000000000000, 3.950000000000000178, 0.000000000000000000 ) ) ;
#1479 = CARTESIAN_POINT ( 'NONE',  ( 4.474999999999996980, 0.2500000000000037748, -1.816421356237308826 ) ) ;
#1480 = ORIENTED_EDGE ( 'NONE', *, *, #1156, .T. ) ;
#1481 = VECTOR ( 'NONE', #5944, 1000.000000000000000 ) ;
#1482 = AXIS2_PLACEMENT_3D ( 'NONE', #5687, #1831, #5274 ) ;
#1483 = LINE ( 'NONE', #4409, #3744 ) ;
#1484 = PLANE ( 'NONE',  #1293 ) ;
#1485 = FACE_OUTER_BOUND ( 'NONE', #1082, .T. ) ;
#1486 = CARTESIAN_POINT ( 'NONE',  ( 5.524999999999998579, 1.449999999999999956, -1.224999999999999645 ) ) ;
#1487 = VECTOR ( 'NONE', #1258, 1000.000000000000000 ) ;
#1488 = ORIENTED_EDGE ( 'NONE', *, *, #3050, .F. ) ;
#1489 = VERTEX_POINT ( 'NONE', #451 ) ;
#1491 = CARTESIAN_POINT ( 'NONE',  ( 3.624999999999999556, 3.950000000000000178, 0.3749999999999998335 ) ) ;
#1490 = LINE ( 'NONE', #4545, #4119 ) ;
#1492 = DIRECTION ( 'NONE',  ( -1.807003620809174632E-16, 0.000000000000000000, -1.000000000000000000 ) ) ;
#1493 = CARTESIAN_POINT ( 'NONE',  ( 7.375000000000000000, 1.800000000000000044, -1.774999999999999689 ) ) ;
#1494 = ORIENTED_EDGE ( 'NONE', *, *, #6051, .T. ) ;
#1495 = VERTEX_POINT ( 'NONE', #359 ) ;
#1496 = EDGE_LOOP ( 'NONE', ( #2464, #2387, #3779, #5701, #1454, #5139, #697, #3505, #5923, #1614, #5577, #2532, #1049, #533, #1553, #689, #4537, #2366, #2871, #5352, #178, #3229 ) ) ;
#1497 = CARTESIAN_POINT ( 'NONE',  ( 5.374999999999999112, 4.049999999999999822, 0.2749999999999994671 ) ) ;
#1498 = FACE_OUTER_BOUND ( 'NONE', #5754, .T. ) ;
#1499 = LINE ( 'NONE', #1087, #3086 ) ;
#1500 = ORIENTED_EDGE ( 'NONE', *, *, #2715, .F. ) ;
#1501 = ORIENTED_EDGE ( 'NONE', *, *, #893, .T. ) ;
#1502 = LINE ( 'NONE', #4434, #510 ) ;
#1503 = DIRECTION ( 'NONE',  ( -1.000000000000000000, 0.000000000000000000, -1.807003620809174632E-16 ) ) ;
#1504 = LINE ( 'NONE', #3029, #326 ) ;
#1505 = SURFACE_SIDE_STYLE ('',( #3449 ) ) ;
#1506 = CARTESIAN_POINT ( 'NONE',  ( 5.374999999999999112, 4.049999999999999822, 0.4749999999999995337 ) ) ;
#1507 = CLOSED_SHELL ( 'NONE', ( #1142, #3314, #5226, #5683, #3243, #2081, #1473 ) ) ;
#1508 = ORIENTED_EDGE ( 'NONE', *, *, #1300, .T. ) ;
#1509 = ORIENTED_EDGE ( 'NONE', *, *, #2779, .F. ) ;
#1510 = CARTESIAN_POINT ( 'NONE',  ( 3.125000000000000000, 3.950000000000000178, 0.8749999999999998890 ) ) ;
#1511 =( GEOMETRIC_REPRESENTATION_CONTEXT ( 3 ) GLOBAL_UNCERTAINTY_ASSIGNED_CONTEXT ( ( #1809 ) ) GLOBAL_UNIT_ASSIGNED_CONTEXT ( ( #2460, #815, #5685 ) ) REPRESENTATION_CONTEXT ( 'NONE', 'WORKASPACE' ) );
#1512 = DIRECTION ( 'NONE',  ( 0.000000000000000000, -1.000000000000000000, -0.000000000000000000 ) ) ;
#1513 = LINE ( 'NONE', #2536, #164 ) ;
#1514 = DIRECTION ( 'NONE',  ( -1.000000000000000000, 0.000000000000000000, 4.336808689942021680E-16 ) ) ;
#1515 = VECTOR ( 'NONE', #3737, 1000.000000000000000 ) ;
#1516 = AXIS2_PLACEMENT_3D ( 'NONE', #1889, #3826, #5770 ) ;
#1518 = CARTESIAN_POINT ( 'NONE',  ( -4.299999999999998934, 0.000000000000000000, 2.075000000000000622 ) ) ;
#1517 = CARTESIAN_POINT ( 'NONE',  ( 6.375000000000000888, 3.950000000000000178, 0.8749999999999996669 ) ) ;
#1519 = CARTESIAN_POINT ( 'NONE',  ( 3.124999999999999112, -6.123233995736742617E-17, 0.2250000000000008105 ) ) ;
#1520 = CARTESIAN_POINT ( 'NONE',  ( 5.524999999999997691, 0.2500000000000037748, -1.816421356237308826 ) ) ;
#1521 = CARTESIAN_POINT ( 'NONE',  ( -6.875000000000000000, 3.950000000000000178, 0.3750000000000001110 ) ) ;
#1522 = ORIENTED_EDGE ( 'NONE', *, *, #4269, .F. ) ;
#1523 = ORIENTED_EDGE ( 'NONE', *, *, #5947, .T. ) ;
#1524 = VECTOR ( 'NONE', #2239, 1000.000000000000000 ) ;
#1525 = CARTESIAN_POINT ( 'NONE',  ( 2.125000000000000000, 0.6500000000000000222, -1.774999999999999689 ) ) ;
#1526 = CARTESIAN_POINT ( 'NONE',  ( 6.000000000000000888, 3.850000000000000977, 0.6750000000000004885 ) ) ;
#1527 = LINE ( 'NONE', #3470, #2375 ) ;
#1528 = EDGE_CURVE ( 'NONE', #956, #3214, #2297, .T. ) ;
#1529 = ORIENTED_EDGE ( 'NONE', *, *, #1238, .T. ) ;
#1530 = ORIENTED_EDGE ( 'NONE', *, *, #790, .T. ) ;
#1531 = ORIENTED_EDGE ( 'NONE', *, *, #3709, .F. ) ;
#1532 = EDGE_CURVE ( 'NONE', #2516, #6017, #5493, .T. ) ;
#1533 = ORIENTED_EDGE ( 'NONE', *, *, #3796, .F. ) ;
#1534 = EDGE_CURVE ( 'NONE', #3506, #5085, #4814, .T. ) ;
#1535 = FACE_OUTER_BOUND ( 'NONE', #5008, .T. ) ;
#1536 = CARTESIAN_POINT ( 'NONE',  ( 4.624999999999998224, 4.049999999999999822, 0.4749999999999995337 ) ) ;
#1537 = SURFACE_STYLE_USAGE ( .BOTH. , #1057 ) ;
#1538 = FACE_OUTER_BOUND ( 'NONE', #445, .T. ) ;
#1539 = EDGE_CURVE ( 'NONE', #1215, #6010, #860, .T. ) ;
#1540 = EDGE_CURVE ( 'NONE', #4498, #5885, #3, .T. ) ;
#1541 = ORIENTED_EDGE ( 'NONE', *, *, #47, .T. ) ;
#1542 = VECTOR ( 'NONE', #5901, 1000.000000000000000 ) ;
#1543 = CARTESIAN_POINT ( 'NONE',  ( 5.524999999999997691, -0.1499999999999963862, -1.474999999999999645 ) ) ;
#1544 = FACE_OUTER_BOUND ( 'NONE', #4229, .T. ) ;
#1545 = VECTOR ( 'NONE', #2330, 999.9999999999998863 ) ;
#1546 = CARTESIAN_POINT ( 'NONE',  ( -7.875000000000000000, 0.6500000000000000222, -1.774999999999999689 ) ) ;
#1547 = CARTESIAN_POINT ( 'NONE',  ( 5.724999999999997868, 0.3500000000000009215, -1.324999999999999512 ) ) ;
#1548 = EDGE_CURVE ( 'NONE', #3111, #2443, #122, .T. ) ;
#1550 = DIRECTION ( 'NONE',  ( -1.000000000000000000, 0.000000000000000000, 0.000000000000000000 ) ) ;
#1549 = LINE ( 'NONE', #1517, #2811 ) ;
#1551 = LINE ( 'NONE', #1105, #5228 ) ;
#1552 = EDGE_LOOP ( 'NONE', ( #2834, #1392, #3263, #2492 ) ) ;
#1553 = ORIENTED_EDGE ( 'NONE', *, *, #722, .F. ) ;
#1554 = FACE_OUTER_BOUND ( 'NONE', #4818, .T. ) ;
#1555 = VECTOR ( 'NONE', #5051, 1000.000000000000000 ) ;
#1556 = DIRECTION ( 'NONE',  ( -1.000000000000000000, 0.000000000000000000, 0.000000000000000000 ) ) ;
#1557 = PLANE ( 'NONE',  #5441 ) ;
#1558 = ADVANCED_FACE ( 'NONE', ( #1498 ), #5987, .F. ) ;
#1559 = ORIENTED_EDGE ( 'NONE', *, *, #4252, .F. ) ;
#1560 = EDGE_CURVE ( 'NONE', #5393, #4582, #545, .T. ) ;
#1561 = ORIENTED_EDGE ( 'NONE', *, *, #4259, .F. ) ;
#1562 = EDGE_LOOP ( 'NONE', ( #788, #4359, #5129, #2257 ) ) ;
#1563 = ORIENTED_EDGE ( 'NONE', *, *, #3174, .T. ) ;
#1564 = VECTOR ( 'NONE', #5360, 1000.000000000000000 ) ;
#1565 = STYLED_ITEM ( 'NONE', ( #1133 ), #3298 ) ;
#1566 = EDGE_CURVE ( 'NONE', #818, #2354, #1590, .T. ) ;
#1567 = DIRECTION ( 'NONE',  ( 1.000000000000000000, 0.000000000000000000, -0.000000000000000000 ) ) ;
#1568 = DIRECTION ( 'NONE',  ( 0.000000000000000000, -0.7071067811865475727, 0.7071067811865475727 ) ) ;
#1569 = CARTESIAN_POINT ( 'NONE',  ( 5.724999999999997868, 0.1500000000000032419, -2.474999999999999645 ) ) ;
#1570 = DIRECTION ( 'NONE',  ( -1.000000000000000000, -0.000000000000000000, -0.000000000000000000 ) ) ;
#1571 = VECTOR ( 'NONE', #1570, 1000.000000000000000 ) ;
#1572 = EDGE_CURVE ( 'NONE', #3583, #3970, #4876, .T. ) ;
#1573 = EDGE_CURVE ( 'NONE', #3465, #2292, #4426, .T. ) ;
#1574 = CARTESIAN_POINT ( 'NONE',  ( 7.375000000000000000, 3.950000000000000178, -1.374999999999997558 ) ) ;
#1575 = DIRECTION ( 'NONE',  ( -0.000000000000000000, -1.000000000000000000, -0.000000000000000000 ) ) ;
#1576 = LINE ( 'NONE', #4442, #6148 ) ;
#1577 = ORIENTED_EDGE ( 'NONE', *, *, #4732, .T. ) ;
#1578 = VECTOR ( 'NONE', #4446, 1000.000000000000000 ) ;
#1580 = CARTESIAN_POINT ( 'NONE',  ( 2.125000000000000000, 0.6499999999999999112, -1.574999999999999512 ) ) ;
#1579 = FACE_OUTER_BOUND ( 'NONE', #3010, .T. ) ;
#1581 = LINE ( 'NONE', #1460, #2812 ) ;
#1582 = AXIS2_PLACEMENT_3D ( 'NONE', #3545, #3891, #530 ) ;
#1583 = VECTOR ( 'NONE', #4871, 1000.000000000000000 ) ;
#1584 = FACE_OUTER_BOUND ( 'NONE', #5732, .T. ) ;
#1585 = EDGE_CURVE ( 'NONE', #4168, #3743, #4906, .T. ) ;
#1586 = VECTOR ( 'NONE', #3586, 1000.000000000000000 ) ;
#1587 = ORIENTED_EDGE ( 'NONE', *, *, #3442, .F. ) ;
#1588 = VERTEX_POINT ( 'NONE', #1526 ) ;
#1589 = DIRECTION ( 'NONE',  ( 0.000000000000000000, 0.7071067811865381358, 0.7071067811865570096 ) ) ;
#1590 = LINE ( 'NONE', #3943, #604 ) ;
#1591 = LINE ( 'NONE', #2136, #449 ) ;
#1592 = ORIENTED_EDGE ( 'NONE', *, *, #5005, .T. ) ;
#1593 = ORIENTED_EDGE ( 'NONE', *, *, #1456, .T. ) ;
#1594 = ORIENTED_EDGE ( 'NONE', *, *, #3867, .F. ) ;
#1595 = EDGE_LOOP ( 'NONE', ( #5071, #5554, #2517, #2827, #1231, #2518, #4489, #4605 ) ) ;
#1596 = CARTESIAN_POINT ( 'NONE',  ( 4.969259957225234613E-17, 4.049999999999999822, 0.2750000000000002442 ) ) ;
#1597 = LINE ( 'NONE', #2653, #5052 ) ;
#1598 =( LENGTH_UNIT ( ) NAMED_UNIT ( * ) SI_UNIT ( .MILLI., .METRE. ) );
#1599 = CARTESIAN_POINT ( 'NONE',  ( 4.474999999999996980, 0.1792893218813484679, -1.745710678118654657 ) ) ;
#1600 = LINE ( 'NONE', #4198, #1571 ) ;
#1601 = ORIENTED_EDGE ( 'NONE', *, *, #330, .T. ) ;
#1602 = DIRECTION ( 'NONE',  ( 0.000000000000000000, 0.000000000000000000, 1.000000000000000000 ) ) ;
#1603 = FACE_OUTER_BOUND ( 'NONE', #3795, .T. ) ;
#1604 = PLANE ( 'NONE',  #271 ) ;
#1605 = EDGE_LOOP ( 'NONE', ( #1248, #3811, #5294, #651 ) ) ;
#1606 = EDGE_CURVE ( 'NONE', #2354, #5361, #5359, .T. ) ;
#1608 = LINE ( 'NONE', #6034, #4362 ) ;
#1607 = CARTESIAN_POINT ( 'NONE',  ( 7.375000000000000888, 0.2500000000000000000, -0.3340169943749460302 ) ) ;
#1609 = CARTESIAN_POINT ( 'NONE',  ( 6.375000000000000888, 0.7428932188134522718, 0.8749999999999996669 ) ) ;
#1610 = CARTESIAN_POINT ( 'NONE',  ( 5.524999999999998579, 2.899999999999996803, -0.7749999999999999112 ) ) ;
#1611 = MECHANICAL_DESIGN_GEOMETRIC_PRESENTATION_REPRESENTATION (  '', ( #4153 ), #1511 ) ;
#1612 = ORIENTED_EDGE ( 'NONE', *, *, #1139, .F. ) ;
#1613 = EDGE_CURVE ( 'NONE', #5391, #4329, #4087, .T. ) ;
#1614 = ORIENTED_EDGE ( 'NONE', *, *, #3162, .F. ) ;
#1615 = ORIENTED_EDGE ( 'NONE', *, *, #2120, .F. ) ;
#1616 = VECTOR ( 'NONE', #3798, 1000.000000000000000 ) ;
#1617 = ORIENTED_EDGE ( 'NONE', *, *, #1345, .T. ) ;
#1618 = CARTESIAN_POINT ( 'NONE',  ( 5.524999999999997691, 0.3500000000000009215, -1.324999999999999512 ) ) ;
#1619 = CARTESIAN_POINT ( 'NONE',  ( 2.624999999999999556, 0.000000000000000000, 0.2250000000000008105 ) ) ;
#1620 = DIRECTION ( 'NONE',  ( 0.000000000000000000, 1.000000000000000000, 0.000000000000000000 ) ) ;
#1621 = ORIENTED_EDGE ( 'NONE', *, *, #989, .F. ) ;
#1622 = EDGE_CURVE ( 'NONE', #3743, #3581, #5857, .T. ) ;
#1623 = VERTEX_POINT ( 'NONE', #1086 ) ;
#1624 = VECTOR ( 'NONE', #4306, 1000.000000000000000 ) ;
#1625 = CARTESIAN_POINT ( 'NONE',  ( 7.375000000000000888, 0.000000000000000000, 2.475000000000000089 ) ) ;
#1626 = DIRECTION ( 'NONE',  ( 0.000000000000000000, 1.000000000000000000, 0.000000000000000000 ) ) ;
#1627 = LINE ( 'NONE', #3566, #750 ) ;
#1628 = VERTEX_POINT ( 'NONE', #2490 ) ;
#1629 = CARTESIAN_POINT ( 'NONE',  ( 5.724999999999998757, 1.449999999999999956, -0.7749999999999999112 ) ) ;
#1630 = LINE ( 'NONE', #2693, #650 ) ;
#1632 = DIRECTION ( 'NONE',  ( -0.000000000000000000, -0.000000000000000000, 1.000000000000000000 ) ) ;
#1631 =( NAMED_UNIT ( * ) SI_UNIT ( $, .STERADIAN. ) SOLID_ANGLE_UNIT ( ) );
#1633 = ORIENTED_EDGE ( 'NONE', *, *, #3531, .F. ) ;
#1634 = EDGE_CURVE ( 'NONE', #5466, #2450, #512, .T. ) ;
#1635 = EDGE_LOOP ( 'NONE', ( #4251, #5426, #4771, #883 ) ) ;
#1636 = VECTOR ( 'NONE', #1985, 1000.000000000000000 ) ;
#1637 = DIRECTION ( 'NONE',  ( -0.000000000000000000, 0.000000000000000000, 1.000000000000000000 ) ) ;
#1638 = ADVANCED_FACE ( 'NONE', ( #3469 ), #96, .F. ) ;
#1640 = DIRECTION ( 'NONE',  ( -1.000000000000000000, 0.000000000000000000, 0.000000000000000000 ) ) ;
#1639 = CARTESIAN_POINT ( 'NONE',  ( 4.124999999999999112, 1.449999999999999956, 0.1750000000000000999 ) ) ;
#1641 = LINE ( 'NONE', #183, #3613 ) ;
#1642 = PLANE ( 'NONE',  #2588 ) ;
#1643 = VERTEX_POINT ( 'NONE', #5921 ) ;
#1644 = EDGE_CURVE ( 'NONE', #4996, #5072, #2452, .T. ) ;
#1645 = ORIENTED_EDGE ( 'NONE', *, *, #124, .F. ) ;
#1646 = AXIS2_PLACEMENT_3D ( 'NONE', #1212, #4071, #4137 ) ;
#1647 = ORIENTED_EDGE ( 'NONE', *, *, #5316, .T. ) ;
#1648 = ADVANCED_FACE ( 'NONE', ( #609 ), #5485, .T. ) ;
#1649 = ORIENTED_EDGE ( 'NONE', *, *, #758, .T. ) ;
#1650 = PLANE ( 'NONE',  #3819 ) ;
#1651 = ADVANCED_FACE ( 'NONE', ( #3501 ), #4493, .T. ) ;
#1652 = EDGE_CURVE ( 'NONE', #3423, #1362, #2580, .T. ) ;
#1653 = DIRECTION ( 'NONE',  ( 1.000000000000000000, 0.000000000000000000, 0.000000000000000000 ) ) ;
#1654 = DIRECTION ( 'NONE',  ( 0.000000000000000000, 0.000000000000000000, 1.000000000000000000 ) ) ;
#1655 = ORIENTED_EDGE ( 'NONE', *, *, #608, .F. ) ;
#1656 = VERTEX_POINT ( 'NONE', #4397 ) ;
#1657 = FACE_OUTER_BOUND ( 'NONE', #394, .T. ) ;
#1658 = LINE ( 'NONE', #5617, #4323 ) ;
#1659 = FACE_OUTER_BOUND ( 'NONE', #1595, .T. ) ;
#1660 = ADVANCED_FACE ( 'NONE', ( #34 ), #5385, .F. ) ;
#1661 = CARTESIAN_POINT ( 'NONE',  ( 4.474999999999996980, 0.1500000000000032419, -2.474999999999999645 ) ) ;
#1662 = VECTOR ( 'NONE', #4391, 1000.000000000000000 ) ;
#1663 = AXIS2_PLACEMENT_3D ( 'NONE', #348, #4776, #2741 ) ;
#1664 = VECTOR ( 'NONE', #4106, 1000.000000000000000 ) ;
#1665 = EDGE_CURVE ( 'NONE', #957, #453, #2646, .T. ) ;
#1666 = ORIENTED_EDGE ( 'NONE', *, *, #655, .T. ) ;
#1667 =( GEOMETRIC_REPRESENTATION_CONTEXT ( 3 ) GLOBAL_UNCERTAINTY_ASSIGNED_CONTEXT ( ( #1311 ) ) GLOBAL_UNIT_ASSIGNED_CONTEXT ( ( #2001, #2951, #4422 ) ) REPRESENTATION_CONTEXT ( 'NONE', 'WORKASPACE' ) );
#1668 = CARTESIAN_POINT ( 'NONE',  ( -6.875000000000000000, 1.449999999999999956, -1.174999999999999822 ) ) ;
#1669 = AXIS2_PLACEMENT_3D ( 'NONE', #351, #4711, #4197 ) ;
#1670 = LINE ( 'NONE', #4120, #5330 ) ;
#1671 = LINE ( 'NONE', #2659, #5255 ) ;
#1672 = VECTOR ( 'NONE', #6199, 1000.000000000000000 ) ;
#1673 = DIRECTION ( 'NONE',  ( 0.000000000000000000, -1.000000000000000000, 0.000000000000000000 ) ) ;
#1675 = DIRECTION ( 'NONE',  ( 1.000000000000000000, -0.000000000000000000, -0.000000000000000000 ) ) ;
#1674 = CARTESIAN_POINT ( 'NONE',  ( 5.524999999999998579, 4.049999999999999822, 0.2749999999999994116 ) ) ;
#1676 = PLANE ( 'NONE',  #365 ) ;
#1677 = FILL_AREA_STYLE_COLOUR ( '', #2177 ) ;
#1678 = ORIENTED_EDGE ( 'NONE', *, *, #3524, .T. ) ;
#1679 = VERTEX_POINT ( 'NONE', #6108 ) ;
#1680 = ORIENTED_EDGE ( 'NONE', *, *, #682, .T. ) ;
#1681 = EDGE_LOOP ( 'NONE', ( #3114, #3388, #1029, #4839, #4319 ) ) ;
#1682 = VECTOR ( 'NONE', #1036, 1000.000000000000000 ) ;
#1683 = VECTOR ( 'NONE', #5160, 1000.000000000000000 ) ;
#1684 = LINE ( 'NONE', #3141, #2785 ) ;
#1685 = CARTESIAN_POINT ( 'NONE',  ( 3.624999999999999556, 3.950000000000000178, 0.8749999999999996669 ) ) ;
#1686 = CARTESIAN_POINT ( 'NONE',  ( 4.474999999999996980, 0.3000000000000009881, -1.625000000000000888 ) ) ;
#1687 = ORIENTED_EDGE ( 'NONE', *, *, #2388, .F. ) ;
#1688 = VECTOR ( 'NONE', #6029, 1000.000000000000000 ) ;
#1689 = EDGE_LOOP ( 'NONE', ( #6048, #4453, #3241, #3707, #3683, #3555, #2335, #5045, #5296, #3332, #2499, #6170, #2112, #2656, #515, #5896, #1720, #91, #4318, #4395, #3146, #2236, #1080, #2554, #4387, #2993, #3645, #3979, #85, #826, #516, #2539 ) ) ;
#1690 = ORIENTED_EDGE ( 'NONE', *, *, #1548, .F. ) ;
#1691 = VERTEX_POINT ( 'NONE', #6136 ) ;
#1692 = EDGE_CURVE ( 'NONE', #975, #4708, #3080, .T. ) ;
#1693 = FACE_OUTER_BOUND ( 'NONE', #1182, .T. ) ;
#1694 = CARTESIAN_POINT ( 'NONE',  ( 7.375000000000000000, 3.950000000000000178, 0.000000000000000000 ) ) ;
#1695 = DIRECTION ( 'NONE',  ( 0.5773502691896259531, 0.5773502691896259531, 0.5773502691896253980 ) ) ;
#1696 = DIRECTION ( 'NONE',  ( 0.000000000000000000, -9.054517642116248640E-16, -1.000000000000000000 ) ) ;
#1697 = CARTESIAN_POINT ( 'NONE',  ( 4.330089135474556095, 0.5999999999999999778, 0.2250000000000008105 ) ) ;
#1698 = DIRECTION ( 'NONE',  ( 1.000000000000000000, 0.000000000000000000, -0.000000000000000000 ) ) ;
#1699 = CARTESIAN_POINT ( 'NONE',  ( 7.625000000000000000, 3.399999999999999911, -0.3249999999999997891 ) ) ;
#1700 = ORIENTED_EDGE ( 'NONE', *, *, #2582, .T. ) ;
#1701 = LINE ( 'NONE', #5066, #1112 ) ;
#1703 = DIRECTION ( 'NONE',  ( -1.000000000000000000, 4.688441826964343312E-16, 0.000000000000000000 ) ) ;
#1702 = CARTESIAN_POINT ( 'NONE',  ( 5.724999999999997868, 1.449999999999999956, -0.02500000000000060854 ) ) ;
#1704 = CARTESIAN_POINT ( 'NONE',  ( 4.274999999999998579, 2.899999999999996803, -0.7749999999999999112 ) ) ;
#1705 = DIRECTION ( 'NONE',  ( 0.000000000000000000, -0.7071067811865475727, 0.7071067811865475727 ) ) ;
#1706 = ORIENTED_EDGE ( 'NONE', *, *, #1262, .F. ) ;
#1707 = CLOSED_SHELL ( 'NONE', ( #1728, #4964, #5738, #991, #5517, #2576 ) ) ;
#1708 = ORIENTED_EDGE ( 'NONE', *, *, #6145, .F. ) ;
#1709 = VERTEX_POINT ( 'NONE', #221 ) ;
#1710 = VERTEX_POINT ( 'NONE', #5132 ) ;
#1711 = DIRECTION ( 'NONE',  ( 0.000000000000000000, 1.000000000000000000, 0.000000000000000000 ) ) ;
#1712 = COLOUR_RGB ( '',0.7960784313725489669, 0.8235294117647058432, 0.9372549019607843146 ) ;
#1713 = LINE ( 'NONE', #4685, #1957 ) ;
#1714 = CARTESIAN_POINT ( 'NONE',  ( 4.124999999999999112, 1.199999999999999734, 0.1750000000000000999 ) ) ;
#1715 = CARTESIAN_POINT ( 'NONE',  ( 7.875000000000000000, 3.950000000000000178, 0.1750000000000002387 ) ) ;
#1716 = PRODUCT_RELATED_PRODUCT_CATEGORY ( 'part', '', ( #4598 ) ) ;
#1717 = VECTOR ( 'NONE', #830, 1000.000000000000000 ) ;
#1718 = VECTOR ( 'NONE', #968, 1000.000000000000114 ) ;
#1719 = VERTEX_POINT ( 'NONE', #5038 ) ;
#1720 = ORIENTED_EDGE ( 'NONE', *, *, #4852, .T. ) ;
#1721 = ORIENTED_EDGE ( 'NONE', *, *, #517, .F. ) ;
#1722 = LINE ( 'NONE', #3666, #4600 ) ;
#1723 = DIRECTION ( 'NONE',  ( -0.000000000000000000, -4.553649124439118623E-15, 1.000000000000000000 ) ) ;
#1724 = VECTOR ( 'NONE', #4914, 1000.000000000000000 ) ;
#1725 = CARTESIAN_POINT ( 'NONE',  ( 0.000000000000000000, 4.049999999999999822, -1.274999999999999245 ) ) ;
#1726 = DIRECTION ( 'NONE',  ( 0.000000000000000000, -0.7071067811865474617, -0.7071067811865474617 ) ) ;
#1727 = ADVANCED_FACE ( 'NONE', ( #1279 ), #763, .T. ) ;
#1728 = ADVANCED_FACE ( 'NONE', ( #2678 ), #3557, .F. ) ;
#1729 = EDGE_LOOP ( 'NONE', ( #5647, #5925, #2995, #2662 ) ) ;
#1730 = ADVANCED_FACE ( 'NONE', ( #318 ), #4105, .F. ) ;
#1731 = VECTOR ( 'NONE', #4045, 1000.000000000000000 ) ;
#1732 = CARTESIAN_POINT ( 'NONE',  ( 4.124999999999999112, 1.449999999999999956, 0.3750000000000000555 ) ) ;
#1733 = CARTESIAN_POINT ( 'NONE',  ( 5.724999999999998757, 3.299999999999999822, -1.224999999999999645 ) ) ;
#1734 = EDGE_CURVE ( 'NONE', #1015, #1915, #5167, .T. ) ;
#1735 = ADVANCED_FACE ( 'NONE', ( #3626 ), #5075, .F. ) ;
#1736 = LINE ( 'NONE', #5475, #368 ) ;
#1737 = ORIENTED_EDGE ( 'NONE', *, *, #1455, .F. ) ;
#1738 = VERTEX_POINT ( 'NONE', #5518 ) ;
#1739 = EDGE_CURVE ( 'NONE', #5546, #1909, #2615, .T. ) ;
#1740 = DIRECTION ( 'NONE',  ( 0.000000000000000000, 0.000000000000000000, 1.000000000000000000 ) ) ;
#1742 = CARTESIAN_POINT ( 'NONE',  ( 5.724999999999998757, 1.449999999999999956, -1.224999999999999645 ) ) ;
#1741 = FACE_OUTER_BOUND ( 'NONE', #2162, .T. ) ;
#1743 = CARTESIAN_POINT ( 'NONE',  ( 4.624999999999998224, 3.950000000000000178, 0.3750000000000001110 ) ) ;
#1744 = ADVANCED_FACE ( 'NONE', ( #190 ), #2135, .F. ) ;
#1745 = FACE_OUTER_BOUND ( 'NONE', #3012, .T. ) ;
#1746 = ORIENTED_EDGE ( 'NONE', *, *, #4662, .F. ) ;
#1747 = VECTOR ( 'NONE', #3986, 1000.000000000000000 ) ;
#1748 = ORIENTED_EDGE ( 'NONE', *, *, #4115, .T. ) ;
#1749 = EDGE_LOOP ( 'NONE', ( #1050, #4690, #5464, #3279, #1089, #2961, #4010, #5287 ) ) ;
#1750 = CARTESIAN_POINT ( 'NONE',  ( 0.000000000000000000, 4.049999999999999822, 0.4749999999999995337 ) ) ;
#1751 = CARTESIAN_POINT ( 'NONE',  ( 4.474999999999996980, -0.1499999999999963862, -1.474999999999999645 ) ) ;
#1752 = LINE ( 'NONE', #4227, #5029 ) ;
#1753 = AXIS2_PLACEMENT_3D ( 'NONE', #1408, #3335, #450 ) ;
#1754 = PLANE ( 'NONE',  #2795 ) ;
#1755 = VERTEX_POINT ( 'NONE', #3142 ) ;
#1756 = VERTEX_POINT ( 'NONE', #1177 ) ;
#1757 = ORIENTED_EDGE ( 'NONE', *, *, #6042, .F. ) ;
#1758 = EDGE_LOOP ( 'NONE', ( #6151, #4161, #2493, #4036 ) ) ;
#1759 = LINE ( 'NONE', #5080, #1827 ) ;
#1760 = CARTESIAN_POINT ( 'NONE',  ( 5.669910864525444794, 1.899999999999999689, 2.375000000000000888 ) ) ;
#1761 = FACE_OUTER_BOUND ( 'NONE', #5882, .T. ) ;
#1762 = EDGE_CURVE ( 'NONE', #4162, #6200, #2716, .T. ) ;
#1763 = PLANE ( 'NONE',  #4878 ) ;
#1764 = CARTESIAN_POINT ( 'NONE',  ( 5.724999999999997868, 1.199999999999999734, 0.1750000000000000722 ) ) ;
#1765 = VECTOR ( 'NONE', #3827, 1000.000000000000000 ) ;
#1767 = LINE ( 'NONE', #1352, #5854 ) ;
#1766 = APPLICATION_PROTOCOL_DEFINITION ( 'draft international standard', 'automotive_design', 1998, #4345 ) ;
#1768 = ADVANCED_FACE ( 'NONE', ( #736 ), #260, .F. ) ;
#1769 = VECTOR ( 'NONE', #5737, 1000.000000000000000 ) ;
#1770 = LINE ( 'NONE', #2700, #4158 ) ;
#1771 = AXIS2_PLACEMENT_3D ( 'NONE', #3714, #5028, #4064 ) ;
#1772 = LINE ( 'NONE', #209, #867 ) ;
#1773 = CARTESIAN_POINT ( 'NONE',  ( -6.875000000000000000, -13.83708784390703705, -1.174999999999999822 ) ) ;
#1774 = ORIENTED_EDGE ( 'NONE', *, *, #2044, .T. ) ;
#1775 = DIRECTION ( 'NONE',  ( -1.000000000000000000, 0.000000000000000000, 0.000000000000000000 ) ) ;
#1776 = EDGE_CURVE ( 'NONE', #1643, #5515, #1713, .T. ) ;
#1777 = DIRECTION ( 'NONE',  ( 0.000000000000000000, 0.000000000000000000, 1.000000000000000000 ) ) ;
#1778 = CARTESIAN_POINT ( 'NONE',  ( 2.624999999999999556, 0.000000000000000000, 2.475000000000000089 ) ) ;
#1779 = LINE ( 'NONE', #4506, #2182 ) ;
#1780 = VERTEX_POINT ( 'NONE', #3175 ) ;
#1781 = ORIENTED_EDGE ( 'NONE', *, *, #2666, .F. ) ;
#1782 = AXIS2_PLACEMENT_3D ( 'NONE', #1607, #3425, #4895 ) ;
#1783 = VECTOR ( 'NONE', #5443, 1000.000000000000000 ) ;
#1784 = CARTESIAN_POINT ( 'NONE',  ( 5.724999999999997868, 0.1792893218813484957, -1.745710678118654657 ) ) ;
#1785 = CARTESIAN_POINT ( 'NONE',  ( 4.474999999999996980, 0.1000000000000020872, -1.224999999999998312 ) ) ;
#1786 = CARTESIAN_POINT ( 'NONE',  ( 2.225000000000000533, 2.349999999999999645, 0.6750000000000002665 ) ) ;
#1787 = VECTOR ( 'NONE', #5871, 1000.000000000000000 ) ;
#1788 = AXIS2_PLACEMENT_3D ( 'NONE', #2877, #1027, #3479 ) ;
#1789 = VERTEX_POINT ( 'NONE', #1751 ) ;
#1790 = DIRECTION ( 'NONE',  ( 0.000000000000000000, 1.000000000000000000, 0.000000000000000000 ) ) ;
#1791 = CARTESIAN_POINT ( 'NONE',  ( 4.474999999999996980, 1.577500000000001235, -1.577499999999999902 ) ) ;
#1792 = CARTESIAN_POINT ( 'NONE',  ( 2.725000000000000089, 4.049999999999999822, -1.474999999999996536 ) ) ;
#1793 = DIRECTION ( 'NONE',  ( -1.000000000000000000, 0.000000000000000000, 4.336808689942021680E-16 ) ) ;
#1795 =( NAMED_UNIT ( * ) SI_UNIT ( $, .STERADIAN. ) SOLID_ANGLE_UNIT ( ) );
#1794 = CARTESIAN_POINT ( 'NONE',  ( 2.375000000000000444, 3.399999999999999911, 0.1750000000000002387 ) ) ;
#1796 = DIRECTION ( 'NONE',  ( 1.000000000000000000, 0.000000000000000000, -0.000000000000000000 ) ) ;
#1797 = DIRECTION ( 'NONE',  ( 0.000000000000000000, 0.000000000000000000, -1.000000000000000000 ) ) ;
#1798 = EDGE_CURVE ( 'NONE', #3581, #4887, #2230, .T. ) ;
#1799 = ORIENTED_EDGE ( 'NONE', *, *, #1273, .F. ) ;
#1800 = VERTEX_POINT ( 'NONE', #5642 ) ;
#1801 = EDGE_CURVE ( 'NONE', #4460, #4558, #4836, .T. ) ;
#1802 = ORIENTED_EDGE ( 'NONE', *, *, #864, .F. ) ;
#1803 = LINE ( 'NONE', #5693, #1866 ) ;
#1804 = LINE ( 'NONE', #853, #6129 ) ;
#1805 = CARTESIAN_POINT ( 'NONE',  ( 4.474999999999996980, 1.449999999999999956, -0.02500000000000060854 ) ) ;
#1806 = EDGE_CURVE ( 'NONE', #4611, #4474, #6222, .T. ) ;
#1807 = LINE ( 'NONE', #4228, #760 ) ;
#1808 = ORIENTED_EDGE ( 'NONE', *, *, #5117, .F. ) ;
#1809 = UNCERTAINTY_MEASURE_WITH_UNIT (LENGTH_MEASURE( 1.000000000000000082E-05 ), #2460, 'distance_accuracy_value', 'NONE');
#1810 = ORIENTED_EDGE ( 'NONE', *, *, #225, .T. ) ;
#1811 = ORIENTED_EDGE ( 'NONE', *, *, #5118, .T. ) ;
#1812 = VERTEX_POINT ( 'NONE', #474 ) ;
#1813 = VECTOR ( 'NONE', #3526, 1000.000000000000000 ) ;
#1814 = DIRECTION ( 'NONE',  ( -0.000000000000000000, 1.445602896647327084E-15, 1.000000000000000000 ) ) ;
#1815 = DIRECTION ( 'NONE',  ( 0.000000000000000000, 1.000000000000000000, 0.000000000000000000 ) ) ;
#1816 = DIRECTION ( 'NONE',  ( -1.000000000000000000, -0.000000000000000000, -0.000000000000000000 ) ) ;
#1817 = VECTOR ( 'NONE', #5303, 1000.000000000000000 ) ;
#1818 = EDGE_CURVE ( 'NONE', #5811, #4498, #1334, .T. ) ;
#1819 = ORIENTED_EDGE ( 'NONE', *, *, #2870, .F. ) ;
#1820 = VECTOR ( 'NONE', #5018, 1000.000000000000000 ) ;
#1821 = ORIENTED_EDGE ( 'NONE', *, *, #1300, .F. ) ;
#1822 = CARTESIAN_POINT ( 'NONE',  ( 7.833333333333331261, 3.491666666666668473, -0.9166666666666677399 ) ) ;
#1823 = CARTESIAN_POINT ( 'NONE',  ( 5.724999999999997868, 0.1500000000000032419, -2.474999999999999645 ) ) ;
#1824 = CARTESIAN_POINT ( 'NONE',  ( 4.274999999999997691, 0.5000000000000022204, -1.324999999999999734 ) ) ;
#1825 = DIRECTION ( 'NONE',  ( -1.000000000000000000, 0.000000000000000000, 0.000000000000000000 ) ) ;
#1826 = ORIENTED_EDGE ( 'NONE', *, *, #2582, .F. ) ;
#1827 = VECTOR ( 'NONE', #2171, 1000.000000000000000 ) ;
#1828 = DIRECTION ( 'NONE',  ( 0.000000000000000000, 0.000000000000000000, -1.000000000000000000 ) ) ;
#1829 = EDGE_CURVE ( 'NONE', #470, #4681, #4777, .T. ) ;
#1830 = DIRECTION ( 'NONE',  ( -1.000000000000000000, -0.000000000000000000, -0.000000000000000000 ) ) ;
#1831 = DIRECTION ( 'NONE',  ( -1.000000000000000000, -0.000000000000000000, 0.000000000000000000 ) ) ;
#1832 = EDGE_CURVE ( 'NONE', #731, #5859, #1804, .T. ) ;
#1833 = DIRECTION ( 'NONE',  ( -1.000000000000000000, -0.000000000000000000, -0.000000000000000000 ) ) ;
#1834 = VERTEX_POINT ( 'NONE', #3329 ) ;
#1835 = ORIENTED_EDGE ( 'NONE', *, *, #2307, .F. ) ;
#1836 = EDGE_CURVE ( 'NONE', #3325, #5935, #2806, .T. ) ;
#1838 = LINE ( 'NONE', #1364, #6285 ) ;
#1837 = LINE ( 'NONE', #1872, #3808 ) ;
#1839 = CARTESIAN_POINT ( 'NONE',  ( 6.000000000000000888, 3.849999999999997424, 2.075000000000000622 ) ) ;
#1840 = DIRECTION ( 'NONE',  ( -0.000000000000000000, 1.000000000000000000, -0.000000000000000000 ) ) ;
#1841 = ADVANCED_FACE ( 'NONE', ( #2860 ), #6167, .F. ) ;
#1842 = FILL_AREA_STYLE_COLOUR ( '', #2376 ) ;
#1843 = ADVANCED_FACE ( 'NONE', ( #1904 ), #4745, .F. ) ;
#1844 = ORIENTED_EDGE ( 'NONE', *, *, #4701, .T. ) ;
#1845 = VERTEX_POINT ( 'NONE', #4356 ) ;
#1846 = ORIENTED_EDGE ( 'NONE', *, *, #718, .T. ) ;
#1847 = EDGE_CURVE ( 'NONE', #4337, #1472, #1402, .T. ) ;
#1848 = EDGE_CURVE ( 'NONE', #4099, #148, #2767, .T. ) ;
#1849 = VECTOR ( 'NONE', #5358, 1000.000000000000000 ) ;
#1850 = CARTESIAN_POINT ( 'NONE',  ( 2.525000000000002132, 1.800000000000000044, -1.274999999999999245 ) ) ;
#1851 = FACE_OUTER_BOUND ( 'NONE', #5188, .T. ) ;
#1852 = CARTESIAN_POINT ( 'NONE',  ( 5.524999999999998579, 4.000000000000000000, -1.224999999999999645 ) ) ;
#1853 = EDGE_LOOP ( 'NONE', ( #5841, #667, #3698, #1615 ) ) ;
#1854 = ORIENTED_EDGE ( 'NONE', *, *, #4969, .F. ) ;
#1855 = DIRECTION ( 'NONE',  ( -0.000000000000000000, -0.7071067811865381358, -0.7071067811865570096 ) ) ;
#1856 = DIRECTION ( 'NONE',  ( 0.000000000000000000, 0.000000000000000000, -1.000000000000000000 ) ) ;
#1857 = LINE ( 'NONE', #5179, #5729 ) ;
#1858 = EDGE_CURVE ( 'NONE', #3409, #954, #1428, .T. ) ;
#1859 = LINE ( 'NONE', #3705, #4436 ) ;
#1860 = ORIENTED_EDGE ( 'NONE', *, *, #4259, .T. ) ;
#1861 = LINE ( 'NONE', #6249, #4774 ) ;
#1862 =( GEOMETRIC_REPRESENTATION_CONTEXT ( 3 ) GLOBAL_UNCERTAINTY_ASSIGNED_CONTEXT ( ( #2773 ) ) GLOBAL_UNIT_ASSIGNED_CONTEXT ( ( #2936, #3415, #521 ) ) REPRESENTATION_CONTEXT ( 'NONE', 'WORKASPACE' ) );
#1863 = CARTESIAN_POINT ( 'NONE',  ( 5.524999999999998579, 1.449999999999999956, 0.000000000000000000 ) ) ;
#1864 = FACE_OUTER_BOUND ( 'NONE', #5218, .T. ) ;
#1865 = DIRECTION ( 'NONE',  ( 1.000000000000000000, 0.000000000000000000, 4.336808689942021680E-16 ) ) ;
#1866 = VECTOR ( 'NONE', #6134, 1000.000000000000000 ) ;
#1867 = VERTEX_POINT ( 'NONE', #1875 ) ;
#1868 = VERTEX_POINT ( 'NONE', #3724 ) ;
#1869 = VECTOR ( 'NONE', #4877, 1000.000000000000114 ) ;
#1870 = AXIS2_PLACEMENT_3D ( 'NONE', #5849, #3935, #5414 ) ;
#1871 = ORIENTED_EDGE ( 'NONE', *, *, #459, .F. ) ;
#1873 = DIRECTION ( 'NONE',  ( 0.000000000000000000, 1.000000000000000000, 0.000000000000000000 ) ) ;
#1872 = CARTESIAN_POINT ( 'NONE',  ( 5.724999999999997868, 1.199999999999999734, 0.3750000000000000000 ) ) ;
#1874 =( GEOMETRIC_REPRESENTATION_CONTEXT ( 3 ) GLOBAL_UNCERTAINTY_ASSIGNED_CONTEXT ( ( #4623 ) ) GLOBAL_UNIT_ASSIGNED_CONTEXT ( ( #28, #5380, #1631 ) ) REPRESENTATION_CONTEXT ( 'NONE', 'WORKASPACE' ) );
#1875 = CARTESIAN_POINT ( 'NONE',  ( 6.000000000000000888, 4.049999999999999822, 2.175000000000000711 ) ) ;
#1876 = CARTESIAN_POINT ( 'NONE',  ( 4.474999999999996980, -0.04999999999999568678, -2.474999999999999645 ) ) ;
#1877 = FILL_AREA_STYLE ('',( #1842 ) ) ;
#1878 = VECTOR ( 'NONE', #476, 1000.000000000000000 ) ;
#1879 = VERTEX_POINT ( 'NONE', #4806 ) ;
#1880 = ORIENTED_EDGE ( 'NONE', *, *, #5423, .F. ) ;
#1881 = ORIENTED_EDGE ( 'NONE', *, *, #1913, .F. ) ;
#1882 = DIRECTION ( 'NONE',  ( -0.000000000000000000, -5.421010862427520198E-16, 1.000000000000000000 ) ) ;
#1883 = CARTESIAN_POINT ( 'NONE',  ( 4.474999999999999645, 4.049999999999999822, -1.224999999999999645 ) ) ;
#1884 = DIRECTION ( 'NONE',  ( 0.000000000000000000, 0.8320502943378444982, -0.5547001962252280372 ) ) ;
#1885 = VECTOR ( 'NONE', #5067, 1000.000000000000000 ) ;
#1886 = EDGE_CURVE ( 'NONE', #1867, #5043, #379, .T. ) ;
#1887 = VERTEX_POINT ( 'NONE', #1307 ) ;
#1888 = DIRECTION ( 'NONE',  ( -0.000000000000000000, -0.000000000000000000, 1.000000000000000000 ) ) ;
#1889 = CARTESIAN_POINT ( 'NONE',  ( 5.724999999999998757, 4.049999999999999822, -1.224999999999999645 ) ) ;
#1890 = VECTOR ( 'NONE', #1992, 1000.000000000000000 ) ;
#1891 = CIRCLE ( 'NONE', #5659, 0.1000000000000000472 ) ;
#1892 = DIRECTION ( 'NONE',  ( 0.000000000000000000, -0.7071067811865472397, -0.7071067811865479058 ) ) ;
#1893 = CARTESIAN_POINT ( 'NONE',  ( 4.274999999999999467, 3.950000000000000178, 0.3750000000000000000 ) ) ;
#1894 = ORIENTED_EDGE ( 'NONE', *, *, #808, .F. ) ;
#1895 = DIRECTION ( 'NONE',  ( 4.336808689942021680E-16, 0.000000000000000000, 1.000000000000000000 ) ) ;
#1896 = DIRECTION ( 'NONE',  ( 0.000000000000000000, 1.000000000000000000, 0.000000000000000000 ) ) ;
#1897 = DIRECTION ( 'NONE',  ( -1.000000000000000000, -0.000000000000000000, -0.000000000000000000 ) ) ;
#1898 = DIRECTION ( 'NONE',  ( 0.000000000000000000, -1.000000000000000000, -3.252606517456514091E-15 ) ) ;
#1899 = EDGE_CURVE ( 'NONE', #2617, #3372, #940, .T. ) ;
#1900 = VERTEX_POINT ( 'NONE', #3746 ) ;
#1901 = EDGE_LOOP ( 'NONE', ( #5140, #5042, #1942, #5941 ) ) ;
#1903 = CARTESIAN_POINT ( 'NONE',  ( 3.125000000000000000, 1.449999999999999956, 0.8749999999999998890 ) ) ;
#1902 = CARTESIAN_POINT ( 'NONE',  ( 2.375000000000000444, 3.399999999999999911, 0.1750000000000002387 ) ) ;
#1904 = FACE_OUTER_BOUND ( 'NONE', #2014, .T. ) ;
#1905 = DIRECTION ( 'NONE',  ( 0.000000000000000000, 0.000000000000000000, 1.000000000000000000 ) ) ;
#1906 = FACE_OUTER_BOUND ( 'NONE', #3682, .T. ) ;
#1907 = ORIENTED_EDGE ( 'NONE', *, *, #4495, .F. ) ;
#1908 = ORIENTED_EDGE ( 'NONE', *, *, #1652, .F. ) ;
#1909 = VERTEX_POINT ( 'NONE', #3361 ) ;
#1910 = VERTEX_POINT ( 'NONE', #3772 ) ;
#1911 = DIRECTION ( 'NONE',  ( 0.000000000000000000, 1.000000000000000000, 0.000000000000000000 ) ) ;
#1912 = PLANE ( 'NONE',  #5279 ) ;
#1913 = EDGE_CURVE ( 'NONE', #2690, #4037, #2891, .T. ) ;
#1914 = LINE ( 'NONE', #5386, #143 ) ;
#1915 = VERTEX_POINT ( 'NONE', #915 ) ;
#1916 = ORIENTED_EDGE ( 'NONE', *, *, #2485, .T. ) ;
#1917 = ADVANCED_FACE ( 'NONE', ( #350 ), #2287, .T. ) ;
#1918 = CARTESIAN_POINT ( 'NONE',  ( 7.375000000000000000, 3.950000000000000178, 0.1750000000000002387 ) ) ;
#1919 = LINE ( 'NONE', #555, #5286 ) ;
#1920 = LINE ( 'NONE', #2269, #4514 ) ;
#1921 = EDGE_CURVE ( 'NONE', #5447, #2449, #3294, .T. ) ;
#1922 = AXIS2_PLACEMENT_3D ( 'NONE', #3392, #5346, #2921 ) ;
#1923 = DIRECTION ( 'NONE',  ( 0.000000000000000000, -0.7071067811865545671, 0.7071067811865405783 ) ) ;
#1924 = EDGE_CURVE ( 'NONE', #5001, #3969, #5814, .T. ) ;
#1925 = AXIS2_PLACEMENT_3D ( 'NONE', #3973, #2520, #2551 ) ;
#1926 = AXIS2_PLACEMENT_3D ( 'NONE', #3006, #3991, #5473 ) ;
#1927 = ORIENTED_EDGE ( 'NONE', *, *, #6159, .F. ) ;
#1928 = EDGE_CURVE ( 'NONE', #3486, #453, #538, .T. ) ;
#1929 = EDGE_CURVE ( 'NONE', #5569, #2649, #27, .T. ) ;
#1930 = DIRECTION ( 'NONE',  ( -0.000000000000000000, -1.000000000000000000, -2.282530889443167515E-16 ) ) ;
#1931 = DIRECTION ( 'NONE',  ( 0.000000000000000000, 0.000000000000000000, 1.000000000000000000 ) ) ;
#1932 = CARTESIAN_POINT ( 'NONE',  ( 6.875000000000000000, 1.449999999999999956, 0.8749999999999998890 ) ) ;
#1933 = CARTESIAN_POINT ( 'NONE',  ( 3.624999999999999556, 3.950000000000000178, 0.8749999999999996669 ) ) ;
#1934 = EDGE_LOOP ( 'NONE', ( #3160, #575, #2045, #2585 ) ) ;
#1935 = ORIENTED_EDGE ( 'NONE', *, *, #4309, .T. ) ;
#1936 = ADVANCED_FACE ( 'NONE', ( #4897 ), #6291, .T. ) ;
#1937 = ORIENTED_EDGE ( 'NONE', *, *, #1260, .F. ) ;
#1939 = PLANE ( 'NONE',  #4672 ) ;
#1938 = CARTESIAN_POINT ( 'NONE',  ( 7.575000000000000178, -0.1499999999999963862, 0.3749999999999942268 ) ) ;
#1940 = DIRECTION ( 'NONE',  ( 0.000000000000000000, -1.000000000000000000, -2.456395547037470490E-16 ) ) ;
#1941 = CARTESIAN_POINT ( 'NONE',  ( 7.875000000000000000, 0.4999999999999998890, -1.574999999999999512 ) ) ;
#1942 = ORIENTED_EDGE ( 'NONE', *, *, #2270, .T. ) ;
#1943 = ORIENTED_EDGE ( 'NONE', *, *, #4766, .F. ) ;
#1944 = ORIENTED_EDGE ( 'NONE', *, *, #5777, .F. ) ;
#1945 = CARTESIAN_POINT ( 'NONE',  ( 2.225000000000000533, 4.049999999999999822, 1.675000000000000266 ) ) ;
#1946 = DIRECTION ( 'NONE',  ( 0.000000000000000000, 4.336808689941999494E-16, -1.000000000000000000 ) ) ;
#1947 = CARTESIAN_POINT ( 'NONE',  ( 3.124999999999999112, 0.2499999999999999445, 2.475000000000000089 ) ) ;
#1948 = ORIENTED_EDGE ( 'NONE', *, *, #3277, .T. ) ;
#1949 = STYLED_ITEM ( 'NONE', ( #4915 ), #1276 ) ;
#1950 = ORIENTED_EDGE ( 'NONE', *, *, #5622, .F. ) ;
#1951 = ORIENTED_EDGE ( 'NONE', *, *, #594, .F. ) ;
#1952 = DIRECTION ( 'NONE',  ( 0.000000000000000000, -0.7071067811865475727, 0.7071067811865475727 ) ) ;
#1953 = LINE ( 'NONE', #1476, #2643 ) ;
#1954 = FACE_OUTER_BOUND ( 'NONE', #5798, .T. ) ;
#1955 = DIRECTION ( 'NONE',  ( 1.000000000000000000, -0.000000000000000000, 0.000000000000000000 ) ) ;
#1956 = CARTESIAN_POINT ( 'NONE',  ( 4.474999999999998757, 3.299999999999999822, -1.224999999999999645 ) ) ;
#1957 = VECTOR ( 'NONE', #1244, 1000.000000000000000 ) ;
#1958 = VERTEX_POINT ( 'NONE', #1076 ) ;
#1959 = PLANE ( 'NONE',  #4874 ) ;
#1960 = DIRECTION ( 'NONE',  ( 0.000000000000000000, 0.000000000000000000, -1.000000000000000000 ) ) ;
#1961 = DIRECTION ( 'NONE',  ( 0.5773502691896257311, 0.5773502691896257311, -0.5773502691896257311 ) ) ;
#1962 = CARTESIAN_POINT ( 'NONE',  ( 3.125000000000000000, 0.7428932188134522718, 0.8749999999999998890 ) ) ;
#1963 = ORIENTED_EDGE ( 'NONE', *, *, #2699, .F. ) ;
#1964 = EDGE_LOOP ( 'NONE', ( #3171, #5767, #187, #2243 ) ) ;
#1965 = ORIENTED_EDGE ( 'NONE', *, *, #1073, .T. ) ;
#1966 = VECTOR ( 'NONE', #2053, 1000.000000000000000 ) ;
#1968 = CARTESIAN_POINT ( 'NONE',  ( 2.624999999999999556, 0.000000000000000000, 0.000000000000000000 ) ) ;
#1967 = PLANE ( 'NONE',  #364 ) ;
#1969 = AXIS2_PLACEMENT_3D ( 'NONE', #3904, #1970, #3870 ) ;
#1970 = DIRECTION ( 'NONE',  ( 0.000000000000000000, 3.252606517456514091E-15, -1.000000000000000000 ) ) ;
#1971 = DIRECTION ( 'NONE',  ( -1.000000000000000000, 0.000000000000000000, -0.000000000000000000 ) ) ;
#1972 = COLOUR_RGB ( '',0.7960784313725489669, 0.8235294117647058432, 0.9372549019607843146 ) ;
#1973 = VECTOR ( 'NONE', #1068, 1000.000000000000000 ) ;
#1974 = ORIENTED_EDGE ( 'NONE', *, *, #3674, .T. ) ;
#1975 = AXIS2_PLACEMENT_3D ( 'NONE', #1436, #2956, #3022 ) ;
#1976 = EDGE_CURVE ( 'NONE', #3937, #4507, #1551, .T. ) ;
#1977 = DIRECTION ( 'NONE',  ( 0.000000000000000000, -0.7071067811865474617, -0.7071067811865474617 ) ) ;
#1978 = VECTOR ( 'NONE', #4657, 1000.000000000000000 ) ;
#1979 = DIRECTION ( 'NONE',  ( 0.000000000000000000, 1.000000000000000000, 0.000000000000000000 ) ) ;
#1980 = FACE_OUTER_BOUND ( 'NONE', #674, .T. ) ;
#1981 = ORIENTED_EDGE ( 'NONE', *, *, #245, .F. ) ;
#1982 = ORIENTED_EDGE ( 'NONE', *, *, #2857, .T. ) ;
#1983 = CARTESIAN_POINT ( 'NONE',  ( -6.875000000000000000, 3.950000000000000178, -1.174999999999999822 ) ) ;
#1984 = CARTESIAN_POINT ( 'NONE',  ( 4.474999999999996980, 0.4999999999999998890, -0.8249999999999997335 ) ) ;
#1985 = DIRECTION ( 'NONE',  ( 0.000000000000000000, 1.000000000000000000, 0.000000000000000000 ) ) ;
#1986 = CARTESIAN_POINT ( 'NONE',  ( 4.274999999999998579, 3.299999999999999822, -1.224999999999999645 ) ) ;
#1987 = CARTESIAN_POINT ( 'NONE',  ( 5.724999999999997868, -0.04999999999999636680, -2.375000000000000000 ) ) ;
#1988 = ORIENTED_EDGE ( 'NONE', *, *, #6162, .F. ) ;
#1989 = VECTOR ( 'NONE', #2920, 1000.000000000000000 ) ;
#1990 = VECTOR ( 'NONE', #5839, 1000.000000000000000 ) ;
#1991 = DIRECTION ( 'NONE',  ( 0.000000000000000000, 0.000000000000000000, -1.000000000000000000 ) ) ;
#1992 = DIRECTION ( 'NONE',  ( -4.353108952907898122E-16, -0.9284766908852604139, 0.3713906763541011125 ) ) ;
#1993 = CARTESIAN_POINT ( 'NONE',  ( 5.724999999999997868, 0.3000000000000008771, -1.374999999999999778 ) ) ;
#1994 = CARTESIAN_POINT ( 'NONE',  ( 7.275000000000000355, 4.049999999999999822, 0.2749999999999996336 ) ) ;
#1995 = VECTOR ( 'NONE', #4472, 1000.000000000000000 ) ;
#1996 = ADVANCED_FACE ( 'NONE', ( #4421 ), #3999, .F. ) ;
#1998 = DIRECTION ( 'NONE',  ( -0.000000000000000000, -0.8944271909999158554, 0.4472135954999579277 ) ) ;
#1997 = DIRECTION ( 'NONE',  ( 0.000000000000000000, 0.9284766908852604139, -0.3713906763541011125 ) ) ;
#1999 = DIRECTION ( 'NONE',  ( 0.000000000000000000, 0.7071067811865545671, -0.7071067811865405783 ) ) ;
#2000 = EDGE_CURVE ( 'NONE', #5361, #3583, #2572, .T. ) ;
#2001 =( LENGTH_UNIT ( ) NAMED_UNIT ( * ) SI_UNIT ( .MILLI., .METRE. ) );
#2002 = EDGE_CURVE ( 'NONE', #1199, #4178, #88, .T. ) ;
#2003 = ORIENTED_EDGE ( 'NONE', *, *, #4821, .F. ) ;
#2004 = ORIENTED_EDGE ( 'NONE', *, *, #3238, .F. ) ;
#2005 = ORIENTED_EDGE ( 'NONE', *, *, #3513, .T. ) ;
#2006 = CARTESIAN_POINT ( 'NONE',  ( 2.425000000000000266, 0.000000000000000000, 2.475000000000000089 ) ) ;
#2007 = EDGE_CURVE ( 'NONE', #4394, #6229, #5879, .T. ) ;
#2008 = ADVANCED_FACE ( 'NONE', ( #5379 ), #5451, .F. ) ;
#2009 = CARTESIAN_POINT ( 'NONE',  ( 2.625000000000000444, 2.899999999999999911, 0.1750000000000002387 ) ) ;
#2010 = PLANE ( 'NONE',  #1975 ) ;
#2011 = ORIENTED_EDGE ( 'NONE', *, *, #4269, .T. ) ;
#2012 = ORIENTED_EDGE ( 'NONE', *, *, #4683, .T. ) ;
#2013 = ORIENTED_EDGE ( 'NONE', *, *, #1470, .T. ) ;
#2014 = EDGE_LOOP ( 'NONE', ( #3813, #5261, #572, #3663 ) ) ;
#2015 = DIRECTION ( 'NONE',  ( -0.000000000000000000, -0.7071067811865475727, -0.7071067811865475727 ) ) ;
#2016 = PLANE ( 'NONE',  #3240 ) ;
#2017 = CARTESIAN_POINT ( 'NONE',  ( 7.875000000000000000, 2.349999999999999645, 0.6750000000000002665 ) ) ;
#2018 = DIRECTION ( 'NONE',  ( 0.000000000000000000, -0.000000000000000000, -1.000000000000000000 ) ) ;
#2019 = LINE ( 'NONE', #2404, #5564 ) ;
#2020 = VECTOR ( 'NONE', #1888, 1000.000000000000000 ) ;
#2021 = ORIENTED_EDGE ( 'NONE', *, *, #601, .T. ) ;
#2022 = CARTESIAN_POINT ( 'NONE',  ( 4.624999999999998224, 1.449999999999999956, 0.1750000000000000999 ) ) ;
#2023 = VECTOR ( 'NONE', #5159, 1000.000000000000000 ) ;
#2024 = CARTESIAN_POINT ( 'NONE',  ( 7.875000000000000000, 2.349999999999999645, 1.675000000000000266 ) ) ;
#2025 = CARTESIAN_POINT ( 'NONE',  ( 5.724999999999997868, -0.1499999999999963862, -1.474999999999999645 ) ) ;
#2026 = LINE ( 'NONE', #1486, #5032 ) ;
#2027 = VECTOR ( 'NONE', #532, 1000.000000000000000 ) ;
#2028 = ADVANCED_FACE ( 'NONE', ( #2922 ), #3016, .F. ) ;
#2029 = AXIS2_PLACEMENT_3D ( 'NONE', #4882, #959, #1503 ) ;
#2030 = EDGE_CURVE ( 'NONE', #759, #6229, #1581, .T. ) ;
#2032 = FACE_OUTER_BOUND ( 'NONE', #200, .T. ) ;
#2031 = LINE ( 'NONE', #3965, #2706 ) ;
#2033 = CARTESIAN_POINT ( 'NONE',  ( 2.425000000000000266, 0.5999999999999999778, 0.2250000000000008105 ) ) ;
#2034 = ORIENTED_EDGE ( 'NONE', *, *, #3218, .T. ) ;
#2035 = EDGE_CURVE ( 'NONE', #436, #2443, #3394, .T. ) ;
#2036 = ORIENTED_EDGE ( 'NONE', *, *, #5046, .T. ) ;
#2037 = VERTEX_POINT ( 'NONE', #1519 ) ;
#2038 = VECTOR ( 'NONE', #195, 1000.000000000000000 ) ;
#2039 = ORIENTED_EDGE ( 'NONE', *, *, #2781, .T. ) ;
#2040 = CARTESIAN_POINT ( 'NONE',  ( -4.299999999999998934, 3.850000000000000977, 0.6750000000000004885 ) ) ;
#2041 = ADVANCED_FACE ( 'NONE', ( #3462 ), #5411, .F. ) ;
#2042 = DIRECTION ( 'NONE',  ( 0.4472135954999579277, 0.8944271909999158554, 0.000000000000000000 ) ) ;
#2043 = CARTESIAN_POINT ( 'NONE',  ( 5.375000000000001776, 2.250000000000000000, 0.6750000000000004885 ) ) ;
#2044 = EDGE_CURVE ( 'NONE', #2737, #3629, #1038, .T. ) ;
#2045 = ORIENTED_EDGE ( 'NONE', *, *, #413, .T. ) ;
#2046 = EDGE_LOOP ( 'NONE', ( #5702, #4559, #186, #2856 ) ) ;
#2047 = ADVANCED_FACE ( 'NONE', ( #4936 ), #4448, .F. ) ;
#2048 = ORIENTED_EDGE ( 'NONE', *, *, #5676, .F. ) ;
#2049 = ORIENTED_EDGE ( 'NONE', *, *, #3875, .F. ) ;
#2050 = PLANE ( 'NONE',  #1427 ) ;
#2051 = FACE_OUTER_BOUND ( 'NONE', #3003, .T. ) ;
#2052 = PRESENTATION_STYLE_ASSIGNMENT (( #3448 ) ) ;
#2053 = DIRECTION ( 'NONE',  ( 0.000000000000000000, 0.000000000000000000, -1.000000000000000000 ) ) ;
#2054 = CARTESIAN_POINT ( 'NONE',  ( 7.375000000000000000, 2.899999999999999911, -0.3249999999999997891 ) ) ;
#2055 = FACE_OUTER_BOUND ( 'NONE', #2206, .T. ) ;
#2056 = EDGE_CURVE ( 'NONE', #6200, #957, #2950, .T. ) ;
#2057 = CARTESIAN_POINT ( 'NONE',  ( 7.875000000000000000, 4.049999999999999822, 2.475000000000000089 ) ) ;
#2058 = DIRECTION ( 'NONE',  ( 0.000000000000000000, 1.000000000000000000, 0.000000000000000000 ) ) ;
#2059 = ORIENTED_EDGE ( 'NONE', *, *, #6276, .F. ) ;
#2061 = DIRECTION ( 'NONE',  ( 0.000000000000000000, 3.336006684570783101E-16, -1.000000000000000000 ) ) ;
#2060 = DIRECTION ( 'NONE',  ( 0.000000000000000000, -0.7071067811865472397, -0.7071067811865479058 ) ) ;
#2062 = DIRECTION ( 'NONE',  ( 0.000000000000000000, 0.000000000000000000, -1.000000000000000000 ) ) ;
#2063 = CARTESIAN_POINT ( 'NONE',  ( 3.124999999999999112, -6.123233995736742617E-17, -0.3340169943749460302 ) ) ;
#2064 = ORIENTED_EDGE ( 'NONE', *, *, #3729, .T. ) ;
#2065 = EDGE_LOOP ( 'NONE', ( #5238, #6219, #4660, #250, #21, #6263 ) ) ;
#2066 = PLANE ( 'NONE',  #3164 ) ;
#2067 = AXIS2_PLACEMENT_3D ( 'NONE', #2114, #4181, #1228 ) ;
#2068 = CARTESIAN_POINT ( 'NONE',  ( 2.624999999999999556, 0.000000000000000000, 0.000000000000000000 ) ) ;
#2069 = CARTESIAN_POINT ( 'NONE',  ( 4.124999999999999112, 1.199999999999999734, 0.1750000000000000999 ) ) ;
#2070 = ORIENTED_EDGE ( 'NONE', *, *, #1528, .T. ) ;
#2071 = ORIENTED_EDGE ( 'NONE', *, *, #1573, .T. ) ;
#2072 = ORIENTED_EDGE ( 'NONE', *, *, #4287, .F. ) ;
#2073 = VERTEX_POINT ( 'NONE', #4062 ) ;
#2074 = AXIS2_PLACEMENT_3D ( 'NONE', #5858, #4, #3848 ) ;
#2075 = VECTOR ( 'NONE', #935, 1000.000000000000000 ) ;
#2076 = DIRECTION ( 'NONE',  ( 0.000000000000000000, -1.000000000000000000, -0.000000000000000000 ) ) ;
#2077 = DIRECTION ( 'NONE',  ( -1.000000000000000000, 0.000000000000000000, 0.000000000000000000 ) ) ;
#2078 = DIRECTION ( 'NONE',  ( -0.000000000000000000, 0.3713906763541011125, 0.9284766908852604139 ) ) ;
#2079 = CARTESIAN_POINT ( 'NONE',  ( 4.274999999999999467, 3.950000000000000178, 0.1750000000000000722 ) ) ;
#2080 = CARTESIAN_POINT ( 'NONE',  ( 4.969259957225238311E-17, 4.049999999999999822, 0.2750000000000004663 ) ) ;
#2081 = ADVANCED_FACE ( 'NONE', ( #5542 ), #2156, .F. ) ;
#2082 = ORIENTED_EDGE ( 'NONE', *, *, #2007, .F. ) ;
#2083 = DIRECTION ( 'NONE',  ( 0.000000000000000000, 0.000000000000000000, 1.000000000000000000 ) ) ;
#2084 = CARTESIAN_POINT ( 'NONE',  ( 7.575000000000000178, 0.000000000000000000, 2.475000000000000089 ) ) ;
#2085 = EDGE_CURVE ( 'NONE', #1331, #702, #1167, .T. ) ;
#2086 = DIRECTION ( 'NONE',  ( -1.000000000000000000, -0.000000000000000000, -0.000000000000000000 ) ) ;
#2087 = ORIENTED_EDGE ( 'NONE', *, *, #6145, .T. ) ;
#2088 = EDGE_LOOP ( 'NONE', ( #5513, #4069, #2639, #588 ) ) ;
#2089 = VECTOR ( 'NONE', #4529, 1000.000000000000227 ) ;
#2090 = CARTESIAN_POINT ( 'NONE',  ( 7.875000000000000000, 0.6499999999999999112, -1.574999999999999512 ) ) ;
#2091 = LINE ( 'NONE', #1609, #5463 ) ;
#2092 = VECTOR ( 'NONE', #2309, 1000.000000000000000 ) ;
#2093 = AXIS2_PLACEMENT_3D ( 'NONE', #5373, #3929, #562 ) ;
#2094 = EDGE_CURVE ( 'NONE', #4480, #1023, #3103, .T. ) ;
#2095 = PRESENTATION_STYLE_ASSIGNMENT (( #3017 ) ) ;
#2096 = EDGE_LOOP ( 'NONE', ( #3560, #1146, #3553, #5746, #5382 ) ) ;
#2097 = EDGE_LOOP ( 'NONE', ( #3753, #2632, #3909, #4946 ) ) ;
#2098 = ORIENTED_EDGE ( 'NONE', *, *, #4566, .T. ) ;
#2099 = DIRECTION ( 'NONE',  ( -0.000000000000000000, 0.000000000000000000, -1.000000000000000000 ) ) ;
#2100 = CARTESIAN_POINT ( 'NONE',  ( 2.425000000000000266, -0.1499999999999963862, 0.3749999999999942268 ) ) ;
#2101 = PLANE ( 'NONE',  #846 ) ;
#2102 = VERTEX_POINT ( 'NONE', #4093 ) ;
#2103 = EDGE_LOOP ( 'NONE', ( #3656, #752, #1, #4351 ) ) ;
#2104 = VERTEX_POINT ( 'NONE', #663 ) ;
#2105 = PRODUCT_RELATED_PRODUCT_CATEGORY ( 'part', '', ( #3163 ) ) ;
#2106 = CARTESIAN_POINT ( 'NONE',  ( 4.274999999999998579, 1.199999999999999734, 0.1750000000000000722 ) ) ;
#2107 = LINE ( 'NONE', #2622, #156 ) ;
#2108 = ADVANCED_FACE ( 'NONE', ( #6007 ), #1676, .F. ) ;
#2109 = CARTESIAN_POINT ( 'NONE',  ( 4.274999999999998579, 1.449999999999999956, -0.7749999999999999112 ) ) ;
#2110 = EDGE_LOOP ( 'NONE', ( #6164, #1541, #5418, #3621 ) ) ;
#2111 = ADVANCED_FACE ( 'NONE', ( #4646 ), #4579, .F. ) ;
#2112 = ORIENTED_EDGE ( 'NONE', *, *, #3867, .T. ) ;
#2113 = CARTESIAN_POINT ( 'NONE',  ( 2.125000000000000000, 0.4999999999999998890, -0.8249999999999997335 ) ) ;
#2114 = CARTESIAN_POINT ( 'NONE',  ( 7.375000000000000000, 4.049999999999999822, 0.1750000000000002387 ) ) ;
#2115 = EDGE_CURVE ( 'NONE', #994, #3213, #1891, .T. ) ;
#2117 = CARTESIAN_POINT ( 'NONE',  ( 5.524999999999998579, 1.449999999999999956, 0.1750000000000000722 ) ) ;
#2116 = LINE ( 'NONE', #1493, #149 ) ;
#2118 = EDGE_CURVE ( 'NONE', #3271, #1023, #6103, .T. ) ;
#2119 = ORIENTED_EDGE ( 'NONE', *, *, #400, .F. ) ;
#2120 = EDGE_CURVE ( 'NONE', #1405, #5546, #2187, .T. ) ;
#2121 = EDGE_CURVE ( 'NONE', #633, #4361, #5096, .T. ) ;
#2122 = CARTESIAN_POINT ( 'NONE',  ( 2.624999999999999556, 1.899999999999999911, 1.825000000000000622 ) ) ;
#2124 = LINE ( 'NONE', #2155, #806 ) ;
#2123 = DIRECTION ( 'NONE',  ( 0.000000000000000000, -5.421010862427526114E-15, 1.000000000000000000 ) ) ;
#2125 = AXIS2_PLACEMENT_3D ( 'NONE', #1227, #6001, #5530 ) ;
#2126 = CARTESIAN_POINT ( 'NONE',  ( 5.724999999999997868, 0.2500000000000037748, -1.816421356237308826 ) ) ;
#2127 = DIRECTION ( 'NONE',  ( 0.000000000000000000, -5.251604272976699968E-15, 1.000000000000000000 ) ) ;
#2128 = EDGE_LOOP ( 'NONE', ( #6049, #3122, #4327, #2736 ) ) ;
#2129 = ORIENTED_EDGE ( 'NONE', *, *, #2589, .T. ) ;
#2130 = ORIENTED_EDGE ( 'NONE', *, *, #1147, .T. ) ;
#2131 = VECTOR ( 'NONE', #5298, 1000.000000000000000 ) ;
#2132 = EDGE_CURVE ( 'NONE', #731, #6104, #3168, .T. ) ;
#2133 = CARTESIAN_POINT ( 'NONE',  ( 2.125000000000000000, 4.049999999999999822, 2.475000000000000089 ) ) ;
#2134 = EDGE_CURVE ( 'NONE', #5391, #346, #1132, .T. ) ;
#2135 = PLANE ( 'NONE',  #1646 ) ;
#2136 = CARTESIAN_POINT ( 'NONE',  ( 4.330089135474556095, 0.5999999999999999778, 1.825000000000000622 ) ) ;
#2137 = ORIENTED_EDGE ( 'NONE', *, *, #3717, .T. ) ;
#2138 = ORIENTED_EDGE ( 'NONE', *, *, #1456, .F. ) ;
#2139 = VERTEX_POINT ( 'NONE', #1704 ) ;
#2140 = EDGE_LOOP ( 'NONE', ( #6256, #5919, #1464, #5797, #2730, #3348, #1091, #5970, #824, #1835, #4108, #1423, #2119 ) ) ;
#2141 = CARTESIAN_POINT ( 'NONE',  ( 3.999999999999999112, 0.000000000000000000, 2.075000000000000622 ) ) ;
#2142 = CARTESIAN_POINT ( 'NONE',  ( 0.000000000000000000, 4.049999999999999822, 0.4749999999999995337 ) ) ;
#2143 = CARTESIAN_POINT ( 'NONE',  ( 5.524999999999998579, 1.449999999999999956, 0.3750000000000000000 ) ) ;
#2144 = CARTESIAN_POINT ( 'NONE',  ( 5.724999999999998757, 3.950000000000000178, -1.174999999999999822 ) ) ;
#2145 = ORIENTED_EDGE ( 'NONE', *, *, #1319, .F. ) ;
#2146 = LINE ( 'NONE', #4084, #1820 ) ;
#2147 = FACE_OUTER_BOUND ( 'NONE', #3701, .T. ) ;
#2148 = LINE ( 'NONE', #3097, #4948 ) ;
#2149 = ORIENTED_EDGE ( 'NONE', *, *, #1573, .F. ) ;
#2150 = PRESENTATION_LAYER_ASSIGNMENT (  '', '', ( #2763 ) ) ;
#2151 = PRODUCT_DEFINITION_SHAPE ( 'NONE', 'NONE',  #783 ) ;
#2152 = VECTOR ( 'NONE', #1315, 1000.000000000000000 ) ;
#2153 = LINE ( 'NONE', #2184, #3037 ) ;
#2155 = CARTESIAN_POINT ( 'NONE',  ( 4.274999999999998579, 1.449999999999999956, -0.7749999999999999112 ) ) ;
#2154 = CARTESIAN_POINT ( 'NONE',  ( 4.474999999999996980, -0.1499999999999963862, -1.474999999999999645 ) ) ;
#2156 = PLANE ( 'NONE',  #5251 ) ;
#2157 = DIRECTION ( 'NONE',  ( 0.000000000000000000, 0.000000000000000000, -1.000000000000000000 ) ) ;
#2158 = ORIENTED_EDGE ( 'NONE', *, *, #1285, .T. ) ;
#2159 = ADVANCED_FACE ( 'NONE', ( #3072 ), #4609, .F. ) ;
#2160 = ORIENTED_EDGE ( 'NONE', *, *, #4091, .F. ) ;
#2161 = VECTOR ( 'NONE', #3112, 1000.000000000000000 ) ;
#2162 = EDGE_LOOP ( 'NONE', ( #6284, #5904, #2971, #6278 ) ) ;
#2163 = ORIENTED_EDGE ( 'NONE', *, *, #4661, .F. ) ;
#2164 = CARTESIAN_POINT ( 'NONE',  ( 2.225000000000000533, 2.349999999999999645, 1.675000000000000266 ) ) ;
#2165 = DIRECTION ( 'NONE',  ( 1.000000000000000000, 0.000000000000000000, 0.000000000000000000 ) ) ;
#2166 = DIRECTION ( 'NONE',  ( 0.000000000000000000, 1.000000000000000000, 0.000000000000000000 ) ) ;
#2167 = EDGE_LOOP ( 'NONE', ( #1612, #4336, #5511, #926 ) ) ;
#2168 = ORIENTED_EDGE ( 'NONE', *, *, #4656, .F. ) ;
#2169 = ORIENTED_EDGE ( 'NONE', *, *, #4089, .T. ) ;
#2170 = MECHANICAL_DESIGN_GEOMETRIC_PRESENTATION_REPRESENTATION (  '', ( #944 ), #33 ) ;
#2171 = DIRECTION ( 'NONE',  ( 1.000000000000000000, 0.000000000000000000, 0.000000000000000000 ) ) ;
#2172 = CARTESIAN_POINT ( 'NONE',  ( -6.875000000000000000, 3.950000000000000178, -1.174999999999999822 ) ) ;
#2173 = LINE ( 'NONE', #1760, #220 ) ;
#2174 = DIRECTION ( 'NONE',  ( 0.000000000000000000, -5.421010862427520198E-16, 1.000000000000000000 ) ) ;
#2175 = AXIS2_PLACEMENT_3D ( 'NONE', #5146, #2655, #2174 ) ;
#2176 = ORIENTED_EDGE ( 'NONE', *, *, #1848, .F. ) ;
#2177 = COLOUR_RGB ( '',1.000000000000000000, 1.000000000000000000, 1.000000000000000000 ) ;
#2178 = CARTESIAN_POINT ( 'NONE',  ( 2.225000000000000533, 0.000000000000000000, 0.000000000000000000 ) ) ;
#2179 =( GEOMETRIC_REPRESENTATION_CONTEXT ( 3 ) GLOBAL_UNCERTAINTY_ASSIGNED_CONTEXT ( ( #5700 ) ) GLOBAL_UNIT_ASSIGNED_CONTEXT ( ( #5847, #2480, #2416 ) ) REPRESENTATION_CONTEXT ( 'NONE', 'WORKASPACE' ) );
#2180 = CARTESIAN_POINT ( 'NONE',  ( 7.781793621149187601, 6.140988867593913192E-18, -0.02500000000000096242 ) ) ;
#2181 = CARTESIAN_POINT ( 'NONE',  ( 5.874999999999997335, 4.049999999999999822, 0.4749999999999995337 ) ) ;
#2182 = VECTOR ( 'NONE', #4167, 1000.000000000000000 ) ;
#2183 = ORIENTED_EDGE ( 'NONE', *, *, #1073, .F. ) ;
#2184 = CARTESIAN_POINT ( 'NONE',  ( 2.624999999999999556, 1.899999999999999689, 2.475000000000000533 ) ) ;
#2186 = DIRECTION ( 'NONE',  ( 1.000000000000000000, 0.000000000000000000, 0.000000000000000000 ) ) ;
#2185 = DIRECTION ( 'NONE',  ( 0.000000000000000000, 1.000000000000000000, 0.000000000000000000 ) ) ;
#2187 = LINE ( 'NONE', #282, #3917 ) ;
#2188 = PLANE ( 'NONE',  #848 ) ;
#2190 = ORIENTED_EDGE ( 'NONE', *, *, #3702, .F. ) ;
#2189 = VECTOR ( 'NONE', #2185, 1000.000000000000000 ) ;
#2191 = EDGE_LOOP ( 'NONE', ( #5894, #1533, #3161, #1172 ) ) ;
#2192 = ORIENTED_EDGE ( 'NONE', *, *, #838, .F. ) ;
#2193 = EDGE_LOOP ( 'NONE', ( #1480, #3192, #1687, #166 ) ) ;
#2194 = EDGE_CURVE ( 'NONE', #4416, #2697, #3652, .T. ) ;
#2195 = VECTOR ( 'NONE', #82, 1000.000000000000000 ) ;
#2196 = VECTOR ( 'NONE', #3008, 1000.000000000000000 ) ;
#2197 = CARTESIAN_POINT ( 'NONE',  ( 4.274999999999998579, 3.299999999999999822, -1.224999999999999645 ) ) ;
#2198 = EDGE_CURVE ( 'NONE', #4370, #3881, #2607, .T. ) ;
#2199 = DIRECTION ( 'NONE',  ( 1.000000000000000000, 0.000000000000000000, -0.000000000000000000 ) ) ;
#2200 = FACE_OUTER_BOUND ( 'NONE', #5113, .T. ) ;
#2201 = EDGE_CURVE ( 'NONE', #2139, #470, #5633, .T. ) ;
#2202 = DIRECTION ( 'NONE',  ( 0.000000000000000000, -3.336006684570783101E-16, 1.000000000000000000 ) ) ;
#2203 = VECTOR ( 'NONE', #4554, 1000.000000000000000 ) ;
#2204 = VECTOR ( 'NONE', #4859, 1000.000000000000000 ) ;
#2205 = UNCERTAINTY_MEASURE_WITH_UNIT (LENGTH_MEASURE( 1.000000000000000082E-05 ), #5597, 'distance_accuracy_value', 'NONE');
#2206 = EDGE_LOOP ( 'NONE', ( #4297, #652, #5555, #64 ) ) ;
#2207 = ORIENTED_EDGE ( 'NONE', *, *, #2468, .T. ) ;
#2208 = EDGE_CURVE ( 'NONE', #5447, #5337, #2091, .T. ) ;
#2209 = DIRECTION ( 'NONE',  ( 1.000000000000000000, 0.000000000000000000, -0.000000000000000000 ) ) ;
#2210 = CARTESIAN_POINT ( 'NONE',  ( 7.174999999999999822, 3.149999999999999911, 2.375000000000000444 ) ) ;
#2211 = DIRECTION ( 'NONE',  ( -1.000000000000000000, -0.000000000000000000, -0.000000000000000000 ) ) ;
#2212 = LINE ( 'NONE', #298, #5224 ) ;
#2213 = ORIENTED_EDGE ( 'NONE', *, *, #723, .F. ) ;
#2214 = EDGE_CURVE ( 'NONE', #1338, #4535, #1641, .T. ) ;
#2215 = FACE_OUTER_BOUND ( 'NONE', #5427, .T. ) ;
#2216 = CARTESIAN_POINT ( 'NONE',  ( 0.000000000000000000, 4.049999999999999822, 0.2749999999999996336 ) ) ;
#2218 = CARTESIAN_POINT ( 'NONE',  ( 2.625000000000000444, 3.950000000000000178, 0.000000000000000000 ) ) ;
#2217 =( NAMED_UNIT ( * ) SI_UNIT ( $, .STERADIAN. ) SOLID_ANGLE_UNIT ( ) );
#2219 = FACE_OUTER_BOUND ( 'NONE', #126, .T. ) ;
#2221 = DIRECTION ( 'NONE',  ( 0.000000000000000000, -0.8320502943378443872, 0.5547001962252280372 ) ) ;
#2220 = CARTESIAN_POINT ( 'NONE',  ( -6.875000000000000000, -13.83708784390703705, 0.3750000000000001110 ) ) ;
#2222 = DIRECTION ( 'NONE',  ( -1.000000000000000000, -0.000000000000000000, -0.000000000000000000 ) ) ;
#2223 = DIRECTION ( 'NONE',  ( 1.000000000000000000, 0.000000000000000000, 0.000000000000000000 ) ) ;
#2224 = ORIENTED_EDGE ( 'NONE', *, *, #6152, .T. ) ;
#2225 = ORIENTED_EDGE ( 'NONE', *, *, #2664, .F. ) ;
#2226 = ORIENTED_EDGE ( 'NONE', *, *, #3162, .T. ) ;
#2227 = EDGE_CURVE ( 'NONE', #3918, #5699, #2734, .T. ) ;
#2228 = DIRECTION ( 'NONE',  ( 0.000000000000000000, 1.000000000000000000, -1.445602896647327084E-15 ) ) ;
#2229 = VECTOR ( 'NONE', #2061, 1000.000000000000000 ) ;
#2230 = LINE ( 'NONE', #2743, #2969 ) ;
#2231 = CARTESIAN_POINT ( 'NONE',  ( -7.875000000000000000, 4.049999999999999822, 2.475000000000000089 ) ) ;
#2232 = DIRECTION ( 'NONE',  ( 0.000000000000000000, -1.000000000000000000, 0.000000000000000000 ) ) ;
#2233 = ADVANCED_FACE ( 'NONE', ( #5780 ), #431, .F. ) ;
#2234 = AXIS2_PLACEMENT_3D ( 'NONE', #3275, #2423, #5291 ) ;
#2235 = VECTOR ( 'NONE', #4764, 1000.000000000000000 ) ;
#2236 = ORIENTED_EDGE ( 'NONE', *, *, #986, .F. ) ;
#2237 = ORIENTED_EDGE ( 'NONE', *, *, #630, .F. ) ;
#2238 = ADVANCED_FACE ( 'NONE', ( #3713 ), #2370, .F. ) ;
#2239 = DIRECTION ( 'NONE',  ( -1.000000000000000000, -1.084202172485505297E-16, 0.000000000000000000 ) ) ;
#2240 = DIRECTION ( 'NONE',  ( -0.000000000000000000, -0.000000000000000000, 1.000000000000000000 ) ) ;
#2241 = DIRECTION ( 'NONE',  ( 0.000000000000000000, 0.7071067811865435759, 0.7071067811865515695 ) ) ;
#2242 = EDGE_CURVE ( 'NONE', #1719, #4475, #4706, .T. ) ;
#2243 = ORIENTED_EDGE ( 'NONE', *, *, #1063, .T. ) ;
#2244 = LINE ( 'NONE', #3703, #908 ) ;
#2245 = LINE ( 'NONE', #5059, #3004 ) ;
#2247 = CARTESIAN_POINT ( 'NONE',  ( 7.781793621149187601, 3.050000000000000266, -0.1050000000000000655 ) ) ;
#2246 = SHAPE_DEFINITION_REPRESENTATION ( #2151, #2275 ) ;
#2248 = EDGE_LOOP ( 'NONE', ( #1907, #501, #4695, #2138 ) ) ;
#2249 = EDGE_CURVE ( 'NONE', #3938, #2575, #2851, .T. ) ;
#2250 = LINE ( 'NONE', #5601, #3850 ) ;
#2251 = CARTESIAN_POINT ( 'NONE',  ( 4.274999999999998579, 2.899999999999996803, -0.7749999999999999112 ) ) ;
#2252 = CARTESIAN_POINT ( 'NONE',  ( 3.025000000000005240, 1.800000000000000044, -1.774999999999999689 ) ) ;
#2253 =( NAMED_UNIT ( * ) SI_UNIT ( $, .STERADIAN. ) SOLID_ANGLE_UNIT ( ) );
#2254 = ORIENTED_EDGE ( 'NONE', *, *, #5035, .F. ) ;
#2255 = ORIENTED_EDGE ( 'NONE', *, *, #2300, .F. ) ;
#2256 = ORIENTED_EDGE ( 'NONE', *, *, #4484, .T. ) ;
#2257 = ORIENTED_EDGE ( 'NONE', *, *, #4142, .F. ) ;
#2258 = PLANE ( 'NONE',  #1663 ) ;
#2259 = DIRECTION ( 'NONE',  ( -1.000000000000000000, 0.000000000000000000, 0.000000000000000000 ) ) ;
#2260 = LINE ( 'NONE', #2768, #1361 ) ;
#2261 = CARTESIAN_POINT ( 'NONE',  ( 5.374999999999999112, 1.449999999999999956, 0.3750000000000000555 ) ) ;
#2262 = ORIENTED_EDGE ( 'NONE', *, *, #493, .T. ) ;
#2263 = DIRECTION ( 'NONE',  ( 0.000000000000000000, 0.7071067811865475727, -0.7071067811865475727 ) ) ;
#2264 = CARTESIAN_POINT ( 'NONE',  ( 6.724999999999999645, 4.049999999999999822, 2.375000000000000444 ) ) ;
#2265 = DIRECTION ( 'NONE',  ( 1.000000000000000000, 0.000000000000000000, 0.000000000000000000 ) ) ;
#2266 = VECTOR ( 'NONE', #821, 1000.000000000000000 ) ;
#2267 = LINE ( 'NONE', #5240, #4263 ) ;
#2268 = VECTOR ( 'NONE', #3806, 1000.000000000000000 ) ;
#2269 = CARTESIAN_POINT ( 'NONE',  ( 5.724999999999998757, 4.049999999999999822, -1.224999999999999645 ) ) ;
#2270 = EDGE_CURVE ( 'NONE', #956, #4170, #4191, .T. ) ;
#2271 = STYLED_ITEM ( 'NONE', ( #3924 ), #5477 ) ;
#2272 = DIRECTION ( 'NONE',  ( -1.000000000000000000, -0.000000000000000000, -0.000000000000000000 ) ) ;
#2273 = ADVANCED_FACE ( 'NONE', ( #6251 ), #4678, .F. ) ;
#2274 = AXIS2_PLACEMENT_3D ( 'NONE', #1786, #5766, #2265 ) ;
#2275 = SHAPE_REPRESENTATION ( 'BMxxB-GHS-TBT_02', ( #3597 ), #2179 ) ;
#2276 = EDGE_CURVE ( 'NONE', #5338, #218, #2761, .T. ) ;
#2277 = PLANE ( 'NONE',  #2841 ) ;
#2278 = AXIS2_PLACEMENT_3D ( 'NONE', #6161, #2882, #3802 ) ;
#2280 = FILL_AREA_STYLE_COLOUR ( '', #2562 ) ;
#2279 = LINE ( 'NONE', #4155, #4023 ) ;
#2281 = FACE_OUTER_BOUND ( 'NONE', #2317, .T. ) ;
#2282 = CARTESIAN_POINT ( 'NONE',  ( 5.724999999999997868, -0.1499999999999963862, -1.474999999999999645 ) ) ;
#2283 = STYLED_ITEM ( 'NONE', ( #3428 ), #4122 ) ;
#2284 = EDGE_LOOP ( 'NONE', ( #376, #3605, #1500, #3948 ) ) ;
#2285 = EDGE_CURVE ( 'NONE', #4170, #2617, #311, .T. ) ;
#2286 = CARTESIAN_POINT ( 'NONE',  ( 3.125000000000000000, 3.950000000000000178, -1.174999999999999822 ) ) ;
#2287 = PLANE ( 'NONE',  #843 ) ;
#2288 = CARTESIAN_POINT ( 'NONE',  ( 4.274999999999998579, 3.050000000000000266, -0.1050000000000000655 ) ) ;
#2289 = PLANE ( 'NONE',  #5236 ) ;
#2290 = ORIENTED_EDGE ( 'NONE', *, *, #2896, .T. ) ;
#2291 = ORIENTED_EDGE ( 'NONE', *, *, #5065, .F. ) ;
#2292 = VERTEX_POINT ( 'NONE', #3322 ) ;
#2293 = VERTEX_POINT ( 'NONE', #2252 ) ;
#2294 = VECTOR ( 'NONE', #6087, 1000.000000000000000 ) ;
#2295 = AXIS2_PLACEMENT_3D ( 'NONE', #3521, #5908, #6281 ) ;
#2296 = CARTESIAN_POINT ( 'NONE',  ( 4.274999999999998579, 1.016439536705160869E-17, 0.3750000000000000555 ) ) ;
#2297 = LINE ( 'NONE', #4235, #902 ) ;
#2298 = DIRECTION ( 'NONE',  ( 0.000000000000000000, 0.000000000000000000, -1.000000000000000000 ) ) ;
#2299 = VECTOR ( 'NONE', #492, 1000.000000000000000 ) ;
#2300 = EDGE_CURVE ( 'NONE', #937, #3881, #3765, .T. ) ;
#2301 = ORIENTED_EDGE ( 'NONE', *, *, #2506, .T. ) ;
#2302 = PLANE ( 'NONE',  #3941 ) ;
#2303 = CARTESIAN_POINT ( 'NONE',  ( 5.874999999999997335, 1.199999999999999734, 0.1750000000000000999 ) ) ;
#2304 = LINE ( 'NONE', #4240, #5827 ) ;
#2305 = PLANE ( 'NONE',  #1393 ) ;
#2306 = ADVANCED_FACE ( 'NONE', ( #2281 ), #2797, .F. ) ;
#2307 = EDGE_CURVE ( 'NONE', #346, #1353, #5053, .T. ) ;
#2308 = DIRECTION ( 'NONE',  ( -1.000000000000000000, 0.000000000000000000, -0.000000000000000000 ) ) ;
#2309 = DIRECTION ( 'NONE',  ( 0.000000000000000000, 1.000000000000000000, 0.000000000000000000 ) ) ;
#2310 = EDGE_CURVE ( 'NONE', #4233, #5982, #340, .T. ) ;
#2311 = FACE_OUTER_BOUND ( 'NONE', #3333, .T. ) ;
#2312 = LINE ( 'NONE', #6191, #5645 ) ;
#2313 = ADVANCED_FACE ( 'NONE', ( #2311 ), #3739, .T. ) ;
#2314 = ADVANCED_FACE ( 'NONE', ( #909 ), #4799, .F. ) ;
#2315 = ORIENTED_EDGE ( 'NONE', *, *, #2385, .F. ) ;
#2316 = VERTEX_POINT ( 'NONE', #399 ) ;
#2317 = EDGE_LOOP ( 'NONE', ( #5109, #1007, #3239, #3139, #1288, #2574, #2013, #3371, #1090, #2168, #1272, #4049, #5635, #5990, #1944, #3946, #2618, #4901, #5102, #3964, #1680, #1561 ) ) ;
#2319 = CARTESIAN_POINT ( 'NONE',  ( 2.125000000000000000, 1.999999999999999112, 2.475000000000000089 ) ) ;
#2318 = PLANE ( 'NONE',  #3302 ) ;
#2320 = DIRECTION ( 'NONE',  ( -1.000000000000000000, 0.000000000000000000, 0.000000000000000000 ) ) ;
#2321 = DIRECTION ( 'NONE',  ( 0.000000000000000000, 0.000000000000000000, -1.000000000000000000 ) ) ;
#2322 = CLOSED_SHELL ( 'NONE', ( #5453, #1843, #4177, #5850, #2395, #5802, #1660, #207 ) ) ;
#2323 = CARTESIAN_POINT ( 'NONE',  ( 3.125000000000000000, -13.83708784390703705, -1.174999999999999822 ) ) ;
#2324 = ORIENTED_EDGE ( 'NONE', *, *, #4563, .F. ) ;
#2325 = ORIENTED_EDGE ( 'NONE', *, *, #2587, .T. ) ;
#2326 = ORIENTED_EDGE ( 'NONE', *, *, #2708, .F. ) ;
#2327 = EDGE_LOOP ( 'NONE', ( #639, #3641, #4772, #3048 ) ) ;
#2328 = VECTOR ( 'NONE', #1268, 1000.000000000000000 ) ;
#2329 = ADVANCED_FACE ( 'NONE', ( #1864 ), #2343, .T. ) ;
#2330 = DIRECTION ( 'NONE',  ( 0.000000000000000000, 0.7071067811865435759, 0.7071067811865515695 ) ) ;
#2331 = DIRECTION ( 'NONE',  ( 1.000000000000000000, 0.000000000000000000, 0.000000000000000000 ) ) ;
#2332 = DIRECTION ( 'NONE',  ( 1.000000000000000000, 0.000000000000000000, 0.000000000000000000 ) ) ;
#2333 = VECTOR ( 'NONE', #180, 1000.000000000000000 ) ;
#2334 = VECTOR ( 'NONE', #4239, 1000.000000000000114 ) ;
#2335 = ORIENTED_EDGE ( 'NONE', *, *, #3547, .F. ) ;
#2336 = LINE ( 'NONE', #5332, #1206 ) ;
#2337 = PLANE ( 'NONE',  #3657 ) ;
#2338 = LINE ( 'NONE', #2403, #4918 ) ;
#2339 = CARTESIAN_POINT ( 'NONE',  ( 4.124999999999999112, 1.199999999999999734, 0.3750000000000000555 ) ) ;
#2340 = ORIENTED_EDGE ( 'NONE', *, *, #5705, .F. ) ;
#2341 = CARTESIAN_POINT ( 'NONE',  ( 2.425000000000000266, -0.1499999999999963862, 2.324999999999999734 ) ) ;
#2342 = LINE ( 'NONE', #497, #1077 ) ;
#2343 = PLANE ( 'NONE',  #4738 ) ;
#2344 = CARTESIAN_POINT ( 'NONE',  ( -6.875000000000000000, 1.449999999999999956, -1.174999999999999822 ) ) ;
#2345 = EDGE_LOOP ( 'NONE', ( #4625, #446, #3202, #4029, #2912, #5576 ) ) ;
#2346 = ORIENTED_EDGE ( 'NONE', *, *, #4350, .T. ) ;
#2348 = PLANE ( 'NONE',  #3381 ) ;
#2347 = PLANE ( 'NONE',  #4532 ) ;
#2349 = DIRECTION ( 'NONE',  ( 0.000000000000000000, 0.000000000000000000, 1.000000000000000000 ) ) ;
#2350 = CARTESIAN_POINT ( 'NONE',  ( 7.375000000000000000, 4.049999999999999822, 0.1750000000000002387 ) ) ;
#2351 = EDGE_CURVE ( 'NONE', #4352, #4264, #1576, .T. ) ;
#2352 = PLANE ( 'NONE',  #6241 ) ;
#2353 = ORIENTED_EDGE ( 'NONE', *, *, #5401, .F. ) ;
#2354 = VERTEX_POINT ( 'NONE', #2440 ) ;
#2355 = AXIS2_PLACEMENT_3D ( 'NONE', #5201, #2776, #5263 ) ;
#2356 = LINE ( 'NONE', #4300, #4803 ) ;
#2357 = DIRECTION ( 'NONE',  ( 0.000000000000000000, 0.000000000000000000, -1.000000000000000000 ) ) ;
#2358 = CARTESIAN_POINT ( 'NONE',  ( 7.875000000000000000, 0.000000000000000000, -0.8249999999999997335 ) ) ;
#2359 = EDGE_CURVE ( 'NONE', #4995, #315, #4962, .T. ) ;
#2360 = ORIENTED_EDGE ( 'NONE', *, *, #2134, .F. ) ;
#2361 = LINE ( 'NONE', #3374, #4580 ) ;
#2362 = FACE_OUTER_BOUND ( 'NONE', #3981, .T. ) ;
#2363 = EDGE_CURVE ( 'NONE', #5288, #984, #3863, .T. ) ;
#2364 = FILL_AREA_STYLE_COLOUR ( '', #3890 ) ;
#2365 = DIRECTION ( 'NONE',  ( 0.000000000000000000, 0.000000000000000000, -1.000000000000000000 ) ) ;
#2366 = ORIENTED_EDGE ( 'NONE', *, *, #412, .F. ) ;
#2367 = CARTESIAN_POINT ( 'NONE',  ( 2.425000000000000266, 1.899999999999999689, 2.475000000000000533 ) ) ;
#2368 = AXIS2_PLACEMENT_3D ( 'NONE', #1478, #4884, #4437 ) ;
#2369 = CARTESIAN_POINT ( 'NONE',  ( 4.274999999999999467, 4.049999999999999822, -1.224999999999999645 ) ) ;
#2370 = PLANE ( 'NONE',  #4221 ) ;
#2371 = DIRECTION ( 'NONE',  ( -0.000000000000000000, -1.000000000000000000, -1.251002506714043540E-16 ) ) ;
#2372 = ORIENTED_EDGE ( 'NONE', *, *, #3639, .F. ) ;
#2373 = VERTEX_POINT ( 'NONE', #1993 ) ;
#2374 = VERTEX_POINT ( 'NONE', #2025 ) ;
#2375 = VECTOR ( 'NONE', #5796, 1000.000000000000000 ) ;
#2376 = COLOUR_RGB ( '',0.7960784313725489669, 0.8235294117647058432, 0.9372549019607843146 ) ;
#2378 = CARTESIAN_POINT ( 'NONE',  ( 2.375000000000000444, 2.899999999999999911, -0.3249999999999997891 ) ) ;
#2377 = CARTESIAN_POINT ( 'NONE',  ( 6.375000000000000888, 3.950000000000000178, 0.8749999999999996669 ) ) ;
#2379 = AXIS2_PLACEMENT_3D ( 'NONE', #5761, #2744, #2321 ) ;
#2380 = CARTESIAN_POINT ( 'NONE',  ( 2.125000000000000000, 0.4999999999999998890, -0.8249999999999997335 ) ) ;
#2381 = DIRECTION ( 'NONE',  ( 0.000000000000000000, 0.000000000000000000, 1.000000000000000000 ) ) ;
#2382 = DIRECTION ( 'NONE',  ( -0.000000000000000000, -0.000000000000000000, 1.000000000000000000 ) ) ;
#2383 = VECTOR ( 'NONE', #2232, 1000.000000000000000 ) ;
#2384 = ORIENTED_EDGE ( 'NONE', *, *, #2910, .F. ) ;
#2385 = EDGE_CURVE ( 'NONE', #2952, #4811, #2916, .T. ) ;
#2386 = VERTEX_POINT ( 'NONE', #1067 ) ;
#2387 = ORIENTED_EDGE ( 'NONE', *, *, #6155, .T. ) ;
#2388 = EDGE_CURVE ( 'NONE', #6185, #2953, #19, .T. ) ;
#2389 = CARTESIAN_POINT ( 'NONE',  ( 2.625000000000000444, 2.899999999999999911, -0.3249999999999997891 ) ) ;
#2390 = EDGE_CURVE ( 'NONE', #4041, #677, #83, .T. ) ;
#2391 = DIRECTION ( 'NONE',  ( -0.000000000000000000, -0.000000000000000000, 1.000000000000000000 ) ) ;
#2392 = CARTESIAN_POINT ( 'NONE',  ( -6.875000000000000000, 1.449999999999999956, 0.3750000000000001110 ) ) ;
#2393 = ORIENTED_EDGE ( 'NONE', *, *, #992, .F. ) ;
#2394 = VECTOR ( 'NONE', #3058, 1000.000000000000000 ) ;
#2395 = ADVANCED_FACE ( 'NONE', ( #498 ), #592, .T. ) ;
#2396 = ORIENTED_EDGE ( 'NONE', *, *, #2134, .T. ) ;
#2397 = EDGE_CURVE ( 'NONE', #965, #5869, #4385, .T. ) ;
#2398 = ORIENTED_EDGE ( 'NONE', *, *, #1191, .F. ) ;
#2399 = FACE_OUTER_BOUND ( 'NONE', #2088, .T. ) ;
#2400 = LINE ( 'NONE', #4856, #1289 ) ;
#2401 = VECTOR ( 'NONE', #1512, 1000.000000000000000 ) ;
#2402 = VECTOR ( 'NONE', #1897, 1000.000000000000000 ) ;
#2403 = CARTESIAN_POINT ( 'NONE',  ( 5.524999999999998579, 3.450000000000001510, 1.870248747537497357E-14 ) ) ;
#2404 = CARTESIAN_POINT ( 'NONE',  ( -6.875000000000000000, 3.950000000000000178, 0.3750000000000001110 ) ) ;
#2405 = ORIENTED_EDGE ( 'NONE', *, *, #5237, .T. ) ;
#2406 = EDGE_CURVE ( 'NONE', #6213, #4535, #3993, .T. ) ;
#2407 = CARTESIAN_POINT ( 'NONE',  ( 7.174999999999999822, 3.149999999999999911, 2.375000000000000444 ) ) ;
#2408 = CARTESIAN_POINT ( 'NONE',  ( 5.524999999999998579, 4.049999999999999822, -1.224999999999999645 ) ) ;
#2409 = DIRECTION ( 'NONE',  ( 0.000000000000000000, 0.000000000000000000, 1.000000000000000000 ) ) ;
#2410 = PLANE ( 'NONE',  #4311 ) ;
#2411 = ORIENTED_EDGE ( 'NONE', *, *, #4066, .T. ) ;
#2412 = ORIENTED_EDGE ( 'NONE', *, *, #775, .T. ) ;
#2414 = CARTESIAN_POINT ( 'NONE',  ( 5.524999999999998579, 3.950000000000000178, 0.1750000000000000722 ) ) ;
#2413 = DIRECTION ( 'NONE',  ( 0.000000000000000000, 0.000000000000000000, -1.000000000000000000 ) ) ;
#2415 = CARTESIAN_POINT ( 'NONE',  ( 4.274999999999998579, 3.299999999999999822, -0.7749999999999999112 ) ) ;
#2416 =( NAMED_UNIT ( * ) SI_UNIT ( $, .STERADIAN. ) SOLID_ANGLE_UNIT ( ) );
#2417 = DIRECTION ( 'NONE',  ( 0.7071067811865475727, -0.7071067811865475727, 0.000000000000000000 ) ) ;
#2418 = EDGE_LOOP ( 'NONE', ( #5792, #2569, #6024, #2595 ) ) ;
#2419 = ORIENTED_EDGE ( 'NONE', *, *, #4096, .T. ) ;
#2420 = ORIENTED_EDGE ( 'NONE', *, *, #4449, .T. ) ;
#2421 = EDGE_CURVE ( 'NONE', #3255, #4887, #1513, .T. ) ;
#2422 = CARTESIAN_POINT ( 'NONE',  ( 3.124999999999999112, -6.123233995736742617E-17, 0.2250000000000008105 ) ) ;
#2423 = DIRECTION ( 'NONE',  ( 1.000000000000000000, 0.000000000000000000, -0.000000000000000000 ) ) ;
#2424 = DIRECTION ( 'NONE',  ( 0.000000000000000000, 0.000000000000000000, 1.000000000000000000 ) ) ;
#2425 = EDGE_CURVE ( 'NONE', #315, #1370, #2469, .T. ) ;
#2426 = VERTEX_POINT ( 'NONE', #3484 ) ;
#2427 = ORIENTED_EDGE ( 'NONE', *, *, #2802, .F. ) ;
#2428 = VERTEX_POINT ( 'NONE', #5341 ) ;
#2429 = CARTESIAN_POINT ( 'NONE',  ( 7.275000000000000355, 1.999999999999999112, 2.475000000000000089 ) ) ;
#2430 = CARTESIAN_POINT ( 'NONE',  ( 7.774999999999999467, 4.049999999999999822, 0.6750000000000002665 ) ) ;
#2431 = VECTOR ( 'NONE', #142, 1000.000000000000000 ) ;
#2432 = CARTESIAN_POINT ( 'NONE',  ( 4.474999999999998757, 3.299999999999999822, -0.7749999999999999112 ) ) ;
#2433 = PLANE ( 'NONE',  #6225 ) ;
#2434 = VECTOR ( 'NONE', #5095, 1000.000000000000000 ) ;
#2435 = PLANE ( 'NONE',  #1181 ) ;
#2436 = VECTOR ( 'NONE', #2441, 1000.000000000000000 ) ;
#2437 = ORIENTED_EDGE ( 'NONE', *, *, #4847, .T. ) ;
#2438 = CARTESIAN_POINT ( 'NONE',  ( 3.724999999999999201, 4.049999999999999822, 0.000000000000000000 ) ) ;
#2439 = DIRECTION ( 'NONE',  ( 0.000000000000000000, 1.000000000000000000, 3.336006684570783101E-16 ) ) ;
#2440 = CARTESIAN_POINT ( 'NONE',  ( 2.425000000000000266, -0.1499999999999963862, 0.3749999999999942268 ) ) ;
#2441 = DIRECTION ( 'NONE',  ( 0.000000000000000000, 0.000000000000000000, -1.000000000000000000 ) ) ;
#2442 = VECTOR ( 'NONE', #6243, 1000.000000000000000 ) ;
#2443 = VERTEX_POINT ( 'NONE', #3420 ) ;
#2444 = ADVANCED_FACE ( 'NONE', ( #1485 ), #531, .F. ) ;
#2446 = LINE ( 'NONE', #4390, #2229 ) ;
#2445 = CARTESIAN_POINT ( 'NONE',  ( 7.774999999999999467, 2.349999999999999645, 1.675000000000000266 ) ) ;
#2447 = CARTESIAN_POINT ( 'NONE',  ( 7.375000000000000000, 1.800000000000000044, -1.175000000000000044 ) ) ;
#2448 = DIRECTION ( 'NONE',  ( 0.4472135954999579277, 0.8944271909999158554, -0.000000000000000000 ) ) ;
#2449 = VERTEX_POINT ( 'NONE', #1932 ) ;
#2450 = VERTEX_POINT ( 'NONE', #4478 ) ;
#2451 = DIRECTION ( 'NONE',  ( 0.000000000000000000, 0.7071067811865570096, -0.7071067811865381358 ) ) ;
#2452 = LINE ( 'NONE', #637, #228 ) ;
#2453 = LINE ( 'NONE', #6269, #1263 ) ;
#2454 = VERTEX_POINT ( 'NONE', #112 ) ;
#2455 = VECTOR ( 'NONE', #171, 1000.000000000000000 ) ;
#2456 = ORIENTED_EDGE ( 'NONE', *, *, #1062, .T. ) ;
#2457 = AXIS2_PLACEMENT_3D ( 'NONE', #3149, #743, #2209 ) ;
#2458 = CARTESIAN_POINT ( 'NONE',  ( 4.274999999999997691, 0.4999999999999998890, -0.8249999999999997335 ) ) ;
#2459 = LINE ( 'NONE', #43, #4473 ) ;
#2460 =( LENGTH_UNIT ( ) NAMED_UNIT ( * ) SI_UNIT ( .MILLI., .METRE. ) );
#2461 = PLANE ( 'NONE',  #4204 ) ;
#2462 = CARTESIAN_POINT ( 'NONE',  ( 5.524999999999998579, 3.050000000000000266, 0.000000000000000000 ) ) ;
#2463 = AXIS2_PLACEMENT_3D ( 'NONE', #288, #2199, #6077 ) ;
#2464 = ORIENTED_EDGE ( 'NONE', *, *, #331, .F. ) ;
#2465 = EDGE_CURVE ( 'NONE', #5935, #5609, #5872, .T. ) ;
#2466 = CARTESIAN_POINT ( 'NONE',  ( 7.375000000000000888, 0.000000000000000000, 0.2250000000000008105 ) ) ;
#2467 = DIRECTION ( 'NONE',  ( -0.000000000000000000, -0.000000000000000000, -1.000000000000000000 ) ) ;
#2468 = EDGE_CURVE ( 'NONE', #2649, #4005, #2505, .T. ) ;
#2469 = LINE ( 'NONE', #4926, #4125 ) ;
#2470 = LINE ( 'NONE', #4414, #2027 ) ;
#2471 = EDGE_LOOP ( 'NONE', ( #2130, #2456, #5884, #4368 ) ) ;
#2472 = ORIENTED_EDGE ( 'NONE', *, *, #6286, .T. ) ;
#2473 = ORIENTED_EDGE ( 'NONE', *, *, #3598, .T. ) ;
#2474 = EDGE_CURVE ( 'NONE', #564, #2986, #5406, .T. ) ;
#2475 = VECTOR ( 'NONE', #2241, 999.9999999999998863 ) ;
#2477 = CARTESIAN_POINT ( 'NONE',  ( 5.724999999999997868, 1.449999999999999956, 0.1750000000000000722 ) ) ;
#2476 = DIRECTION ( 'NONE',  ( -0.000000000000000000, -4.553649124439118623E-15, 1.000000000000000000 ) ) ;
#2478 = VECTOR ( 'NONE', #1999, 1000.000000000000114 ) ;
#2479 = DIRECTION ( 'NONE',  ( -1.000000000000000000, 0.000000000000000000, 1.807003620809174632E-16 ) ) ;
#2480 =( NAMED_UNIT ( * ) PLANE_ANGLE_UNIT ( ) SI_UNIT ( $, .RADIAN. ) );
#2481 = VECTOR ( 'NONE', #2778, 1000.000000000000114 ) ;
#2482 = PRESENTATION_LAYER_ASSIGNMENT (  '', '', ( #2887 ) ) ;
#2483 = ORIENTED_EDGE ( 'NONE', *, *, #1448, .T. ) ;
#2484 = ORIENTED_EDGE ( 'NONE', *, *, #322, .F. ) ;
#2485 = EDGE_CURVE ( 'NONE', #66, #2865, #2975, .T. ) ;
#2486 = VERTEX_POINT ( 'NONE', #4543 ) ;
#2487 = MECHANICAL_DESIGN_GEOMETRIC_PRESENTATION_REPRESENTATION (  '', ( #2283 ), #1874 ) ;
#2488 = CARTESIAN_POINT ( 'NONE',  ( 7.875000000000000000, 1.800000000000000044, -1.175000000000000044 ) ) ;
#2489 = VECTOR ( 'NONE', #3774, 999.9999999999998863 ) ;
#2490 = CARTESIAN_POINT ( 'NONE',  ( 7.375000000000000888, -0.1499999999999963862, 2.324999999999999734 ) ) ;
#2491 = CARTESIAN_POINT ( 'NONE',  ( 6.000000000000000888, 4.049999999999999822, 0.5750000000000010658 ) ) ;
#2492 = ORIENTED_EDGE ( 'NONE', *, *, #61, .F. ) ;
#2493 = ORIENTED_EDGE ( 'NONE', *, *, #4920, .T. ) ;
#2494 = VERTEX_POINT ( 'NONE', #2117 ) ;
#2495 = DIRECTION ( 'NONE',  ( 0.000000000000000000, 1.000000000000000000, 0.000000000000000000 ) ) ;
#2496 = DIRECTION ( 'NONE',  ( 0.000000000000000000, -1.000000000000000000, 0.000000000000000000 ) ) ;
#2497 = LINE ( 'NONE', #5832, #2684 ) ;
#2498 = CARTESIAN_POINT ( 'NONE',  ( 4.274999999999999467, 4.049999999999999822, -1.224999999999999645 ) ) ;
#2499 = ORIENTED_EDGE ( 'NONE', *, *, #5394, .F. ) ;
#2500 = EDGE_CURVE ( 'NONE', #2531, #1887, #3035, .T. ) ;
#2501 = VECTOR ( 'NONE', #2077, 1000.000000000000000 ) ;
#2502 = VECTOR ( 'NONE', #1236, 1000.000000000000000 ) ;
#2503 = CARTESIAN_POINT ( 'NONE',  ( 7.781793621149187601, 3.450000000000001510, 1.870248747537497357E-14 ) ) ;
#2504 = DIRECTION ( 'NONE',  ( 1.000000000000000000, 0.000000000000000000, -4.336808689942021680E-16 ) ) ;
#2505 = LINE ( 'NONE', #4891, #3722 ) ;
#2506 = EDGE_CURVE ( 'NONE', #5569, #768, #3572, .T. ) ;
#2507 = CARTESIAN_POINT ( 'NONE',  ( 2.425000000000000266, 1.899999999999999689, 2.475000000000000533 ) ) ;
#2508 = VECTOR ( 'NONE', #3221, 1000.000000000000000 ) ;
#2509 = EDGE_CURVE ( 'NONE', #4951, #1447, #2148, .T. ) ;
#2510 = EDGE_CURVE ( 'NONE', #3632, #6010, #4151, .T. ) ;
#2512 = DIRECTION ( 'NONE',  ( 0.000000000000000000, -0.7071067811865475727, 0.7071067811865475727 ) ) ;
#2511 = DIRECTION ( 'NONE',  ( 0.000000000000000000, 1.000000000000000000, 0.000000000000000000 ) ) ;
#2513 = CARTESIAN_POINT ( 'NONE',  ( 5.669910864525444794, 1.899999999999999911, 1.825000000000000622 ) ) ;
#2514 = EDGE_CURVE ( 'NONE', #2073, #5001, #624, .T. ) ;
#2515 = EDGE_CURVE ( 'NONE', #857, #256, #2695, .T. ) ;
#2516 = VERTEX_POINT ( 'NONE', #3067 ) ;
#2517 = ORIENTED_EDGE ( 'NONE', *, *, #4104, .F. ) ;
#2518 = ORIENTED_EDGE ( 'NONE', *, *, #3434, .F. ) ;
#2519 = CARTESIAN_POINT ( 'NONE',  ( 7.708333333333335702, -0.6333333333333320825, 3.408333333333332771 ) ) ;
#2520 = DIRECTION ( 'NONE',  ( -0.000000000000000000, 0.000000000000000000, 1.000000000000000000 ) ) ;
#2521 = CARTESIAN_POINT ( 'NONE',  ( 3.125000000000000000, -13.83708784390703705, -1.174999999999999822 ) ) ;
#2522 = ORIENTED_EDGE ( 'NONE', *, *, #6052, .F. ) ;
#2523 = VERTEX_POINT ( 'NONE', #2599 ) ;
#2524 = ORIENTED_EDGE ( 'NONE', *, *, #1345, .F. ) ;
#2525 = ADVANCED_FACE ( 'NONE', ( #1197 ), #1604, .F. ) ;
#2526 = FACE_OUTER_BOUND ( 'NONE', #3025, .T. ) ;
#2527 = PLANE ( 'NONE',  #1071 ) ;
#2528 = DIRECTION ( 'NONE',  ( 0.000000000000000000, 0.000000000000000000, 1.000000000000000000 ) ) ;
#2529 = DIRECTION ( 'NONE',  ( 0.000000000000000000, -1.000000000000000000, 0.000000000000000000 ) ) ;
#2530 = CARTESIAN_POINT ( 'NONE',  ( 6.875000000000000000, 3.950000000000000178, 0.8749999999999998890 ) ) ;
#2531 = VERTEX_POINT ( 'NONE', #4054 ) ;
#2532 = ORIENTED_EDGE ( 'NONE', *, *, #4278, .F. ) ;
#2533 = CARTESIAN_POINT ( 'NONE',  ( -7.875000000000000000, 4.049999999999999822, 2.475000000000000089 ) ) ;
#2534 = VECTOR ( 'NONE', #5603, 1000.000000000000000 ) ;
#2535 = LINE ( 'NONE', #2057, #1385 ) ;
#2536 = CARTESIAN_POINT ( 'NONE',  ( 5.724999999999997868, 6.140988867593913192E-18, -0.02500000000000096242 ) ) ;
#2537 = VECTOR ( 'NONE', #952, 1000.000000000000000 ) ;
#2538 = VECTOR ( 'NONE', #3959, 1000.000000000000000 ) ;
#2539 = ORIENTED_EDGE ( 'NONE', *, *, #2550, .T. ) ;
#2540 = EDGE_LOOP ( 'NONE', ( #1509, #1563, #3874, #1706 ) ) ;
#2542 = CARTESIAN_POINT ( 'NONE',  ( 5.524999999999998579, 4.049999999999999822, -1.174999999999999822 ) ) ;
#2541 = LINE ( 'NONE', #4934, #1578 ) ;
#2543 = CARTESIAN_POINT ( 'NONE',  ( 7.375000000000000000, 0.000000000000000000, -1.374999999999997558 ) ) ;
#2544 = CARTESIAN_POINT ( 'NONE',  ( 7.625000000000000000, 4.049999999999999822, 2.375000000000000444 ) ) ;
#2545 = ORIENTED_EDGE ( 'NONE', *, *, #239, .T. ) ;
#2546 = ORIENTED_EDGE ( 'NONE', *, *, #3634, .F. ) ;
#2547 = ORIENTED_EDGE ( 'NONE', *, *, #5688, .T. ) ;
#2548 = AXIS2_PLACEMENT_3D ( 'NONE', #1596, #3476, #3538 ) ;
#2549 = CARTESIAN_POINT ( 'NONE',  ( 2.125000000000000000, 4.049999999999999822, 2.475000000000000089 ) ) ;
#2550 = EDGE_CURVE ( 'NONE', #4498, #5301, #6003, .T. ) ;
#2551 = DIRECTION ( 'NONE',  ( 1.000000000000000000, 0.000000000000000000, 0.000000000000000000 ) ) ;
#2552 = DIRECTION ( 'NONE',  ( 0.000000000000000000, 0.000000000000000000, -1.000000000000000000 ) ) ;
#2553 = EDGE_LOOP ( 'NONE', ( #6, #1232, #6074, #4044 ) ) ;
#2554 = ORIENTED_EDGE ( 'NONE', *, *, #5118, .F. ) ;
#2555 = ORIENTED_EDGE ( 'NONE', *, *, #412, .T. ) ;
#2556 = VERTEX_POINT ( 'NONE', #1699 ) ;
#2557 = CARTESIAN_POINT ( 'NONE',  ( 2.225000000000000533, 4.049999999999999822, 1.675000000000000266 ) ) ;
#2558 = CARTESIAN_POINT ( 'NONE',  ( 5.524999999999998579, 3.449999999999999289, 0.2949999999999999289 ) ) ;
#2559 = CARTESIAN_POINT ( 'NONE',  ( 4.274999999999998579, 3.449999999999999289, 0.2949999999999999289 ) ) ;
#2560 = CARTESIAN_POINT ( 'NONE',  ( 4.274999999999998579, 1.449999999999999956, -1.224999999999999645 ) ) ;
#2561 = DIRECTION ( 'NONE',  ( 1.000000000000000000, 0.000000000000000000, -1.807003620809174632E-16 ) ) ;
#2562 = COLOUR_RGB ( '',0.7960784313725489669, 0.8235294117647058432, 0.9372549019607843146 ) ;
#2563 = EDGE_LOOP ( 'NONE', ( #383, #22, #2059, #447 ) ) ;
#2564 = EDGE_CURVE ( 'NONE', #6201, #323, #1736, .T. ) ;
#2565 = CARTESIAN_POINT ( 'NONE',  ( 2.125000000000000000, 3.950000000000000178, 0.1750000000000002387 ) ) ;
#2566 = LINE ( 'NONE', #2974, #5355 ) ;
#2567 = VECTOR ( 'NONE', #5321, 1000.000000000000000 ) ;
#2568 = LINE ( 'NONE', #4511, #5356 ) ;
#2569 = ORIENTED_EDGE ( 'NONE', *, *, #2938, .F. ) ;
#2571 = LINE ( 'NONE', #5541, #1108 ) ;
#2570 = CARTESIAN_POINT ( 'NONE',  ( 4.274999999999998579, 3.299999999999999822, -1.224999999999999645 ) ) ;
#2572 = LINE ( 'NONE', #4485, #2478 ) ;
#2573 = PRODUCT_DEFINITION ( 'UNKNOWN', '', #1271, #6081 ) ;
#2574 = ORIENTED_EDGE ( 'NONE', *, *, #1106, .T. ) ;
#2575 = VERTEX_POINT ( 'NONE', #2181 ) ;
#2576 = ADVANCED_FACE ( 'NONE', ( #4028 ), #5534, .T. ) ;
#2577 = VECTOR ( 'NONE', #4968, 1000.000000000000000 ) ;
#2578 = CARTESIAN_POINT ( 'NONE',  ( 3.624999999999999556, 1.449999999999999956, 0.8749999999999996669 ) ) ;
#2579 = VECTOR ( 'NONE', #6149, 1000.000000000000000 ) ;
#2580 = LINE ( 'NONE', #5954, #4604 ) ;
#2581 = CARTESIAN_POINT ( 'NONE',  ( 2.725000000000000089, 1.999999999999999112, 2.475000000000000089 ) ) ;
#2582 = EDGE_CURVE ( 'NONE', #4583, #4097, #2568, .T. ) ;
#2583 = VERTEX_POINT ( 'NONE', #145 ) ;
#2584 = EDGE_CURVE ( 'NONE', #1755, #53, #658, .T. ) ;
#2585 = ORIENTED_EDGE ( 'NONE', *, *, #5819, .T. ) ;
#2586 = VECTOR ( 'NONE', #411, 1000.000000000000000 ) ;
#2587 = EDGE_CURVE ( 'NONE', #2690, #3138, #5020, .T. ) ;
#2588 = AXIS2_PLACEMENT_3D ( 'NONE', #5607, #184, #2127 ) ;
#2589 = EDGE_CURVE ( 'NONE', #2316, #3937, #4571, .T. ) ;
#2590 = DIRECTION ( 'NONE',  ( 0.000000000000000000, -0.000000000000000000, -1.000000000000000000 ) ) ;
#2591 = LINE ( 'NONE', #2210, #2089 ) ;
#2592 = PLANE ( 'NONE',  #4923 ) ;
#2593 = CIRCLE ( 'NONE', #2800, 0.1000000000000000472 ) ;
#2594 = EDGE_CURVE ( 'NONE', #1879, #2818, #3127, .T. ) ;
#2595 = ORIENTED_EDGE ( 'NONE', *, *, #3454, .T. ) ;
#2596 = ORIENTED_EDGE ( 'NONE', *, *, #1446, .F. ) ;
#2597 = LINE ( 'NONE', #1157, #2934 ) ;
#2598 = CARTESIAN_POINT ( 'NONE',  ( 4.274999999999998579, 1.449999999999999956, -0.7749999999999999112 ) ) ;
#2599 = CARTESIAN_POINT ( 'NONE',  ( 5.874999999999997335, 4.049999999999999822, 0.2749999999999995226 ) ) ;
#2600 = EDGE_CURVE ( 'NONE', #2386, #5085, #5502, .T. ) ;
#2601 = VECTOR ( 'NONE', #5507, 1000.000000000000000 ) ;
#2602 = AXIS2_PLACEMENT_3D ( 'NONE', #5663, #1303, #3226 ) ;
#2603 = EDGE_CURVE ( 'NONE', #2426, #6016, #1671, .T. ) ;
#2604 = CARTESIAN_POINT ( 'NONE',  ( 5.724999999999998757, 3.299999999999999822, -1.224999999999999645 ) ) ;
#2606 = PLANE ( 'NONE',  #5590 ) ;
#2605 = FACE_OUTER_BOUND ( 'NONE', #887, .T. ) ;
#2607 = LINE ( 'NONE', #1743, #670 ) ;
#2608 = VECTOR ( 'NONE', #4734, 1000.000000000000000 ) ;
#2609 = AXIS2_PLACEMENT_3D ( 'NONE', #4603, #1230, #751 ) ;
#2610 = FACE_OUTER_BOUND ( 'NONE', #4035, .T. ) ;
#2611 = ORIENTED_EDGE ( 'NONE', *, *, #4534, .T. ) ;
#2612 = ORIENTED_EDGE ( 'NONE', *, *, #3134, .F. ) ;
#2613 = ORIENTED_EDGE ( 'NONE', *, *, #3227, .F. ) ;
#2614 = DIRECTION ( 'NONE',  ( 0.000000000000000000, 0.000000000000000000, -1.000000000000000000 ) ) ;
#2615 = LINE ( 'NONE', #5612, #5719 ) ;
#2616 = CARTESIAN_POINT ( 'NONE',  ( 2.125000000000000000, 0.000000000000000000, 0.2250000000000008105 ) ) ;
#2617 = VERTEX_POINT ( 'NONE', #719 ) ;
#2618 = ORIENTED_EDGE ( 'NONE', *, *, #540, .T. ) ;
#2619 = ORIENTED_EDGE ( 'NONE', *, *, #3942, .F. ) ;
#2620 = ORIENTED_EDGE ( 'NONE', *, *, #3887, .T. ) ;
#2621 = DIRECTION ( 'NONE',  ( 1.000000000000000000, 0.000000000000000000, -0.000000000000000000 ) ) ;
#2622 = CARTESIAN_POINT ( 'NONE',  ( 7.375000000000000888, 0.000000000000000000, 0.2250000000000008105 ) ) ;
#2623 = FACE_OUTER_BOUND ( 'NONE', #4488, .T. ) ;
#2624 = ORIENTED_EDGE ( 'NONE', *, *, #4388, .T. ) ;
#2625 = VERTEX_POINT ( 'NONE', #3315 ) ;
#2626 = LINE ( 'NONE', #5114, #1009 ) ;
#2627 = LINE ( 'NONE', #4669, #3815 ) ;
#2628 = CLOSED_SHELL ( 'NONE', ( #2238, #255, #527, #6047, #2888, #2444, #2041, #3706, #3727, #942 ) ) ;
#2630 = DIRECTION ( 'NONE',  ( -1.000000000000000000, 0.000000000000000000, 0.000000000000000000 ) ) ;
#2629 = ITEM_DEFINED_TRANSFORMATION ( 'NONE', 'NONE', #852,  #3597 ) ;
#2631 = EDGE_LOOP ( 'NONE', ( #5446, #6040, #1531, #1802, #1951, #2145 ) ) ;
#2632 = ORIENTED_EDGE ( 'NONE', *, *, #4931, .T. ) ;
#2633 = DIRECTION ( 'NONE',  ( 0.000000000000000000, 0.000000000000000000, -1.000000000000000000 ) ) ;
#2635 = SURFACE_STYLE_USAGE ( .BOTH. , #4546 ) ;
#2634 = CARTESIAN_POINT ( 'NONE',  ( 7.875000000000000000, 4.049999999999999822, 2.475000000000000089 ) ) ;
#2636 = AXIS2_PLACEMENT_3D ( 'NONE', #4928, #2976, #4892 ) ;
#2637 = DIRECTION ( 'NONE',  ( 0.000000000000000000, 0.000000000000000000, -1.000000000000000000 ) ) ;
#2638 = DIRECTION ( 'NONE',  ( 1.000000000000000000, 0.000000000000000000, 0.000000000000000000 ) ) ;
#2639 = ORIENTED_EDGE ( 'NONE', *, *, #6155, .F. ) ;
#2640 = ORIENTED_EDGE ( 'NONE', *, *, #3989, .F. ) ;
#2641 = ORIENTED_EDGE ( 'NONE', *, *, #4588, .F. ) ;
#2642 = ORIENTED_EDGE ( 'NONE', *, *, #2310, .F. ) ;
#2643 = VECTOR ( 'NONE', #5469, 1000.000000000000000 ) ;
#2644 = ORIENTED_EDGE ( 'NONE', *, *, #3013, .T. ) ;
#2645 = LINE ( 'NONE', #1278, #5755 ) ;
#2646 = LINE ( 'NONE', #4589, #4908 ) ;
#2647 = DIRECTION ( 'NONE',  ( -1.000000000000000000, -0.000000000000000000, -0.000000000000000000 ) ) ;
#2648 = ORIENTED_EDGE ( 'NONE', *, *, #6121, .F. ) ;
#2649 = VERTEX_POINT ( 'NONE', #1792 ) ;
#2650 = ORIENTED_EDGE ( 'NONE', *, *, #2515, .T. ) ;
#2651 = VECTOR ( 'NONE', #1855, 1000.000000000000000 ) ;
#2652 = CARTESIAN_POINT ( 'NONE',  ( 2.625000000000000444, 3.950000000000000178, 0.000000000000000000 ) ) ;
#2653 = CARTESIAN_POINT ( 'NONE',  ( -6.875000000000000000, 1.449999999999999956, -1.174999999999999822 ) ) ;
#2654 = DIRECTION ( 'NONE',  ( 0.000000000000000000, 0.7071067811865431318, 0.7071067811865517916 ) ) ;
#2655 = DIRECTION ( 'NONE',  ( 0.000000000000000000, 1.000000000000000000, 5.421010862427520198E-16 ) ) ;
#2656 = ORIENTED_EDGE ( 'NONE', *, *, #5392, .F. ) ;
#2657 = CARTESIAN_POINT ( 'NONE',  ( 2.425000000000000266, 0.000000000000000000, 0.2250000000000008105 ) ) ;
#2658 = LINE ( 'NONE', #717, #3180 ) ;
#2659 = CARTESIAN_POINT ( 'NONE',  ( 3.999999999999999112, 0.000000000000000000, 2.075000000000000622 ) ) ;
#2660 = ORIENTED_EDGE ( 'NONE', *, *, #2194, .T. ) ;
#2661 = EDGE_CURVE ( 'NONE', #994, #837, #426, .T. ) ;
#2662 = ORIENTED_EDGE ( 'NONE', *, *, #1776, .T. ) ;
#2663 = VECTOR ( 'NONE', #4692, 1000.000000000000000 ) ;
#2664 = EDGE_CURVE ( 'NONE', #767, #2486, #2757, .T. ) ;
#2665 = AXIS2_PLACEMENT_3D ( 'NONE', #3532, #1113, #5484 ) ;
#2666 = EDGE_CURVE ( 'NONE', #730, #1430, #5270, .T. ) ;
#2667 = DIRECTION ( 'NONE',  ( -0.000000000000000000, -0.7071067811865431318, -0.7071067811865517916 ) ) ;
#2669 = FILL_AREA_STYLE_COLOUR ( '', #5491 ) ;
#2668 = CARTESIAN_POINT ( 'NONE',  ( 2.125000000000000000, 1.899999999999999689, 2.475000000000000533 ) ) ;
#2670 = DIRECTION ( 'NONE',  ( -0.000000000000000000, -0.000000000000000000, -1.000000000000000000 ) ) ;
#2671 = DIRECTION ( 'NONE',  ( 0.000000000000000000, -0.7071067811865435759, -0.7071067811865515695 ) ) ;
#2672 = ORIENTED_EDGE ( 'NONE', *, *, #523, .F. ) ;
#2673 = ADVANCED_FACE ( 'NONE', ( #5626 ), #336, .F. ) ;
#2674 = ORIENTED_EDGE ( 'NONE', *, *, #1369, .F. ) ;
#2675 = VERTEX_POINT ( 'NONE', #6123 ) ;
#2676 = ORIENTED_EDGE ( 'NONE', *, *, #2510, .T. ) ;
#2677 = LINE ( 'NONE', #1618, #3522 ) ;
#2678 = FACE_OUTER_BOUND ( 'NONE', #4461, .T. ) ;
#2679 = DIRECTION ( 'NONE',  ( 0.000000000000000000, 3.336006684570783101E-16, -1.000000000000000000 ) ) ;
#2680 = CARTESIAN_POINT ( 'NONE',  ( 5.874999999999997335, 4.049999999999999822, 0.1750000000000000999 ) ) ;
#2681 = EDGE_CURVE ( 'NONE', #3632, #759, #1859, .T. ) ;
#2682 = ORIENTED_EDGE ( 'NONE', *, *, #2584, .T. ) ;
#2683 = ORIENTED_EDGE ( 'NONE', *, *, #5947, .F. ) ;
#2684 = VECTOR ( 'NONE', #962, 1000.000000000000114 ) ;
#2685 = DIRECTION ( 'NONE',  ( 0.000000000000000000, -1.000000000000000000, -1.251002506714043540E-16 ) ) ;
#2686 = LINE ( 'NONE', #6021, #5952 ) ;
#2687 = CARTESIAN_POINT ( 'NONE',  ( 7.875000000000000000, 0.5999999999999999778, 0.2250000000000008105 ) ) ;
#2688 = FACE_OUTER_BOUND ( 'NONE', #2046, .T. ) ;
#2689 = VECTOR ( 'NONE', #1816, 1000.000000000000000 ) ;
#2690 = VERTEX_POINT ( 'NONE', #4214 ) ;
#2691 = VECTOR ( 'NONE', #2448, 1000.000000000000227 ) ;
#2692 = DIRECTION ( 'NONE',  ( -0.000000000000000000, -0.000000000000000000, -1.000000000000000000 ) ) ;
#2693 = CARTESIAN_POINT ( 'NONE',  ( 7.875000000000000000, 4.049999999999999822, 2.475000000000000089 ) ) ;
#2695 = LINE ( 'NONE', #5061, #3005 ) ;
#2694 = CONTEXT_DEPENDENT_SHAPE_REPRESENTATION ( #3038, #1193 ) ;
#2696 = VECTOR ( 'NONE', #982, 1000.000000000000000 ) ;
#2697 = VERTEX_POINT ( 'NONE', #4794 ) ;
#2698 = EDGE_CURVE ( 'NONE', #3897, #4123, #6150, .T. ) ;
#2699 = EDGE_CURVE ( 'NONE', #325, #5381, #1767, .T. ) ;
#2700 = CARTESIAN_POINT ( 'NONE',  ( 4.124999999999999112, 4.049999999999999822, 0.1750000000000000999 ) ) ;
#2701 = ADVANCED_FACE ( 'NONE', ( #1323 ), #5210, .F. ) ;
#2703 = FACE_OUTER_BOUND ( 'NONE', #1216, .T. ) ;
#2702 = CARTESIAN_POINT ( 'NONE',  ( 7.375000000000000888, 1.899999999999999689, 2.475000000000000533 ) ) ;
#2704 = CARTESIAN_POINT ( 'NONE',  ( 2.725000000000000089, 1.899999999999999689, 2.475000000000000089 ) ) ;
#2705 = CARTESIAN_POINT ( 'NONE',  ( 7.375000000000000888, 0.5999999999999999778, 1.825000000000000622 ) ) ;
#2707 = EDGE_LOOP ( 'NONE', ( #375, #2034, #1088, #2641 ) ) ;
#2706 = VECTOR ( 'NONE', #1997, 1000.000000000000000 ) ;
#2708 = EDGE_CURVE ( 'NONE', #6132, #666, #4275, .T. ) ;
#2709 = ORIENTED_EDGE ( 'NONE', *, *, #1274, .T. ) ;
#2710 = EDGE_CURVE ( 'NONE', #1015, #3664, #5151, .T. ) ;
#2711 = ORIENTED_EDGE ( 'NONE', *, *, #2270, .F. ) ;
#2712 = VECTOR ( 'NONE', #1931, 1000.000000000000000 ) ;
#2713 = AXIS2_PLACEMENT_3D ( 'NONE', #3833, #1396, #878 ) ;
#2714 = DIRECTION ( 'NONE',  ( -1.000000000000000000, -0.000000000000000000, -0.000000000000000000 ) ) ;
#2715 = EDGE_CURVE ( 'NONE', #4068, #3664, #2821, .T. ) ;
#2716 = LINE ( 'NONE', #5551, #4399 ) ;
#2717 = DIRECTION ( 'NONE',  ( -1.000000000000000000, -0.000000000000000000, -0.000000000000000000 ) ) ;
#2718 = CARTESIAN_POINT ( 'NONE',  ( 6.974999999999995204, 4.049999999999999822, -1.775000000000000355 ) ) ;
#2719 = ORIENTED_EDGE ( 'NONE', *, *, #2781, .F. ) ;
#2720 = ORIENTED_EDGE ( 'NONE', *, *, #2030, .T. ) ;
#2721 = CARTESIAN_POINT ( 'NONE',  ( 2.225000000000000533, 2.349999999999999645, 0.6750000000000002665 ) ) ;
#2722 = CARTESIAN_POINT ( 'NONE',  ( 3.124999999999999112, -6.123233995736742617E-17, -0.3340169943749460302 ) ) ;
#2723 = CARTESIAN_POINT ( 'NONE',  ( 10.00000000000000000, 4.049999999999999822, 0.2749999999999996336 ) ) ;
#2724 = ADVANCED_FACE ( 'NONE', ( #3793 ), #5744, .F. ) ;
#2725 = ORIENTED_EDGE ( 'NONE', *, *, #4509, .F. ) ;
#2726 = CARTESIAN_POINT ( 'NONE',  ( 7.375000000000000000, 3.399999999999999911, -1.174999999999999822 ) ) ;
#2727 = DIRECTION ( 'NONE',  ( 1.000000000000000000, -0.000000000000000000, -0.000000000000000000 ) ) ;
#2729 = DIRECTION ( 'NONE',  ( 0.000000000000000000, 0.000000000000000000, -1.000000000000000000 ) ) ;
#2728 = DIRECTION ( 'NONE',  ( 1.000000000000000000, 0.000000000000000000, 0.000000000000000000 ) ) ;
#2730 = ORIENTED_EDGE ( 'NONE', *, *, #4642, .F. ) ;
#2731 = DIRECTION ( 'NONE',  ( 1.000000000000000000, 0.000000000000000000, 0.000000000000000000 ) ) ;
#2733 = FACE_OUTER_BOUND ( 'NONE', #2919, .T. ) ;
#2732 = LINE ( 'NONE', #3615, #5149 ) ;
#2734 = LINE ( 'NONE', #5721, #5154 ) ;
#2735 = DIRECTION ( 'NONE',  ( -1.000000000000000000, -0.000000000000000000, -0.000000000000000000 ) ) ;
#2736 = ORIENTED_EDGE ( 'NONE', *, *, #259, .F. ) ;
#2737 = VERTEX_POINT ( 'NONE', #1390 ) ;
#2738 = ORIENTED_EDGE ( 'NONE', *, *, #4728, .F. ) ;
#2739 = EDGE_LOOP ( 'NONE', ( #2256, #4940, #3977, #5548 ) ) ;
#2740 = ORIENTED_EDGE ( 'NONE', *, *, #517, .T. ) ;
#2741 = DIRECTION ( 'NONE',  ( 0.000000000000000000, 0.7071067811865431318, 0.7071067811865517916 ) ) ;
#2742 = VECTOR ( 'NONE', #2221, 1000.000000000000000 ) ;
#2743 = CARTESIAN_POINT ( 'NONE',  ( 5.724999999999997868, 1.449999999999999956, 0.000000000000000000 ) ) ;
#2744 = DIRECTION ( 'NONE',  ( 1.000000000000000000, 0.000000000000000000, 0.000000000000000000 ) ) ;
#2745 = LINE ( 'NONE', #2680, #253 ) ;
#2746 = AXIS2_PLACEMENT_3D ( 'NONE', #2777, #1815, #4786 ) ;
#2747 = VECTOR ( 'NONE', #5440, 1000.000000000000000 ) ;
#2748 = EDGE_LOOP ( 'NONE', ( #1871, #4513, #154, #99, #3778, #1963 ) ) ;
#2749 = VERTEX_POINT ( 'NONE', #2790 ) ;
#2750 = EDGE_CURVE ( 'NONE', #4938, #542, #4729, .T. ) ;
#2751 = DIRECTION ( 'NONE',  ( 1.000000000000000000, -0.000000000000000000, 0.000000000000000000 ) ) ;
#2752 = DIRECTION ( 'NONE',  ( 0.000000000000000000, -0.000000000000000000, 1.000000000000000000 ) ) ;
#2753 = LINE ( 'NONE', #452, #3283 ) ;
#2754 = EDGE_CURVE ( 'NONE', #1628, #5638, #780, .T. ) ;
#2755 = CARTESIAN_POINT ( 'NONE',  ( 5.724999999999997868, 3.449999999999999734, 0.2950000000000000400 ) ) ;
#2756 = CARTESIAN_POINT ( 'NONE',  ( 5.724999999999997868, -0.1499999999999963862, -2.374999999999999112 ) ) ;
#2757 = LINE ( 'NONE', #4700, #873 ) ;
#2758 = ADVANCED_FACE ( 'NONE', ( #367 ), #2305, .F. ) ;
#2759 = DIRECTION ( 'NONE',  ( 0.4472135954999579277, -0.8944271909999158554, 0.000000000000000000 ) ) ;
#2760 = DIRECTION ( 'NONE',  ( 1.277744513902812275E-16, 0.7071067811865475727, -0.7071067811865475727 ) ) ;
#2761 = LINE ( 'NONE', #3353, #1294 ) ;
#2762 = CARTESIAN_POINT ( 'NONE',  ( 6.375000000000000888, 0.7428932188134522718, 0.8749999999999996669 ) ) ;
#2763 = STYLED_ITEM ( 'NONE', ( #2052 ), #1219 ) ;
#2764 = ORIENTED_EDGE ( 'NONE', *, *, #1101, .F. ) ;
#2765 = ORIENTED_EDGE ( 'NONE', *, *, #2985, .T. ) ;
#2766 = CYLINDRICAL_SURFACE ( 'NONE', #3264, 0.1000000000000000472 ) ;
#2767 = LINE ( 'NONE', #5283, #3380 ) ;
#2768 = CARTESIAN_POINT ( 'NONE',  ( 5.874999999999997335, 1.199999999999999734, 0.3750000000000000555 ) ) ;
#2769 = LINE ( 'NONE', #108, #1060 ) ;
#2770 = AXIS2_PLACEMENT_3D ( 'NONE', #3435, #1556, #1114 ) ;
#2771 = ORIENTED_EDGE ( 'NONE', *, *, #2603, .F. ) ;
#2772 = EDGE_CURVE ( 'NONE', #5389, #3364, #6184, .T. ) ;
#2773 = UNCERTAINTY_MEASURE_WITH_UNIT (LENGTH_MEASURE( 1.000000000000000082E-05 ), #2936, 'distance_accuracy_value', 'NONE');
#2774 = ORIENTED_EDGE ( 'NONE', *, *, #1585, .F. ) ;
#2775 = EDGE_LOOP ( 'NONE', ( #313, #2901, #5730 ) ) ;
#2776 = DIRECTION ( 'NONE',  ( 0.000000000000000000, 0.000000000000000000, -1.000000000000000000 ) ) ;
#2777 = CARTESIAN_POINT ( 'NONE',  ( 4.330089135474556095, 0.5999999999999999778, 1.825000000000000622 ) ) ;
#2778 = DIRECTION ( 'NONE',  ( -0.000000000000000000, -0.7071067811865431318, -0.7071067811865517916 ) ) ;
#2779 = EDGE_CURVE ( 'NONE', #5869, #216, #3762, .T. ) ;
#2780 = ADVANCED_FACE ( 'NONE', ( #1538 ), #3956, .T. ) ;
#2781 = EDGE_CURVE ( 'NONE', #4460, #2697, #3925, .T. ) ;
#2782 = FACE_OUTER_BOUND ( 'NONE', #5487, .T. ) ;
#2783 = VECTOR ( 'NONE', #5789, 1000.000000000000000 ) ;
#2784 = CARTESIAN_POINT ( 'NONE',  ( 2.625000000000000444, 3.399999999999999911, 0.1750000000000001554 ) ) ;
#2785 = VECTOR ( 'NONE', #5103, 1000.000000000000000 ) ;
#2786 = LINE ( 'NONE', #4793, #2579 ) ;
#2787 = EDGE_CURVE ( 'NONE', #4262, #1900, #3377, .T. ) ;
#2788 = ADVANCED_FACE ( 'NONE', ( #79 ), #2435, .T. ) ;
#2789 = VECTOR ( 'NONE', #2298, 1000.000000000000000 ) ;
#2790 = CARTESIAN_POINT ( 'NONE',  ( 2.125000000000000000, 2.349999999999999645, 0.6750000000000002665 ) ) ;
#2791 = VECTOR ( 'NONE', #4647, 1000.000000000000000 ) ;
#2792 = VERTEX_POINT ( 'NONE', #2530 ) ;
#2793 = AXIS2_PLACEMENT_3D ( 'NONE', #2521, #97, #4398 ) ;
#2794 = PLANE ( 'NONE',  #4677 ) ;
#2795 = AXIS2_PLACEMENT_3D ( 'NONE', #3689, #5644, #1282 ) ;
#2796 = CARTESIAN_POINT ( 'NONE',  ( 7.575000000000000178, -0.1499999999999963862, 0.3749999999999942268 ) ) ;
#2797 = PLANE ( 'NONE',  #4431 ) ;
#2798 = EDGE_CURVE ( 'NONE', #5951, #4474, #1445, .T. ) ;
#2799 = DIRECTION ( 'NONE',  ( -1.000000000000000000, 0.000000000000000000, -0.000000000000000000 ) ) ;
#2800 = AXIS2_PLACEMENT_3D ( 'NONE', #1520, #6292, #941 ) ;
#2801 = ORIENTED_EDGE ( 'NONE', *, *, #3837, .F. ) ;
#2802 = EDGE_CURVE ( 'NONE', #542, #3503, #3886, .T. ) ;
#2803 = VERTEX_POINT ( 'NONE', #4438 ) ;
#2805 = LINE ( 'NONE', #2378, #4902 ) ;
#2804 = PLANE ( 'NONE',  #3098 ) ;
#2806 = LINE ( 'NONE', #3840, #5022 ) ;
#2807 = LINE ( 'NONE', #289, #2586 ) ;
#2808 = CARTESIAN_POINT ( 'NONE',  ( 4.274999999999999467, 1.449999999999999956, -1.224999999999999645 ) ) ;
#2809 = ORIENTED_EDGE ( 'NONE', *, *, #1928, .F. ) ;
#2810 = ORIENTED_EDGE ( 'NONE', *, *, #3900, .F. ) ;
#2811 = VECTOR ( 'NONE', #3490, 1000.000000000000000 ) ;
#2812 = VECTOR ( 'NONE', #2062, 1000.000000000000000 ) ;
#2813 = ORIENTED_EDGE ( 'NONE', *, *, #4932, .T. ) ;
#2814 = DIRECTION ( 'NONE',  ( 0.000000000000000000, 5.251604272976699179E-15, -1.000000000000000000 ) ) ;
#2815 = LINE ( 'NONE', #3336, #1416 ) ;
#2816 = DIRECTION ( 'NONE',  ( 0.000000000000000000, -0.7071067811865474617, -0.7071067811865474617 ) ) ;
#2817 = VECTOR ( 'NONE', #4121, 1000.000000000000000 ) ;
#2818 = VERTEX_POINT ( 'NONE', #1506 ) ;
#2819 = PLANE ( 'NONE',  #5190 ) ;
#2820 = LINE ( 'NONE', #3733, #2334 ) ;
#2821 = LINE ( 'NONE', #2339, #4130 ) ;
#2822 = EDGE_CURVE ( 'NONE', #3881, #4811, #2019, .T. ) ;
#2823 = LINE ( 'NONE', #905, #4253 ) ;
#2824 = CARTESIAN_POINT ( 'NONE',  ( 2.625000000000000444, 3.950000000000000178, 0.1750000000000002387 ) ) ;
#2825 = DIRECTION ( 'NONE',  ( 0.000000000000000000, 1.000000000000000000, 0.000000000000000000 ) ) ;
#2826 = DIRECTION ( 'NONE',  ( 0.000000000000000000, 0.000000000000000000, 1.000000000000000000 ) ) ;
#2827 = ORIENTED_EDGE ( 'NONE', *, *, #5819, .F. ) ;
#2829 = CARTESIAN_POINT ( 'NONE',  ( 7.774999999999999467, 2.349999999999999645, 0.6750000000000002665 ) ) ;
#2828 = CARTESIAN_POINT ( 'NONE',  ( 4.474999999999996980, -0.1499999999999963862, -2.374999999999999112 ) ) ;
#2830 = CARTESIAN_POINT ( 'NONE',  ( -4.299999999999998934, 3.850000000000000977, 0.6750000000000004885 ) ) ;
#2831 = LINE ( 'NONE', #2231, #4208 ) ;
#2832 = CIRCLE ( 'NONE', #4376, 0.05000000000000012768 ) ;
#2833 = LINE ( 'NONE', #5816, #5448 ) ;
#2834 = ORIENTED_EDGE ( 'NONE', *, *, #3700, .F. ) ;
#2835 = VERTEX_POINT ( 'NONE', #1893 ) ;
#2836 = VECTOR ( 'NONE', #1640, 1000.000000000000000 ) ;
#2837 = CARTESIAN_POINT ( 'NONE',  ( -7.875000000000000000, 0.000000000000000000, -0.8249999999999997335 ) ) ;
#2838 = LINE ( 'NONE', #4301, #1717 ) ;
#2839 = CARTESIAN_POINT ( 'NONE',  ( 2.625000000000000444, 2.899999999999999911, -0.3249999999999997891 ) ) ;
#2840 = AXIS2_PLACEMENT_3D ( 'NONE', #3403, #1409, #4721 ) ;
#2841 = AXIS2_PLACEMENT_3D ( 'NONE', #2407, #813, #2759 ) ;
#2842 = VECTOR ( 'NONE', #4953, 1000.000000000000000 ) ;
#2843 = ORIENTED_EDGE ( 'NONE', *, *, #1264, .T. ) ;
#2844 = LINE ( 'NONE', #5829, #1624 ) ;
#2845 = DIRECTION ( 'NONE',  ( 0.000000000000000000, -1.000000000000000000, 0.000000000000000000 ) ) ;
#2846 = CARTESIAN_POINT ( 'NONE',  ( 0.000000000000000000, 4.049999999999999822, 0.4749999999999995337 ) ) ;
#2847 = ORIENTED_EDGE ( 'NONE', *, *, #4456, .F. ) ;
#2848 = VECTOR ( 'NONE', #4952, 1000.000000000000000 ) ;
#2849 = PLANE ( 'NONE',  #500 ) ;
#2850 = LINE ( 'NONE', #4829, #467 ) ;
#2851 = LINE ( 'NONE', #3258, #967 ) ;
#2852 = EDGE_CURVE ( 'NONE', #148, #767, #3829, .T. ) ;
#2853 = CARTESIAN_POINT ( 'NONE',  ( 2.625000000000000444, 4.049999999999999822, 0.1750000000000002387 ) ) ;
#2854 = ADVANCED_FACE ( 'NONE', ( #931 ), #3450, .F. ) ;
#2855 = ORIENTED_EDGE ( 'NONE', *, *, #4025, .T. ) ;
#2856 = ORIENTED_EDGE ( 'NONE', *, *, #5985, .T. ) ;
#2857 = EDGE_CURVE ( 'NONE', #5535, #3593, #3858, .T. ) ;
#2859 = CARTESIAN_POINT ( 'NONE',  ( 7.375000000000000888, 0.5999999999999999778, 0.2250000000000008105 ) ) ;
#2858 = DIRECTION ( 'NONE',  ( 0.000000000000000000, 1.000000000000000000, 3.252606517456514091E-15 ) ) ;
#2860 = FACE_OUTER_BOUND ( 'NONE', #4230, .T. ) ;
#2861 = LINE ( 'NONE', #176, #5036 ) ;
#2862 = ADVANCED_FACE ( 'NONE', ( #4405 ), #5335, .F. ) ;
#2863 = CARTESIAN_POINT ( 'NONE',  ( 6.452032961426903412, 2.250000000000000000, 0.6750000000000004885 ) ) ;
#2864 = ORIENTED_EDGE ( 'NONE', *, *, #2802, .T. ) ;
#2865 = VERTEX_POINT ( 'NONE', #4917 ) ;
#2866 = ORIENTED_EDGE ( 'NONE', *, *, #2120, .T. ) ;
#2867 = PLANE ( 'NONE',  #3367 ) ;
#2868 = DIRECTION ( 'NONE',  ( 0.000000000000000000, 1.000000000000000000, 0.000000000000000000 ) ) ;
#2869 = DIRECTION ( 'NONE',  ( 0.000000000000000000, 0.000000000000000000, -1.000000000000000000 ) ) ;
#2870 = EDGE_CURVE ( 'NONE', #4812, #5615, #45, .T. ) ;
#2871 = ORIENTED_EDGE ( 'NONE', *, *, #3823, .F. ) ;
#2872 = ORIENTED_EDGE ( 'NONE', *, *, #459, .T. ) ;
#2873 = PLANE ( 'NONE',  #715 ) ;
#2874 = CARTESIAN_POINT ( 'NONE',  ( 5.724999999999997868, 4.049999999999999822, 0.2749999999999994671 ) ) ;
#2875 = LINE ( 'NONE', #2432, #3646 ) ;
#2876 = DIRECTION ( 'NONE',  ( -1.000000000000000000, -0.000000000000000000, -0.000000000000000000 ) ) ;
#2877 = CARTESIAN_POINT ( 'NONE',  ( 2.375000000000000444, 2.899999999999999911, 0.1750000000000002387 ) ) ;
#2878 = CARTESIAN_POINT ( 'NONE',  ( 3.624999999999999556, 0.7428932188134522718, 0.8749999999999996669 ) ) ;
#2879 = VECTOR ( 'NONE', #366, 1000.000000000000000 ) ;
#2880 = LINE ( 'NONE', #5340, #2608 ) ;
#2881 = CARTESIAN_POINT ( 'NONE',  ( 4.274999999999997691, 0.09999999999999999167, -0.8250000000000010658 ) ) ;
#2882 = DIRECTION ( 'NONE',  ( 0.000000000000000000, 0.000000000000000000, 1.000000000000000000 ) ) ;
#2883 = ADVANCED_FACE ( 'NONE', ( #1059 ), #4343, .F. ) ;
#2884 = ORIENTED_EDGE ( 'NONE', *, *, #5306, .T. ) ;
#2885 = ORIENTED_EDGE ( 'NONE', *, *, #341, .T. ) ;
#2886 = AXIS2_PLACEMENT_3D ( 'NONE', #2992, #5891, #4977 ) ;
#2887 = STYLED_ITEM ( 'NONE', ( #539 ), #3210 ) ;
#2888 = ADVANCED_FACE ( 'NONE', ( #998 ), #3000, .F. ) ;
#2890 = CARTESIAN_POINT ( 'NONE',  ( 4.474999999999997868, 3.950000000000000178, 0.1750000000000000722 ) ) ;
#2889 = CARTESIAN_POINT ( 'NONE',  ( 4.474999999999996980, 3.449999999999999734, 0.2950000000000000400 ) ) ;
#2891 = LINE ( 'NONE', #2380, #648 ) ;
#2892 = DIRECTION ( 'NONE',  ( 1.000000000000000000, 0.000000000000000000, 1.807003620809174632E-16 ) ) ;
#2893 = ORIENTED_EDGE ( 'NONE', *, *, #107, .T. ) ;
#2894 = VERTEX_POINT ( 'NONE', #963 ) ;
#2895 = ORIENTED_EDGE ( 'NONE', *, *, #2198, .T. ) ;
#2896 = EDGE_CURVE ( 'NONE', #4178, #5545, #4110, .T. ) ;
#2897 = DIRECTION ( 'NONE',  ( 0.000000000000000000, 0.000000000000000000, -1.000000000000000000 ) ) ;
#2898 = LINE ( 'NONE', #6204, #92 ) ;
#2899 = CARTESIAN_POINT ( 'NONE',  ( 4.474999999999996980, 0.3500000000000009215, -1.374999999999999778 ) ) ;
#2900 = VECTOR ( 'NONE', #3089, 1000.000000000000000 ) ;
#2901 = ORIENTED_EDGE ( 'NONE', *, *, #3238, .T. ) ;
#2902 = VERTEX_POINT ( 'NONE', #3031 ) ;
#2903 = ORIENTED_EDGE ( 'NONE', *, *, #5786, .T. ) ;
#2904 = FACE_OUTER_BOUND ( 'NONE', #4169, .T. ) ;
#2905 = FACE_OUTER_BOUND ( 'NONE', #5745, .T. ) ;
#2906 = SURFACE_STYLE_FILL_AREA ( #10 ) ;
#2907 = VECTOR ( 'NONE', #2467, 1000.000000000000000 ) ;
#2908 = AXIS2_PLACEMENT_3D ( 'NONE', #4767, #6216, #5248 ) ;
#2909 = PLANE ( 'NONE',  #2368 ) ;
#2910 = EDGE_CURVE ( 'NONE', #2575, #3153, #5498, .T. ) ;
#2911 = CARTESIAN_POINT ( 'NONE',  ( 4.474999999999996980, 0.4999999999999998890, -0.8249999999999997335 ) ) ;
#2912 = ORIENTED_EDGE ( 'NONE', *, *, #3430, .T. ) ;
#2913 = ORIENTED_EDGE ( 'NONE', *, *, #2198, .F. ) ;
#2914 = CARTESIAN_POINT ( 'NONE',  ( 5.724999999999997868, 0.2500000000000037748, -1.816421356237308826 ) ) ;
#2915 = DIRECTION ( 'NONE',  ( 1.000000000000000000, 0.000000000000000000, -0.000000000000000000 ) ) ;
#2916 = LINE ( 'NONE', #3385, #5959 ) ;
#2917 = CARTESIAN_POINT ( 'NONE',  ( 2.624999999999999556, 0.000000000000000000, 0.2250000000000008105 ) ) ;
#2918 = ORIENTED_EDGE ( 'NONE', *, *, #4292, .T. ) ;
#2919 = EDGE_LOOP ( 'NONE', ( #1379, #4682, #5253, #3824, #1008, #4141 ) ) ;
#2921 = DIRECTION ( 'NONE',  ( 0.000000000000000000, 0.000000000000000000, 1.000000000000000000 ) ) ;
#2920 = DIRECTION ( 'NONE',  ( 1.000000000000000000, 0.000000000000000000, 0.000000000000000000 ) ) ;
#2922 = FACE_OUTER_BOUND ( 'NONE', #3109, .T. ) ;
#2923 = SURFACE_STYLE_USAGE ( .BOTH. , #981 ) ;
#2924 = SURFACE_SIDE_STYLE ('',( #4899 ) ) ;
#2925 = ORIENTED_EDGE ( 'NONE', *, *, #3434, .T. ) ;
#2926 = DIRECTION ( 'NONE',  ( 0.000000000000000000, -1.000000000000000000, 0.000000000000000000 ) ) ;
#2927 = DIRECTION ( 'NONE',  ( -0.000000000000000000, 1.000000000000000000, -0.000000000000000000 ) ) ;
#2928 = FACE_OUTER_BOUND ( 'NONE', #1372, .T. ) ;
#2929 = EDGE_CURVE ( 'NONE', #2575, #2523, #2745, .T. ) ;
#2930 = ORIENTED_EDGE ( 'NONE', *, *, #601, .F. ) ;
#2931 = EDGE_CURVE ( 'NONE', #4056, #2835, #1779, .T. ) ;
#2932 = DIRECTION ( 'NONE',  ( -1.000000000000000000, 0.000000000000000000, 0.000000000000000000 ) ) ;
#2933 = LINE ( 'NONE', #519, #398 ) ;
#2934 = VECTOR ( 'NONE', #4051, 1000.000000000000000 ) ;
#2935 = DIRECTION ( 'NONE',  ( -1.000000000000000000, 0.000000000000000000, -0.000000000000000000 ) ) ;
#2936 =( LENGTH_UNIT ( ) NAMED_UNIT ( * ) SI_UNIT ( .MILLI., .METRE. ) );
#2937 = DIRECTION ( 'NONE',  ( -1.000000000000000000, -0.000000000000000000, 0.000000000000000000 ) ) ;
#2938 = EDGE_CURVE ( 'NONE', #2617, #4203, #6138, .T. ) ;
#2939 = VECTOR ( 'NONE', #3789, 1000.000000000000000 ) ;
#2940 = LINE ( 'NONE', #5806, #93 ) ;
#2941 = FACE_OUTER_BOUND ( 'NONE', #4199, .T. ) ;
#2942 = DIRECTION ( 'NONE',  ( 0.000000000000000000, 0.000000000000000000, -1.000000000000000000 ) ) ;
#2943 = LINE ( 'NONE', #5445, #1155 ) ;
#2944 = ADVANCED_FACE ( 'NONE', ( #5169 ), #3209, .F. ) ;
#2945 = VECTOR ( 'NONE', #895, 1000.000000000000000 ) ;
#2946 = VERTEX_POINT ( 'NONE', #5967 ) ;
#2947 = ORIENTED_EDGE ( 'NONE', *, *, #2514, .F. ) ;
#2949 = CARTESIAN_POINT ( 'NONE',  ( 5.375000000000001776, 2.250000000000000000, 1.075000000000000400 ) ) ;
#2948 = CARTESIAN_POINT ( 'NONE',  ( 5.524999999999997691, 0.4999999999999998890, -0.8249999999999997335 ) ) ;
#2950 = LINE ( 'NONE', #3578, #4640 ) ;
#2951 =( NAMED_UNIT ( * ) PLANE_ANGLE_UNIT ( ) SI_UNIT ( $, .RADIAN. ) );
#2952 = VERTEX_POINT ( 'NONE', #2261 ) ;
#2953 = VERTEX_POINT ( 'NONE', #5134 ) ;
#2954 = DIRECTION ( 'NONE',  ( 0.000000000000000000, 0.000000000000000000, 1.000000000000000000 ) ) ;
#2955 = DIRECTION ( 'NONE',  ( 0.7071067811865490160, -0.000000000000000000, 0.7071067811865460184 ) ) ;
#2956 = DIRECTION ( 'NONE',  ( 0.000000000000000000, -0.7071067811865475727, 0.7071067811865475727 ) ) ;
#2957 = ADVANCED_FACE ( 'NONE', ( #823 ), #621, .T. ) ;
#2958 = ORIENTED_EDGE ( 'NONE', *, *, #5592, .F. ) ;
#2959 = VERTEX_POINT ( 'NONE', #5472 ) ;
#2960 = VECTOR ( 'NONE', #2240, 1000.000000000000000 ) ;
#2961 = ORIENTED_EDGE ( 'NONE', *, *, #2938, .T. ) ;
#2962 = EDGE_CURVE ( 'NONE', #4975, #1048, #1600, .T. ) ;
#2963 = CARTESIAN_POINT ( 'NONE',  ( 4.474999999999996980, 3.050000000000000266, -0.1049999999999996214 ) ) ;
#2964 = CARTESIAN_POINT ( 'NONE',  ( 5.724999999999997868, -0.04999999999999567291, -2.474999999999999645 ) ) ;
#2965 = DIRECTION ( 'NONE',  ( -1.000000000000000000, -0.000000000000000000, -0.000000000000000000 ) ) ;
#2966 = FACE_OUTER_BOUND ( 'NONE', #5521, .T. ) ;
#2967 = DIRECTION ( 'NONE',  ( -0.000000000000000000, 0.000000000000000000, 1.000000000000000000 ) ) ;
#2968 = EDGE_CURVE ( 'NONE', #1887, #5935, #2769, .T. ) ;
#2969 = VECTOR ( 'NONE', #3687, 1000.000000000000000 ) ;
#2970 = EDGE_CURVE ( 'NONE', #3179, #6185, #4418, .T. ) ;
#2971 = ORIENTED_EDGE ( 'NONE', *, *, #5688, .F. ) ;
#2972 = ADVANCED_FACE ( 'NONE', ( #3726 ), #5932, .T. ) ;
#2973 = CARTESIAN_POINT ( 'NONE',  ( 7.781793621149187601, 1.449999999999999956, -0.02500000000000060854 ) ) ;
#2974 = CARTESIAN_POINT ( 'NONE',  ( 4.624999999999998224, 3.950000000000000178, 0.1750000000000000999 ) ) ;
#2975 = LINE ( 'NONE', #934, #1783 ) ;
#2976 = DIRECTION ( 'NONE',  ( 0.000000000000000000, -1.000000000000000000, 0.000000000000000000 ) ) ;
#2977 = ORIENTED_EDGE ( 'NONE', *, *, #4487, .F. ) ;
#2978 = EDGE_LOOP ( 'NONE', ( #1145, #3684, #5489, #2420 ) ) ;
#2980 = CARTESIAN_POINT ( 'NONE',  ( 3.999999999999999112, 0.2100000000000001865, 2.495000000000000551 ) ) ;
#2979 = CARTESIAN_POINT ( 'NONE',  ( 7.575000000000000178, 1.899999999999999911, 1.825000000000000622 ) ) ;
#2981 = DIRECTION ( 'NONE',  ( 1.000000000000000000, 0.000000000000000000, 4.336808689942021680E-16 ) ) ;
#2982 = DIRECTION ( 'NONE',  ( 0.000000000000000000, 5.251604272976699179E-15, -1.000000000000000000 ) ) ;
#2983 = LINE ( 'NONE', #1610, #1467 ) ;
#2984 = VECTOR ( 'NONE', #1620, 1000.000000000000000 ) ;
#2985 = EDGE_CURVE ( 'NONE', #6132, #2952, #3144, .T. ) ;
#2986 = VERTEX_POINT ( 'NONE', #738 ) ;
#2987 = ORIENTED_EDGE ( 'NONE', *, *, #2421, .T. ) ;
#2988 = ORIENTED_EDGE ( 'NONE', *, *, #2388, .T. ) ;
#2989 = FACE_OUTER_BOUND ( 'NONE', #5924, .T. ) ;
#2990 = AXIS2_PLACEMENT_3D ( 'NONE', #2498, #5400, #2967 ) ;
#2991 = CARTESIAN_POINT ( 'NONE',  ( 6.375000000000000888, 0.7428932188134522718, 0.3749999999999998335 ) ) ;
#2992 = CARTESIAN_POINT ( 'NONE',  ( -4.299999999999998934, 3.849999999999997424, 2.075000000000000622 ) ) ;
#2993 = ORIENTED_EDGE ( 'NONE', *, *, #5048, .T. ) ;
#2994 = ORIENTED_EDGE ( 'NONE', *, *, #2474, .T. ) ;
#2995 = ORIENTED_EDGE ( 'NONE', *, *, #206, .F. ) ;
#2996 = CARTESIAN_POINT ( 'NONE',  ( 2.624999999999999556, 0.2500000000000000000, -0.3340169943749460302 ) ) ;
#2997 = FACE_OUTER_BOUND ( 'NONE', #4194, .T. ) ;
#2998 = DIRECTION ( 'NONE',  ( 1.000000000000000000, 0.000000000000000000, 0.000000000000000000 ) ) ;
#2999 = PLANE ( 'NONE',  #4713 ) ;
#3000 = PLANE ( 'NONE',  #3288 ) ;
#3001 = VECTOR ( 'NONE', #338, 1000.000000000000000 ) ;
#3002 = EDGE_LOOP ( 'NONE', ( #6206, #5100, #3108, #635 ) ) ;
#3003 = EDGE_LOOP ( 'NONE', ( #6018, #1592, #1860, #525 ) ) ;
#3004 = VECTOR ( 'NONE', #4635, 1000.000000000000000 ) ;
#3005 = VECTOR ( 'NONE', #237, 1000.000000000000000 ) ;
#3006 = CARTESIAN_POINT ( 'NONE',  ( 5.524999999999997691, 0.3500000000000009215, -1.374999999999999778 ) ) ;
#3007 = DIRECTION ( 'NONE',  ( 1.000000000000000000, 0.000000000000000000, 0.000000000000000000 ) ) ;
#3008 = DIRECTION ( 'NONE',  ( 0.000000000000000000, 0.000000000000000000, 1.000000000000000000 ) ) ;
#3009 = AXIS2_PLACEMENT_3D ( 'NONE', #3206, #158, #2099 ) ;
#3010 = EDGE_LOOP ( 'NONE', ( #4034, #483, #668, #2324 ) ) ;
#3011 = VECTOR ( 'NONE', #1825, 1000.000000000000000 ) ;
#3012 = EDGE_LOOP ( 'NONE', ( #3082, #2262, #4030, #612 ) ) ;
#3013 = EDGE_CURVE ( 'NONE', #4475, #3536, #4621, .T. ) ;
#3015 = DIRECTION ( 'NONE',  ( 0.000000000000000000, 0.000000000000000000, -1.000000000000000000 ) ) ;
#3014 = PLANE ( 'NONE',  #59 ) ;
#3016 = PLANE ( 'NONE',  #36 ) ;
#3017 = SURFACE_STYLE_USAGE ( .BOTH. , #2924 ) ;
#3018 = ORIENTED_EDGE ( 'NONE', *, *, #951, .T. ) ;
#3019 = VERTEX_POINT ( 'NONE', #1715 ) ;
#3020 = CARTESIAN_POINT ( 'NONE',  ( 4.474999999999996980, 3.050000000000000266, 0.000000000000000000 ) ) ;
#3021 = CARTESIAN_POINT ( 'NONE',  ( 7.625000000000000000, 4.049999999999999822, 2.375000000000000444 ) ) ;
#3022 = DIRECTION ( 'NONE',  ( 1.000000000000000000, 0.000000000000000000, 0.000000000000000000 ) ) ;
#3023 = ORIENTED_EDGE ( 'NONE', *, *, #485, .T. ) ;
#3024 = EDGE_CURVE ( 'NONE', #3498, #5194, #4139, .T. ) ;
#3025 = EDGE_LOOP ( 'NONE', ( #3301, #4163, #2683, #2895, #2255, #5455 ) ) ;
#3026 = ORIENTED_EDGE ( 'NONE', *, *, #5017, .F. ) ;
#3027 = DIRECTION ( 'NONE',  ( 0.000000000000000000, 0.000000000000000000, -1.000000000000000000 ) ) ;
#3028 = CARTESIAN_POINT ( 'NONE',  ( 5.724999999999997868, -0.04999999999999567291, -2.474999999999999645 ) ) ;
#3029 = CARTESIAN_POINT ( 'NONE',  ( 7.575000000000000178, 0.000000000000000000, 0.2250000000000008105 ) ) ;
#3030 = LINE ( 'NONE', #2079, #3582 ) ;
#3031 = CARTESIAN_POINT ( 'NONE',  ( 6.000000000000000888, 0.000000000000000000, 2.075000000000000622 ) ) ;
#3032 = PLANE ( 'NONE',  #5280 ) ;
#3033 = VECTOR ( 'NONE', #57, 1000.000000000000000 ) ;
#3034 = FACE_OUTER_BOUND ( 'NONE', #2631, .T. ) ;
#3035 = LINE ( 'NONE', #277, #5846 ) ;
#3036 = VECTOR ( 'NONE', #2868, 1000.000000000000000 ) ;
#3037 = VECTOR ( 'NONE', #724, 1000.000000000000000 ) ;
#3038 =( REPRESENTATION_RELATIONSHIP ('NONE','NONE', #4530, #2275 ) REPRESENTATION_RELATIONSHIP_WITH_TRANSFORMATION ( #2629 )SHAPE_REPRESENTATION_RELATIONSHIP( ) );
#3039 = ORIENTED_EDGE ( 'NONE', *, *, #2857, .F. ) ;
#3040 = EDGE_CURVE ( 'NONE', #2531, #3325, #3661, .T. ) ;
#3042 =( LENGTH_UNIT ( ) NAMED_UNIT ( * ) SI_UNIT ( .MILLI., .METRE. ) );
#3041 = FACE_OUTER_BOUND ( 'NONE', #5504, .T. ) ;
#3043 = DIRECTION ( 'NONE',  ( 1.000000000000000000, 0.000000000000000000, -0.000000000000000000 ) ) ;
#3044 = EDGE_CURVE ( 'NONE', #4432, #3111, #1247, .T. ) ;
#3045 = ADVANCED_FACE ( 'NONE', ( #6110 ), #1754, .F. ) ;
#3046 = ORIENTED_EDGE ( 'NONE', *, *, #5205, .T. ) ;
#3047 = ORIENTED_EDGE ( 'NONE', *, *, #5434, .F. ) ;
#3048 = ORIENTED_EDGE ( 'NONE', *, *, #694, .T. ) ;
#3049 = LINE ( 'NONE', #1497, #3475 ) ;
#3050 = EDGE_CURVE ( 'NONE', #5852, #66, #3331, .T. ) ;
#3051 = EDGE_CURVE ( 'NONE', #4203, #4611, #4712, .T. ) ;
#3052 = DIRECTION ( 'NONE',  ( 0.000000000000000000, 0.000000000000000000, 1.000000000000000000 ) ) ;
#3053 = CARTESIAN_POINT ( 'NONE',  ( 7.575000000000000178, 0.000000000000000000, 0.2250000000000008105 ) ) ;
#3054 = ORIENTED_EDGE ( 'NONE', *, *, #3316, .F. ) ;
#3055 = VERTEX_POINT ( 'NONE', #5762 ) ;
#3056 = VERTEX_POINT ( 'NONE', #1429 ) ;
#3057 = CARTESIAN_POINT ( 'NONE',  ( 2.624999999999999556, 0.5999999999999999778, 0.2250000000000008105 ) ) ;
#3058 = DIRECTION ( 'NONE',  ( -0.000000000000000000, -1.000000000000000000, -1.251002506714043540E-16 ) ) ;
#3059 = LINE ( 'NONE', #3922, #925 ) ;
#3060 = ADVANCED_FACE ( 'NONE', ( #4808 ), #2289, .F. ) ;
#3061 = CARTESIAN_POINT ( 'NONE',  ( 4.274999999999999467, 1.449999999999999956, -1.224999999999999645 ) ) ;
#3062 = MECHANICAL_DESIGN_GEOMETRIC_PRESENTATION_REPRESENTATION (  '', ( #5302 ), #4283 ) ;
#3063 = ORIENTED_EDGE ( 'NONE', *, *, #4103, .F. ) ;
#3064 = ORIENTED_EDGE ( 'NONE', *, *, #3796, .T. ) ;
#3065 = DIRECTION ( 'NONE',  ( 0.000000000000000000, -1.000000000000000000, -1.355252715606880789E-16 ) ) ;
#3066 = CARTESIAN_POINT ( 'NONE',  ( 2.425000000000000266, 0.5999999999999999778, 0.2250000000000008105 ) ) ;
#3067 = CARTESIAN_POINT ( 'NONE',  ( 4.474999999999996980, -0.1499999999999963862, -2.374999999999999112 ) ) ;
#3068 = ORIENTED_EDGE ( 'NONE', *, *, #524, .F. ) ;
#3069 = CARTESIAN_POINT ( 'NONE',  ( 4.274999999999997691, 0.2500000000000037748, -1.816421356237308826 ) ) ;
#3071 = DIRECTION ( 'NONE',  ( 0.000000000000000000, 1.000000000000000000, -1.445602896647327084E-15 ) ) ;
#3070 = CARTESIAN_POINT ( 'NONE',  ( 4.274999999999997691, 0.1500000000000038247, -1.816421356237309048 ) ) ;
#3072 = FACE_OUTER_BOUND ( 'NONE', #403, .T. ) ;
#3073 = CARTESIAN_POINT ( 'NONE',  ( 2.125000000000000000, 2.349999999999999645, 1.675000000000000266 ) ) ;
#3074 = ORIENTED_EDGE ( 'NONE', *, *, #1101, .T. ) ;
#3075 = ORIENTED_EDGE ( 'NONE', *, *, #977, .F. ) ;
#3076 = ORIENTED_EDGE ( 'NONE', *, *, #4258, .T. ) ;
#3077 = AXIS2_PLACEMENT_3D ( 'NONE', #4256, #5694, #410 ) ;
#3078 = LINE ( 'NONE', #4164, #4717 ) ;
#3079 = VECTOR ( 'NONE', #1892, 1000.000000000000000 ) ;
#3080 = LINE ( 'NONE', #4619, #2161 ) ;
#3081 = CARTESIAN_POINT ( 'NONE',  ( 4.474999999999996980, -0.04999999999999568678, -2.474999999999999645 ) ) ;
#3082 = ORIENTED_EDGE ( 'NONE', *, *, #1829, .F. ) ;
#3083 = ORIENTED_EDGE ( 'NONE', *, *, #4176, .F. ) ;
#3084 = VERTEX_POINT ( 'NONE', #1462 ) ;
#3085 = ORIENTED_EDGE ( 'NONE', *, *, #4753, .F. ) ;
#3086 = VECTOR ( 'NONE', #5325, 999.9999999999998863 ) ;
#3087 = COLOUR_RGB ( '',0.7960784313725489669, 0.8235294117647058432, 0.9372549019607843146 ) ;
#3088 = DIRECTION ( 'NONE',  ( 0.000000000000000000, 3.336006684570783101E-16, -1.000000000000000000 ) ) ;
#3089 = DIRECTION ( 'NONE',  ( -0.000000000000000000, -1.000000000000000000, -0.000000000000000000 ) ) ;
#3090 =( NAMED_UNIT ( * ) PLANE_ANGLE_UNIT ( ) SI_UNIT ( $, .RADIAN. ) );
#3091 = LINE ( 'NONE', #5526, #443 ) ;
#3092 = VECTOR ( 'NONE', #794, 1000.000000000000000 ) ;
#3093 = ORIENTED_EDGE ( 'NONE', *, *, #332, .T. ) ;
#3094 = LINE ( 'NONE', #2657, #5681 ) ;
#3095 = EDGE_CURVE ( 'NONE', #1679, #4416, #3297, .T. ) ;
#3096 = DIRECTION ( 'NONE',  ( 0.000000000000000000, 0.000000000000000000, -1.000000000000000000 ) ) ;
#3097 = CARTESIAN_POINT ( 'NONE',  ( 2.625000000000000444, 3.399999999999999911, 0.1750000000000001554 ) ) ;
#3098 = AXIS2_PLACEMENT_3D ( 'NONE', #3359, #5312, #6220 ) ;
#3099 = VECTOR ( 'NONE', #2086, 1000.000000000000000 ) ;
#3100 = DIRECTION ( 'NONE',  ( 3.066586833366752221E-16, -0.7071067811865473507, 0.7071067811865477948 ) ) ;
#3102 = DIRECTION ( 'NONE',  ( -0.000000000000000000, -0.7071067811865474617, 0.7071067811865474617 ) ) ;
#3101 = LINE ( 'NONE', #1267, #3001 ) ;
#3103 = LINE ( 'NONE', #5573, #5562 ) ;
#3104 = AXIS2_PLACEMENT_3D ( 'NONE', #836, #3284, #5180 ) ;
#3105 = CARTESIAN_POINT ( 'NONE',  ( 7.774999999999999467, 0.000000000000000000, 0.000000000000000000 ) ) ;
#3106 = ORIENTED_EDGE ( 'NONE', *, *, #5619, .T. ) ;
#3107 = ORIENTED_EDGE ( 'NONE', *, *, #5289, .F. ) ;
#3108 = ORIENTED_EDGE ( 'NONE', *, *, #432, .T. ) ;
#3109 = EDGE_LOOP ( 'NONE', ( #4980, #606, #4501, #3440 ) ) ;
#3110 = DIRECTION ( 'NONE',  ( 0.000000000000000000, -5.251604272976699968E-15, 1.000000000000000000 ) ) ;
#3111 = VERTEX_POINT ( 'NONE', #6262 ) ;
#3112 = DIRECTION ( 'NONE',  ( 1.000000000000000000, -0.000000000000000000, -0.000000000000000000 ) ) ;
#3113 = CARTESIAN_POINT ( 'NONE',  ( 4.274999999999999467, 3.950000000000000178, -1.174999999999999822 ) ) ;
#3114 = ORIENTED_EDGE ( 'NONE', *, *, #4701, .F. ) ;
#3115 = EDGE_LOOP ( 'NONE', ( #4463, #3317, #205, #4067, #233 ) ) ;
#3116 = ORIENTED_EDGE ( 'NONE', *, *, #1238, .F. ) ;
#3117 = LINE ( 'NONE', #5650, #3757 ) ;
#3118 = LINE ( 'NONE', #1694, #462 ) ;
#3119 = PLANE ( 'NONE',  #14 ) ;
#3120 = DIRECTION ( 'NONE',  ( -0.5773502691896257311, 0.5773502691896257311, 0.5773502691896257311 ) ) ;
#3121 = EDGE_CURVE ( 'NONE', #5545, #6201, #5260, .T. ) ;
#3122 = ORIENTED_EDGE ( 'NONE', *, *, #3488, .F. ) ;
#3123 = EDGE_CURVE ( 'NONE', #2894, #5859, #1807, .T. ) ;
#3124 = DIRECTION ( 'NONE',  ( 1.000000000000000000, -0.000000000000000000, -0.000000000000000000 ) ) ;
#3125 = CARTESIAN_POINT ( 'NONE',  ( 5.524999999999998579, 1.449999999999999956, -1.174999999999999822 ) ) ;
#3126 = ADVANCED_FACE ( 'NONE', ( #5728 ), #2352, .T. ) ;
#3127 = LINE ( 'NONE', #3546, #1688 ) ;
#3128 = VECTOR ( 'NONE', #1998, 1000.000000000000114 ) ;
#3129 = CARTESIAN_POINT ( 'NONE',  ( 2.425000000000000266, 0.5999999999999999778, 1.825000000000000622 ) ) ;
#3131 = PLANE ( 'NONE',  #1211 ) ;
#3130 = DIRECTION ( 'NONE',  ( 0.000000000000000000, -3.336006684570783101E-16, 1.000000000000000000 ) ) ;
#3132 = VECTOR ( 'NONE', #1299, 1000.000000000000000 ) ;
#3133 = DIRECTION ( 'NONE',  ( 0.000000000000000000, 1.000000000000000000, 0.000000000000000000 ) ) ;
#3134 = EDGE_CURVE ( 'NONE', #5608, #3561, #6293, .T. ) ;
#3135 =( NAMED_UNIT ( * ) PLANE_ANGLE_UNIT ( ) SI_UNIT ( $, .RADIAN. ) );
#3136 = ORIENTED_EDGE ( 'NONE', *, *, #5676, .T. ) ;
#3137 = ORIENTED_EDGE ( 'NONE', *, *, #2970, .F. ) ;
#3138 = VERTEX_POINT ( 'NONE', #1941 ) ;
#3139 = ORIENTED_EDGE ( 'NONE', *, *, #2465, .T. ) ;
#3140 = VECTOR ( 'NONE', #585, 1000.000000000000000 ) ;
#3141 = CARTESIAN_POINT ( 'NONE',  ( 7.575000000000000178, 1.899999999999999689, 2.475000000000000533 ) ) ;
#3142 = CARTESIAN_POINT ( 'NONE',  ( 7.275000000000000355, 0.2500000000000000000, 2.475000000000000089 ) ) ;
#3143 = FACE_OUTER_BOUND ( 'NONE', #5916, .T. ) ;
#3144 = LINE ( 'NONE', #5671, #4626 ) ;
#3145 = VERTEX_POINT ( 'NONE', #6224 ) ;
#3146 = ORIENTED_EDGE ( 'NONE', *, *, #4588, .T. ) ;
#3147 = VECTOR ( 'NONE', #5928, 1000.000000000000000 ) ;
#3148 = VERTEX_POINT ( 'NONE', #442 ) ;
#3149 = CARTESIAN_POINT ( 'NONE',  ( -7.875000000000000000, 0.4999999999999998890, -1.574999999999999512 ) ) ;
#3150 = LINE ( 'NONE', #2172, #5845 ) ;
#3151 = ADVANCED_FACE ( 'NONE', ( #1906 ), #6169, .F. ) ;
#3152 = DIRECTION ( 'NONE',  ( -1.000000000000000000, -0.000000000000000000, -0.000000000000000000 ) ) ;
#3153 = VERTEX_POINT ( 'NONE', #3842 ) ;
#3154 = EDGE_CURVE ( 'NONE', #4680, #72, #4325, .T. ) ;
#3155 = DIRECTION ( 'NONE',  ( 1.000000000000000000, 0.000000000000000000, 0.000000000000000000 ) ) ;
#3156 = CARTESIAN_POINT ( 'NONE',  ( 5.874999999999997335, 1.449999999999999956, 0.1750000000000000999 ) ) ;
#3157 = EDGE_CURVE ( 'NONE', #1900, #6213, #4838, .T. ) ;
#3158 = DIRECTION ( 'NONE',  ( -1.000000000000000000, 0.000000000000000000, 0.000000000000000000 ) ) ;
#3159 = EDGE_CURVE ( 'NONE', #1691, #5393, #2833, .T. ) ;
#3160 = ORIENTED_EDGE ( 'NONE', *, *, #4225, .F. ) ;
#3161 = ORIENTED_EDGE ( 'NONE', *, *, #1566, .T. ) ;
#3162 = EDGE_CURVE ( 'NONE', #702, #4074, #3397, .T. ) ;
#3163 = PRODUCT ( 'BM02B-GHS-TBT', 'BM02B-GHS-TBT', '', ( #4213 ) ) ;
#3164 = AXIS2_PLACEMENT_3D ( 'NONE', #4905, #4875, #2954 ) ;
#3165 = FACE_OUTER_BOUND ( 'NONE', #2707, .T. ) ;
#3167 = DIRECTION ( 'NONE',  ( -4.688441826964343312E-16, -1.000000000000000000, 0.000000000000000000 ) ) ;
#3166 = CARTESIAN_POINT ( 'NONE',  ( 5.374999999999999112, 3.950000000000000178, 0.3750000000000000555 ) ) ;
#3168 = LINE ( 'NONE', #2704, #1683 ) ;
#3169 = CARTESIAN_POINT ( 'NONE',  ( 6.531793621149187601, 3.050000000000000266, -0.1050000000000000655 ) ) ;
#3170 = VERTEX_POINT ( 'NONE', #5697 ) ;
#3171 = ORIENTED_EDGE ( 'NONE', *, *, #3319, .F. ) ;
#3172 = ORIENTED_EDGE ( 'NONE', *, *, #6125, .T. ) ;
#3173 = DIRECTION ( 'NONE',  ( 0.000000000000000000, -4.336808689941999001E-16, 1.000000000000000000 ) ) ;
#3174 = EDGE_CURVE ( 'NONE', #5869, #4400, #1336, .T. ) ;
#3175 = CARTESIAN_POINT ( 'NONE',  ( 5.724999999999997868, 3.950000000000000178, 0.1750000000000000722 ) ) ;
#3176 = DIRECTION ( 'NONE',  ( -0.000000000000000000, -0.7071067811865474617, -0.7071067811865474617 ) ) ;
#3177 = DIRECTION ( 'NONE',  ( 0.000000000000000000, 0.000000000000000000, 1.000000000000000000 ) ) ;
#3178 = EDGE_LOOP ( 'NONE', ( #384, #4783, #4991, #3803 ) ) ;
#3179 = VERTEX_POINT ( 'NONE', #916 ) ;
#3180 = VECTOR ( 'NONE', #1196, 999.9999999999998863 ) ;
#3181 = CARTESIAN_POINT ( 'NONE',  ( 6.875000000000000000, 3.950000000000000178, -1.174999999999999822 ) ) ;
#3182 = CARTESIAN_POINT ( 'NONE',  ( -6.875000000000000000, 1.449999999999999956, 0.3750000000000001110 ) ) ;
#3183 = CARTESIAN_POINT ( 'NONE',  ( 2.624999999999999556, 0.2500000000000000000, 0.2250000000000008105 ) ) ;
#3184 = LINE ( 'NONE', #772, #349 ) ;
#3185 = AXIS2_PLACEMENT_3D ( 'NONE', #1714, #261, #1654 ) ;
#3186 = ORIENTED_EDGE ( 'NONE', *, *, #3174, .F. ) ;
#3187 = AXIS2_PLACEMENT_3D ( 'NONE', #2762, #2799, #372 ) ;
#3188 = LINE ( 'NONE', #3312, #1222 ) ;
#3189 = DIRECTION ( 'NONE',  ( -0.000000000000000000, 0.000000000000000000, -1.000000000000000000 ) ) ;
#3190 = DIRECTION ( 'NONE',  ( -1.000000000000000000, -0.000000000000000000, -0.000000000000000000 ) ) ;
#3191 = VECTOR ( 'NONE', #3511, 1000.000000000000114 ) ;
#3192 = ORIENTED_EDGE ( 'NONE', *, *, #1264, .F. ) ;
#3193 = ORIENTED_EDGE ( 'NONE', *, *, #2310, .T. ) ;
#3194 = PLANE ( 'NONE',  #605 ) ;
#3196 = SURFACE_STYLE_USAGE ( .BOTH. , #4883 ) ;
#3195 = CARTESIAN_POINT ( 'NONE',  ( 6.191666666666666430, 3.266666666666667052, 0.1916666666666670127 ) ) ;
#3197 = DIRECTION ( 'NONE',  ( 0.000000000000000000, 0.000000000000000000, 1.000000000000000000 ) ) ;
#3198 = CARTESIAN_POINT ( 'NONE',  ( 4.474999999999996980, 0.1792893218813484957, -1.745710678118654657 ) ) ;
#3200 = EDGE_LOOP ( 'NONE', ( #2064, #1826, #4132, #2158 ) ) ;
#3199 = VECTOR ( 'NONE', #4112, 1000.000000000000000 ) ;
#3201 = EDGE_CURVE ( 'NONE', #256, #415, #3268, .T. ) ;
#3202 = ORIENTED_EDGE ( 'NONE', *, *, #3277, .F. ) ;
#3203 = EDGE_LOOP ( 'NONE', ( #1982, #3580, #1530, #4880 ) ) ;
#3204 = VECTOR ( 'NONE', #1395, 1000.000000000000000 ) ;
#3205 = VECTOR ( 'NONE', #5939, 1000.000000000000000 ) ;
#3206 = CARTESIAN_POINT ( 'NONE',  ( 10.00000000000000000, 2.899999999999999911, 0.000000000000000000 ) ) ;
#3207 = CARTESIAN_POINT ( 'NONE',  ( 6.452032961426903412, 2.250000000000000000, 1.075000000000000400 ) ) ;
#3208 = CARTESIAN_POINT ( 'NONE',  ( 4.474999999999996980, 0.3000000000000009881, -1.625000000000000888 ) ) ;
#3209 = PLANE ( 'NONE',  #3500 ) ;
#3210 = MANIFOLD_SOLID_BREP ( 'Mirror5[2]', #2628 ) ;
#3211 = UNCERTAINTY_MEASURE_WITH_UNIT (LENGTH_MEASURE( 1.000000000000000082E-05 ), #457, 'distance_accuracy_value', 'NONE');
#3212 = EDGE_LOOP ( 'NONE', ( #3569, #704, #4344, #3471, #4423, #3926 ) ) ;
#3213 = VERTEX_POINT ( 'NONE', #152 ) ;
#3214 = VERTEX_POINT ( 'NONE', #4970 ) ;
#3215 = LINE ( 'NONE', #2721, #409 ) ;
#3216 = CARTESIAN_POINT ( 'NONE',  ( 5.724999999999997868, 0.1792893218813484957, -1.745710678118654657 ) ) ;
#3217 = CARTESIAN_POINT ( 'NONE',  ( 5.375000000000001776, 2.649999999999998135, 1.075000000000000400 ) ) ;
#3218 = EDGE_CURVE ( 'NONE', #486, #2675, #4747, .T. ) ;
#3219 = LINE ( 'NONE', #4820, #2131 ) ;
#3220 = PLANE ( 'NONE',  #4817 ) ;
#3221 = DIRECTION ( 'NONE',  ( 0.000000000000000000, -1.000000000000000000, -2.282530889443167515E-16 ) ) ;
#3222 = ORIENTED_EDGE ( 'NONE', *, *, #3785, .F. ) ;
#3223 = FACE_OUTER_BOUND ( 'NONE', #3309, .T. ) ;
#3225 = SURFACE_SIDE_STYLE ('',( #2906 ) ) ;
#3224 = LINE ( 'NONE', #3649, #2189 ) ;
#3226 = DIRECTION ( 'NONE',  ( 0.000000000000000000, 0.000000000000000000, 1.000000000000000000 ) ) ;
#3227 = EDGE_CURVE ( 'NONE', #3882, #5124, #1040, .T. ) ;
#3228 = DIRECTION ( 'NONE',  ( 1.000000000000000000, 0.000000000000000000, 0.000000000000000000 ) ) ;
#3229 = ORIENTED_EDGE ( 'NONE', *, *, #2798, .F. ) ;
#3230 = ADVANCED_FACE ( 'NONE', ( #3464 ), #63, .F. ) ;
#3231 = VECTOR ( 'NONE', #3382, 1000.000000000000000 ) ;
#3232 = DIRECTION ( 'NONE',  ( 0.000000000000000000, 0.000000000000000000, -1.000000000000000000 ) ) ;
#3233 = CARTESIAN_POINT ( 'NONE',  ( 5.524999999999998579, 4.049999999999999822, -1.224999999999999645 ) ) ;
#3234 = LINE ( 'NONE', #6109, #3389 ) ;
#3235 = EDGE_CURVE ( 'NONE', #1756, #1800, #2983, .T. ) ;
#3236 = DIRECTION ( 'NONE',  ( 0.000000000000000000, 0.000000000000000000, 1.000000000000000000 ) ) ;
#3237 = MANIFOLD_SOLID_BREP ( 'LPattern3[3]', #2322 ) ;
#3238 = EDGE_CURVE ( 'NONE', #4583, #4975, #5915, .T. ) ;
#3239 = ORIENTED_EDGE ( 'NONE', *, *, #2968, .T. ) ;
#3240 = AXIS2_PLACEMENT_3D ( 'NONE', #1093, #5801, #5900 ) ;
#3241 = ORIENTED_EDGE ( 'NONE', *, *, #3318, .F. ) ;
#3242 = EDGE_LOOP ( 'NONE', ( #1647, #3261, #5030, #3620 ) ) ;
#3243 = ADVANCED_FACE ( 'NONE', ( #29 ), #3494, .T. ) ;
#3244 = ADVANCED_FACE ( 'NONE', ( #117 ), #1079, .F. ) ;
#3245 = PLANE ( 'NONE',  #2355 ) ;
#3246 = LINE ( 'NONE', #5559, #3260 ) ;
#3247 = DIRECTION ( 'NONE',  ( 0.000000000000000000, -1.000000000000000000, 0.000000000000000000 ) ) ;
#3248 = ORIENTED_EDGE ( 'NONE', *, *, #4683, .F. ) ;
#3249 = ADVANCED_FACE ( 'NONE', ( #1584 ), #1107, .F. ) ;
#3250 = DIRECTION ( 'NONE',  ( -1.000000000000000000, 0.000000000000000000, -1.807003620809174632E-16 ) ) ;
#3251 = CARTESIAN_POINT ( 'NONE',  ( 5.724999999999997868, 0.3000000000000009881, -1.625000000000000888 ) ) ;
#3252 = CARTESIAN_POINT ( 'NONE',  ( 7.275000000000000355, 4.049999999999999822, 0.000000000000000000 ) ) ;
#3253 = EDGE_CURVE ( 'NONE', #153, #6218, #1168, .T. ) ;
#3254 = CARTESIAN_POINT ( 'NONE',  ( 5.724999999999997868, 0.1500000000000038247, -1.816421356237309048 ) ) ;
#3255 = VERTEX_POINT ( 'NONE', #6070 ) ;
#3256 = PLANE ( 'NONE',  #4988 ) ;
#3257 = PLANE ( 'NONE',  #5153 ) ;
#3258 = CARTESIAN_POINT ( 'NONE',  ( 0.000000000000000000, 4.049999999999999822, 0.4749999999999995337 ) ) ;
#3259 = DIRECTION ( 'NONE',  ( -0.000000000000000000, 1.000000000000000000, -0.000000000000000000 ) ) ;
#3260 = VECTOR ( 'NONE', #3695, 1000.000000000000227 ) ;
#3261 = ORIENTED_EDGE ( 'NONE', *, *, #62, .F. ) ;
#3262 = ORIENTED_EDGE ( 'NONE', *, *, #2929, .T. ) ;
#3263 = ORIENTED_EDGE ( 'NONE', *, *, #598, .F. ) ;
#3264 = AXIS2_PLACEMENT_3D ( 'NONE', #4709, #1333, #851 ) ;
#3265 = CARTESIAN_POINT ( 'NONE',  ( 7.375000000000000000, 2.899999999999999911, -0.3249999999999997891 ) ) ;
#3266 = CARTESIAN_POINT ( 'NONE',  ( 5.724999999999997868, 0.4999999999999998890, -0.8249999999999997335 ) ) ;
#3267 = DIRECTION ( 'NONE',  ( 0.000000000000000000, 1.000000000000000000, 0.000000000000000000 ) ) ;
#3268 = LINE ( 'NONE', #2323, #4519 ) ;
#3269 = AXIS2_PLACEMENT_3D ( 'NONE', #4944, #1046, #4457 ) ;
#3270 = ORIENTED_EDGE ( 'NONE', *, *, #4563, .T. ) ;
#3271 = VERTEX_POINT ( 'NONE', #6130 ) ;
#3272 = ORIENTED_EDGE ( 'NONE', *, *, #2929, .F. ) ;
#3273 = ORIENTED_EDGE ( 'NONE', *, *, #5234, .T. ) ;
#3274 = DIRECTION ( 'NONE',  ( 0.000000000000000000, 0.000000000000000000, 1.000000000000000000 ) ) ;
#3275 = CARTESIAN_POINT ( 'NONE',  ( 4.474999999999996980, -0.04999999999999636680, -2.375000000000000000 ) ) ;
#3276 = DIRECTION ( 'NONE',  ( 0.000000000000000000, -1.000000000000000000, -2.456395547037470490E-16 ) ) ;
#3277 = EDGE_CURVE ( 'NONE', #3728, #1588, #6036, .T. ) ;
#3278 = VECTOR ( 'NONE', #334, 1000.000000000000000 ) ;
#3279 = ORIENTED_EDGE ( 'NONE', *, *, #6233, .T. ) ;
#3280 = CARTESIAN_POINT ( 'NONE',  ( 2.425000000000000266, 0.000000000000000000, 2.475000000000000089 ) ) ;
#3281 = CARTESIAN_POINT ( 'NONE',  ( 2.624999999999999556, 0.5999999999999999778, 0.2250000000000008105 ) ) ;
#3282 = LINE ( 'NONE', #425, #1765 ) ;
#3283 = VECTOR ( 'NONE', #4815, 1000.000000000000000 ) ;
#3284 = DIRECTION ( 'NONE',  ( -1.000000000000000000, 4.688441826964343312E-16, 0.000000000000000000 ) ) ;
#3285 = MECHANICAL_DESIGN_GEOMETRIC_PRESENTATION_REPRESENTATION (  '', ( #2887 ), #1667 ) ;
#3286 = ORIENTED_EDGE ( 'NONE', *, *, #5436, .T. ) ;
#3287 = FACE_OUTER_BOUND ( 'NONE', #1287, .T. ) ;
#3288 = AXIS2_PLACEMENT_3D ( 'NONE', #460, #6277, #1923 ) ;
#3289 = CARTESIAN_POINT ( 'NONE',  ( 7.774999999999999467, 2.349999999999999645, 1.675000000000000266 ) ) ;
#3290 = CARTESIAN_POINT ( 'NONE',  ( 2.425000000000000266, 0.5999999999999999778, 1.825000000000000622 ) ) ;
#3291 = PLANE ( 'NONE',  #3390 ) ;
#3293 = DIRECTION ( 'NONE',  ( 1.000000000000000000, -0.000000000000000000, -0.000000000000000000 ) ) ;
#3292 = DIRECTION ( 'NONE',  ( 0.000000000000000000, 1.000000000000000000, 0.000000000000000000 ) ) ;
#3294 = LINE ( 'NONE', #5258, #5327 ) ;
#3295 = AXIS2_PLACEMENT_3D ( 'NONE', #3391, #5345, #2858 ) ;
#3296 = DIRECTION ( 'NONE',  ( 0.000000000000000000, 0.000000000000000000, -1.000000000000000000 ) ) ;
#3297 = LINE ( 'NONE', #3363, #5143 ) ;
#3298 = MANIFOLD_SOLID_BREP ( 'Boss-Extrude13', #5079 ) ;
#3299 = VERTEX_POINT ( 'NONE', #212 ) ;
#3300 = ORIENTED_EDGE ( 'NONE', *, *, #1532, .F. ) ;
#3301 = ORIENTED_EDGE ( 'NONE', *, *, #2227, .T. ) ;
#3302 = AXIS2_PLACEMENT_3D ( 'NONE', #6194, #5724, #1400 ) ;
#3303 = VECTOR ( 'NONE', #1451, 1000.000000000000000 ) ;
#3304 = LINE ( 'NONE', #5673, #2152 ) ;
#3305 = CARTESIAN_POINT ( 'NONE',  ( 6.875000000000000000, 3.950000000000000178, -1.174999999999999822 ) ) ;
#3306 = VECTOR ( 'NONE', #3972, 1000.000000000000000 ) ;
#3307 = FACE_OUTER_BOUND ( 'NONE', #1853, .T. ) ;
#3308 = AXIS2_PLACEMENT_3D ( 'NONE', #3675, #5244, #4671 ) ;
#3309 = EDGE_LOOP ( 'NONE', ( #2005, #1143, #1844, #4854 ) ) ;
#3310 = EDGE_CURVE ( 'NONE', #4811, #2818, #249, .T. ) ;
#3311 = DIRECTION ( 'NONE',  ( 0.000000000000000000, 0.000000000000000000, -1.000000000000000000 ) ) ;
#3312 = CARTESIAN_POINT ( 'NONE',  ( 7.774999999999999467, 4.049999999999999822, 1.675000000000000266 ) ) ;
#3313 = LINE ( 'NONE', #1791, #3079 ) ;
#3314 = ADVANCED_FACE ( 'NONE', ( #1745 ), #1270, .F. ) ;
#3315 = CARTESIAN_POINT ( 'NONE',  ( 4.124999999999999112, 1.449999999999999956, 0.1750000000000000999 ) ) ;
#3316 = EDGE_CURVE ( 'NONE', #5515, #5887, #5161, .T. ) ;
#3317 = ORIENTED_EDGE ( 'NONE', *, *, #4058, .T. ) ;
#3318 = EDGE_CURVE ( 'NONE', #5608, #4460, #786, .T. ) ;
#3319 = EDGE_CURVE ( 'NONE', #1061, #2749, #4581, .T. ) ;
#3320 = LINE ( 'NONE', #2367, #1417 ) ;
#3321 = CARTESIAN_POINT ( 'NONE',  ( 6.875000000000000000, 1.449999999999999956, -1.174999999999999822 ) ) ;
#3322 = CARTESIAN_POINT ( 'NONE',  ( 3.025000000000000799, 4.049999999999999822, 0.9749999999999993117 ) ) ;
#3323 = LINE ( 'NONE', #1422, #5135 ) ;
#3324 = ORIENTED_EDGE ( 'NONE', *, *, #3562, .T. ) ;
#3325 = VERTEX_POINT ( 'NONE', #4679 ) ;
#3326 = ADVANCED_FACE ( 'NONE', ( #664 ), #4610, .F. ) ;
#3328 = PLANE ( 'NONE',  #548 ) ;
#3327 = FACE_OUTER_BOUND ( 'NONE', #2553, .T. ) ;
#3329 = CARTESIAN_POINT ( 'NONE',  ( 5.524999999999998579, 3.950000000000000178, 0.1750000000000000722 ) ) ;
#3330 = CARTESIAN_POINT ( 'NONE',  ( 2.624999999999999556, -0.1499999999999963862, 2.324999999999999734 ) ) ;
#3331 = LINE ( 'NONE', #5791, #3599 ) ;
#3332 = ORIENTED_EDGE ( 'NONE', *, *, #4932, .F. ) ;
#3333 = EDGE_LOOP ( 'NONE', ( #1587, #194, #1411, #917, #3836, #4624, #5417, #5860, #3116, #4200, #1908, #5141, #4599 ) ) ;
#3334 =( GEOMETRIC_REPRESENTATION_CONTEXT ( 3 ) GLOBAL_UNCERTAINTY_ASSIGNED_CONTEXT ( ( #4231 ) ) GLOBAL_UNIT_ASSIGNED_CONTEXT ( ( #3042, #182, #3577 ) ) REPRESENTATION_CONTEXT ( 'NONE', 'WORKASPACE' ) );
#3335 = DIRECTION ( 'NONE',  ( -0.000000000000000000, 0.7071067811865405783, 0.7071067811865545671 ) ) ;
#3336 = CARTESIAN_POINT ( 'NONE',  ( 4.274999999999998579, 1.449999999999999956, -0.7749999999999999112 ) ) ;
#3337 = LINE ( 'NONE', #3756, #2789 ) ;
#3338 = VECTOR ( 'NONE', #3847, 1000.000000000000000 ) ;
#3339 = VECTOR ( 'NONE', #1514, 1000.000000000000000 ) ;
#3340 = ORIENTED_EDGE ( 'NONE', *, *, #4292, .F. ) ;
#3341 = ADVANCED_FACE ( 'NONE', ( #2610 ), #2188, .F. ) ;
#3342 = ORIENTED_EDGE ( 'NONE', *, *, #214, .F. ) ;
#3343 = DIRECTION ( 'NONE',  ( 1.000000000000000000, 0.000000000000000000, 0.000000000000000000 ) ) ;
#3344 = CARTESIAN_POINT ( 'NONE',  ( 2.625000000000000444, 3.399999999999999911, -0.3249999999999997891 ) ) ;
#3345 = PLANE ( 'NONE',  #6183 ) ;
#3346 = CARTESIAN_POINT ( 'NONE',  ( 4.474999999999999645, 4.049999999999999822, -1.224999999999999645 ) ) ;
#3347 = ADVANCED_FACE ( 'NONE', ( #3653 ), #1642, .F. ) ;
#3348 = ORIENTED_EDGE ( 'NONE', *, *, #4417, .F. ) ;
#3349 = AXIS2_PLACEMENT_3D ( 'NONE', #2106, #554, #1121 ) ;
#3350 = CARTESIAN_POINT ( 'NONE',  ( 7.375000000000000000, 0.000000000000000000, 0.000000000000000000 ) ) ;
#3351 = LINE ( 'NONE', #5273, #3204 ) ;
#3352 = ADVANCED_FACE ( 'NONE', ( #6008 ), #2410, .F. ) ;
#3353 = CARTESIAN_POINT ( 'NONE',  ( 4.274999999999997691, 0.4999999999999998890, -0.8249999999999997335 ) ) ;
#3354 = CARTESIAN_POINT ( 'NONE',  ( -7.875000000000000000, 0.4999999999999998890, -0.8249999999999997335 ) ) ;
#3355 = ADVANCED_FACE ( 'NONE', ( #4736 ), #4349, .F. ) ;
#3356 = ORIENTED_EDGE ( 'NONE', *, *, #5883, .T. ) ;
#3357 = ORIENTED_EDGE ( 'NONE', *, *, #1929, .F. ) ;
#3358 = APPLICATION_CONTEXT ( 'automotive_design' ) ;
#3360 = PLANE ( 'NONE',  #6091 ) ;
#3359 = CARTESIAN_POINT ( 'NONE',  ( 5.724999999999997868, -0.1499999999999963862, -1.474999999999999645 ) ) ;
#3361 = CARTESIAN_POINT ( 'NONE',  ( 4.624999999999998224, 2.250000000000000000, 1.075000000000000400 ) ) ;
#3362 =( GEOMETRIC_REPRESENTATION_CONTEXT ( 3 ) GLOBAL_UNCERTAINTY_ASSIGNED_CONTEXT ( ( #6139 ) ) GLOBAL_UNIT_ASSIGNED_CONTEXT ( ( #1598, #3090, #4504 ) ) REPRESENTATION_CONTEXT ( 'NONE', 'WORKASPACE' ) );
#3363 = CARTESIAN_POINT ( 'NONE',  ( -6.875000000000000000, 3.950000000000000178, -1.174999999999999822 ) ) ;
#3364 = VERTEX_POINT ( 'NONE', #6252 ) ;
#3365 = EDGE_LOOP ( 'NONE', ( #119, #5861, #1633, #3595 ) ) ;
#3366 = ADVANCED_FACE ( 'NONE', ( #5751 ), #6282, .F. ) ;
#3367 = AXIS2_PLACEMENT_3D ( 'NONE', #6267, #1911, #859 ) ;
#3368 = LINE ( 'NONE', #1434, #828 ) ;
#3369 = DIRECTION ( 'NONE',  ( 0.000000000000000000, -1.000000000000000000, -0.000000000000000000 ) ) ;
#3370 = DIRECTION ( 'NONE',  ( 0.000000000000000000, -0.7071067811865479058, 0.7071067811865472397 ) ) ;
#3371 = ORIENTED_EDGE ( 'NONE', *, *, #1913, .T. ) ;
#3372 = VERTEX_POINT ( 'NONE', #433 ) ;
#3373 = ORIENTED_EDGE ( 'NONE', *, *, #6247, .T. ) ;
#3374 = CARTESIAN_POINT ( 'NONE',  ( 5.524999999999998579, 1.449999999999999956, 0.1750000000000000722 ) ) ;
#3375 = LINE ( 'NONE', #4403, #197 ) ;
#3376 = FACE_OUTER_BOUND ( 'NONE', #757, .T. ) ;
#3377 = LINE ( 'NONE', #2911, #3923 ) ;
#3378 = ORIENTED_EDGE ( 'NONE', *, *, #5401, .T. ) ;
#3379 = ORIENTED_EDGE ( 'NONE', *, *, #3024, .T. ) ;
#3380 = VECTOR ( 'NONE', #1777, 1000.000000000000000 ) ;
#3381 = AXIS2_PLACEMENT_3D ( 'NONE', #4289, #3745, #791 ) ;
#3382 = DIRECTION ( 'NONE',  ( -1.000000000000000000, -0.000000000000000000, -0.000000000000000000 ) ) ;
#3383 = VECTOR ( 'NONE', #1159, 1000.000000000000000 ) ;
#3384 = CARTESIAN_POINT ( 'NONE',  ( 2.425000000000000266, 0.5999999999999999778, 1.825000000000000622 ) ) ;
#3385 = CARTESIAN_POINT ( 'NONE',  ( 5.374999999999999112, 1.199999999999999734, 0.3750000000000000555 ) ) ;
#3386 = CARTESIAN_POINT ( 'NONE',  ( 4.624999999999998224, 3.250000000000000000, 0.6750000000000004885 ) ) ;
#3387 = ORIENTED_EDGE ( 'NONE', *, *, #3493, .T. ) ;
#3388 = ORIENTED_EDGE ( 'NONE', *, *, #4760, .T. ) ;
#3389 = VECTOR ( 'NONE', #764, 1000.000000000000000 ) ;
#3390 = AXIS2_PLACEMENT_3D ( 'NONE', #5689, #5664, #1865 ) ;
#3392 = CARTESIAN_POINT ( 'NONE',  ( 6.375000000000000888, 3.950000000000000178, 0.8749999999999996669 ) ) ;
#3391 = CARTESIAN_POINT ( 'NONE',  ( 4.474999999999996980, 0.4999999999999998890, -0.8249999999999997335 ) ) ;
#3393 =( GEOMETRIC_REPRESENTATION_CONTEXT ( 3 ) GLOBAL_UNCERTAINTY_ASSIGNED_CONTEXT ( ( #2205 ) ) GLOBAL_UNIT_ASSIGNED_CONTEXT ( ( #5597, #4636, #2217 ) ) REPRESENTATION_CONTEXT ( 'NONE', 'WORKASPACE' ) );
#3394 = LINE ( 'NONE', #5844, #3407 ) ;
#3395 = FILL_AREA_STYLE_COLOUR ( '', #3903 ) ;
#3396 = ADVANCED_FACE ( 'NONE', ( #1397 ), #3740, .F. ) ;
#3397 = LINE ( 'NONE', #5351, #2696 ) ;
#3398 = ADVANCED_FACE ( 'NONE', ( #4219 ), #3291, .F. ) ;
#3399 = EDGE_LOOP ( 'NONE', ( #2192, #6106, #6118, #193, #1432 ) ) ;
#3400 = EDGE_LOOP ( 'NONE', ( #1577, #5056, #1799, #5976 ) ) ;
#3401 = CARTESIAN_POINT ( 'NONE',  ( 4.474999999999996980, -0.1499999999999963862, -1.474999999999999645 ) ) ;
#3402 = EDGE_CURVE ( 'NONE', #2865, #3719, #3323, .T. ) ;
#3403 = CARTESIAN_POINT ( 'NONE',  ( 10.00000000000000000, 2.899999999999996803, -0.7749999999999999112 ) ) ;
#3404 = CARTESIAN_POINT ( 'NONE',  ( 7.375000000000000000, 3.399999999999999911, -1.174999999999999822 ) ) ;
#3405 = ORIENTED_EDGE ( 'NONE', *, *, #2397, .F. ) ;
#3406 = VECTOR ( 'NONE', #4869, 1000.000000000000000 ) ;
#3407 = VECTOR ( 'NONE', #5946, 1000.000000000000000 ) ;
#3408 = ORIENTED_EDGE ( 'NONE', *, *, #2822, .F. ) ;
#3409 = VERTEX_POINT ( 'NONE', #5307 ) ;
#3410 = CARTESIAN_POINT ( 'NONE',  ( 2.625000000000000444, 3.399999999999999911, -1.174999999999999822 ) ) ;
#3411 = LINE ( 'NONE', #5396, #3140 ) ;
#3412 = CARTESIAN_POINT ( 'NONE',  ( 4.274999999999999467, 2.574999999999999734, -1.200000000000000178 ) ) ;
#3413 = VECTOR ( 'NONE', #3190, 1000.000000000000000 ) ;
#3414 = EDGE_CURVE ( 'NONE', #4995, #4812, #1304, .T. ) ;
#3415 =( NAMED_UNIT ( * ) PLANE_ANGLE_UNIT ( ) SI_UNIT ( $, .RADIAN. ) );
#3416 = DIRECTION ( 'NONE',  ( -1.000000000000000000, -0.000000000000000000, -0.000000000000000000 ) ) ;
#3417 = ORIENTED_EDGE ( 'NONE', *, *, #1847, .T. ) ;
#3418 = DIRECTION ( 'NONE',  ( 1.000000000000000000, 0.000000000000000000, 0.000000000000000000 ) ) ;
#3419 = CARTESIAN_POINT ( 'NONE',  ( 5.874999999999997335, 1.449999999999999956, 0.1750000000000000999 ) ) ;
#3420 = CARTESIAN_POINT ( 'NONE',  ( 7.375000000000000000, 1.800000000000000044, -1.374999999999997558 ) ) ;
#3421 = LINE ( 'NONE', #20, #5835 ) ;
#3422 = ORIENTED_EDGE ( 'NONE', *, *, #655, .F. ) ;
#3423 = VERTEX_POINT ( 'NONE', #5275 ) ;
#3424 = ADVANCED_FACE ( 'NONE', ( #4247 ), #5216, .F. ) ;
#3426 = CARTESIAN_POINT ( 'NONE',  ( 7.375000000000000888, 0.2500000000000000000, 2.375000000000000888 ) ) ;
#3425 = DIRECTION ( 'NONE',  ( -1.084202172485505297E-16, 1.000000000000000000, 0.000000000000000000 ) ) ;
#3427 = DIRECTION ( 'NONE',  ( 0.000000000000000000, 0.000000000000000000, -1.000000000000000000 ) ) ;
#3428 = PRESENTATION_STYLE_ASSIGNMENT (( #2923 ) ) ;
#3429 =( NAMED_UNIT ( * ) PLANE_ANGLE_UNIT ( ) SI_UNIT ( $, .RADIAN. ) );
#3430 = EDGE_CURVE ( 'NONE', #2902, #5043, #5722, .T. ) ;
#3431 = ORIENTED_EDGE ( 'NONE', *, *, #2750, .T. ) ;
#3432 = ORIENTED_EDGE ( 'NONE', *, *, #3640, .T. ) ;
#3433 = DIRECTION ( 'NONE',  ( 0.000000000000000000, 0.000000000000000000, 1.000000000000000000 ) ) ;
#3434 = EDGE_CURVE ( 'NONE', #768, #2450, #4707, .T. ) ;
#3435 = CARTESIAN_POINT ( 'NONE',  ( 5.724999999999997868, 1.199999999999999734, 0.1750000000000000722 ) ) ;
#3436 = CARTESIAN_POINT ( 'NONE',  ( 6.000000000000000888, 0.2100000000000001865, 2.495000000000000551 ) ) ;
#3437 = EDGE_CURVE ( 'NONE', #2374, #162, #401, .T. ) ;
#3438 = ORIENTED_EDGE ( 'NONE', *, *, #4965, .F. ) ;
#3439 = EDGE_LOOP ( 'NONE', ( #2546, #1406, #2644, #5021 ) ) ;
#3440 = ORIENTED_EDGE ( 'NONE', *, *, #3480, .T. ) ;
#3441 = ADVANCED_FACE ( 'NONE', ( #5249 ), #4316, .F. ) ;
#3442 = EDGE_CURVE ( 'NONE', #218, #6213, #4831, .T. ) ;
#3443 = ORIENTED_EDGE ( 'NONE', *, *, #3040, .T. ) ;
#3444 = VECTOR ( 'NONE', #4420, 1000.000000000000000 ) ;
#3445 = CARTESIAN_POINT ( 'NONE',  ( 2.375000000000000444, 3.399999999999999911, -0.3249999999999997891 ) ) ;
#3446 = CARTESIAN_POINT ( 'NONE',  ( 5.724999999999997868, 0.4999999999999998890, -0.8249999999999997335 ) ) ;
#3447 = AXIS2_PLACEMENT_3D ( 'NONE', #4059, #3100, #5538 ) ;
#3448 = SURFACE_STYLE_USAGE ( .BOTH. , #5997 ) ;
#3449 = SURFACE_STYLE_FILL_AREA ( #5398 ) ;
#3450 = PLANE ( 'NONE',  #1788 ) ;
#3451 = VECTOR ( 'NONE', #748, 1000.000000000000114 ) ;
#3452 = ORIENTED_EDGE ( 'NONE', *, *, #1798, .T. ) ;
#3453 = LINE ( 'NONE', #2533, #903 ) ;
#3454 = EDGE_CURVE ( 'NONE', #4170, #2556, #2312, .T. ) ;
#3455 = CARTESIAN_POINT ( 'NONE',  ( 7.575000000000000178, 0.000000000000000000, 0.000000000000000000 ) ) ;
#3456 = DIRECTION ( 'NONE',  ( 0.7071067811865490160, -0.000000000000000000, -0.7071067811865460184 ) ) ;
#3457 = DIRECTION ( 'NONE',  ( 4.688441826964343312E-16, 1.000000000000000000, -0.000000000000000000 ) ) ;
#3458 = AXIS2_PLACEMENT_3D ( 'NONE', #5899, #1567, #3507 ) ;
#3459 = ORIENTED_EDGE ( 'NONE', *, *, #6198, .T. ) ;
#3461 = FACE_OUTER_BOUND ( 'NONE', #1194, .T. ) ;
#3460 = CARTESIAN_POINT ( 'NONE',  ( -7.875000000000000000, 4.049999999999999822, -1.775000000000000355 ) ) ;
#3462 = FACE_OUTER_BOUND ( 'NONE', #4496, .T. ) ;
#3463 = CARTESIAN_POINT ( 'NONE',  ( 7.875000000000000000, 0.000000000000000000, 0.2250000000000008105 ) ) ;
#3464 = FACE_OUTER_BOUND ( 'NONE', #4696, .T. ) ;
#3465 = VERTEX_POINT ( 'NONE', #3766 ) ;
#3466 = ORIENTED_EDGE ( 'NONE', *, *, #3906, .F. ) ;
#3467 = ORIENTED_EDGE ( 'NONE', *, *, #107, .F. ) ;
#3468 = PLANE ( 'NONE',  #427 ) ;
#3469 = FACE_OUTER_BOUND ( 'NONE', #4500, .T. ) ;
#3470 = CARTESIAN_POINT ( 'NONE',  ( 4.624999999999998224, 4.049999999999999822, 0.1750000000000000999 ) ) ;
#3471 = ORIENTED_EDGE ( 'NONE', *, *, #2509, .F. ) ;
#3472 = VECTOR ( 'NONE', #4079, 1000.000000000000000 ) ;
#3473 = VERTEX_POINT ( 'NONE', #1359 ) ;
#3474 = ORIENTED_EDGE ( 'NONE', *, *, #4642, .T. ) ;
#3475 = VECTOR ( 'NONE', #985, 1000.000000000000000 ) ;
#3476 = DIRECTION ( 'NONE',  ( -1.277744513902812275E-16, 0.7071067811865474617, -0.7071067811865475727 ) ) ;
#3477 = DIRECTION ( 'NONE',  ( 0.000000000000000000, 9.054517642116248640E-16, 1.000000000000000000 ) ) ;
#3478 = DIRECTION ( 'NONE',  ( -1.000000000000000000, 0.000000000000000000, 0.000000000000000000 ) ) ;
#3479 = DIRECTION ( 'NONE',  ( 0.000000000000000000, 0.000000000000000000, -1.000000000000000000 ) ) ;
#3480 = EDGE_CURVE ( 'NONE', #4037, #1623, #5781, .T. ) ;
#3481 = ORIENTED_EDGE ( 'NONE', *, *, #2249, .T. ) ;
#3482 = CYLINDRICAL_SURFACE ( 'NONE', #5989, 0.1000000000000000472 ) ;
#3483 = CARTESIAN_POINT ( 'NONE',  ( 7.625000000000000000, 4.049999999999999822, 2.475000000000000089 ) ) ;
#3484 = CARTESIAN_POINT ( 'NONE',  ( 3.999999999999999112, 0.000000000000000000, 2.075000000000000622 ) ) ;
#3485 = LINE ( 'NONE', #5407, #4720 ) ;
#3486 = VERTEX_POINT ( 'NONE', #84 ) ;
#3487 = ORIENTED_EDGE ( 'NONE', *, *, #2779, .T. ) ;
#3488 = EDGE_CURVE ( 'NONE', #241, #4361, #2026, .T. ) ;
#3489 = VECTOR ( 'NONE', #3478, 1000.000000000000000 ) ;
#3491 = CARTESIAN_POINT ( 'NONE',  ( 2.125000000000000000, 0.6499999999999999112, -1.574999999999999512 ) ) ;
#3490 = DIRECTION ( 'NONE',  ( 0.000000000000000000, 0.000000000000000000, 1.000000000000000000 ) ) ;
#3492 = CARTESIAN_POINT ( 'NONE',  ( 7.575000000000000178, 0.000000000000000000, 0.2250000000000008105 ) ) ;
#3493 = EDGE_CURVE ( 'NONE', #3364, #4893, #3421, .T. ) ;
#3494 = PLANE ( 'NONE',  #244 ) ;
#3495 = VECTOR ( 'NONE', #1292, 1000.000000000000000 ) ;
#3496 = VECTOR ( 'NONE', #2735, 1000.000000000000000 ) ;
#3497 = ORIENTED_EDGE ( 'NONE', *, *, #5152, .T. ) ;
#3498 = VERTEX_POINT ( 'NONE', #3864 ) ;
#3499 = PLANE ( 'NONE',  #2665 ) ;
#3500 = AXIS2_PLACEMENT_3D ( 'NONE', #5193, #3988, #4990 ) ;
#3501 = FACE_OUTER_BOUND ( 'NONE', #4299, .T. ) ;
#3502 = CARTESIAN_POINT ( 'NONE',  ( 7.275000000000000355, 4.049999999999999822, 2.475000000000000089 ) ) ;
#3503 = VERTEX_POINT ( 'NONE', #5374 ) ;
#3504 = VERTEX_POINT ( 'NONE', #1994 ) ;
#3505 = ORIENTED_EDGE ( 'NONE', *, *, #5200, .T. ) ;
#3506 = VERTEX_POINT ( 'NONE', #5809 ) ;
#3507 = DIRECTION ( 'NONE',  ( -0.000000000000000000, 0.000000000000000000, -1.000000000000000000 ) ) ;
#3508 = LINE ( 'NONE', #3855, #3957 ) ;
#3509 = CARTESIAN_POINT ( 'NONE',  ( 4.274999999999997691, 0.3500000000000009215, -1.374999999999999778 ) ) ;
#3510 = DIRECTION ( 'NONE',  ( 0.000000000000000000, 0.000000000000000000, -1.000000000000000000 ) ) ;
#3511 = DIRECTION ( 'NONE',  ( 0.000000000000000000, -0.7071067811865474617, -0.7071067811865474617 ) ) ;
#3512 = VECTOR ( 'NONE', #4997, 1000.000000000000000 ) ;
#3513 = EDGE_CURVE ( 'NONE', #1812, #1756, #2943, .T. ) ;
#3514 = ORIENTED_EDGE ( 'NONE', *, *, #413, .F. ) ;
#3515 = AXIS2_PLACEMENT_3D ( 'NONE', #5474, #2439, #4384 ) ;
#3516 = AXIS2_PLACEMENT_3D ( 'NONE', #248, #5027, #4129 ) ;
#3517 = EDGE_CURVE ( 'NONE', #90, #486, #3485, .T. ) ;
#3518 = CARTESIAN_POINT ( 'NONE',  ( 2.625000000000000444, 3.399999999999999911, -0.3249999999999995670 ) ) ;
#3519 = DIRECTION ( 'NONE',  ( 1.000000000000000000, -0.000000000000000000, 0.000000000000000000 ) ) ;
#3520 = EDGE_CURVE ( 'NONE', #857, #3880, #1005, .T. ) ;
#3521 = CARTESIAN_POINT ( 'NONE',  ( 6.531793621149187601, 3.450000000000001510, 1.870248747537497357E-14 ) ) ;
#3522 = VECTOR ( 'NONE', #2228, 1000.000000000000000 ) ;
#3523 = ADVANCED_FACE ( 'NONE', ( #1453 ), #5840, .F. ) ;
#3524 = EDGE_CURVE ( 'NONE', #964, #911, #2470, .T. ) ;
#3526 = DIRECTION ( 'NONE',  ( 0.000000000000000000, -5.421010862427520198E-16, 1.000000000000000000 ) ) ;
#3525 = CARTESIAN_POINT ( 'NONE',  ( 4.474999999999996980, 3.450000000000001510, 1.870248747537497357E-14 ) ) ;
#3527 = DIRECTION ( 'NONE',  ( 0.000000000000000000, 0.000000000000000000, -1.000000000000000000 ) ) ;
#3528 =( NAMED_UNIT ( * ) SI_UNIT ( $, .STERADIAN. ) SOLID_ANGLE_UNIT ( ) );
#3529 = ORIENTED_EDGE ( 'NONE', *, *, #2214, .T. ) ;
#3530 = VERTEX_POINT ( 'NONE', #3386 ) ;
#3531 = EDGE_CURVE ( 'NONE', #1312, #4337, #4386, .T. ) ;
#3532 = CARTESIAN_POINT ( 'NONE',  ( 5.724999999999997868, -0.04999999999999636680, -2.375000000000000000 ) ) ;
#3533 = DIRECTION ( 'NONE',  ( -4.353108952907898122E-16, -0.9284766908852604139, 0.3713906763541011125 ) ) ;
#3534 = FACE_OUTER_BOUND ( 'NONE', #2739, .T. ) ;
#3535 = EDGE_LOOP ( 'NONE', ( #4490, #4853, #990, #798 ) ) ;
#3536 = VERTEX_POINT ( 'NONE', #2507 ) ;
#3537 = EDGE_LOOP ( 'NONE', ( #1286, #113, #6271, #642 ) ) ;
#3538 = DIRECTION ( 'NONE',  ( 1.000000000000000000, 0.000000000000000000, -1.807003620809174632E-16 ) ) ;
#3539 = LINE ( 'NONE', #230, #2394 ) ;
#3540 = CARTESIAN_POINT ( 'NONE',  ( 7.375000000000000888, -0.1499999999999963862, 0.3749999999999942268 ) ) ;
#3541 = DIRECTION ( 'NONE',  ( 0.000000000000000000, -0.000000000000000000, -1.000000000000000000 ) ) ;
#3542 = ORIENTED_EDGE ( 'NONE', *, *, #5202, .F. ) ;
#3543 = FACE_OUTER_BOUND ( 'NONE', #4429, .T. ) ;
#3544 = VECTOR ( 'NONE', #5450, 1000.000000000000114 ) ;
#3545 = CARTESIAN_POINT ( 'NONE',  ( 5.669910864525444794, 0.5999999999999999778, 0.2250000000000008105 ) ) ;
#3546 = CARTESIAN_POINT ( 'NONE',  ( 5.374999999999999112, 4.049999999999999822, 0.1750000000000000999 ) ) ;
#3547 = EDGE_CURVE ( 'NONE', #677, #857, #5873, .T. ) ;
#3548 = VECTOR ( 'NONE', #2692, 1000.000000000000000 ) ;
#3549 = EDGE_LOOP ( 'NONE', ( #3768, #1208, #4748, #1649 ) ) ;
#3551 = DIRECTION ( 'NONE',  ( -1.000000000000000000, -0.000000000000000000, -0.000000000000000000 ) ) ;
#3550 = LINE ( 'NONE', #567, #1682 ) ;
#3552 = CARTESIAN_POINT ( 'NONE',  ( 7.375000000000000888, 0.2500000000000000000, -0.3340169943749460302 ) ) ;
#3553 = ORIENTED_EDGE ( 'NONE', *, *, #1548, .T. ) ;
#3554 = ORIENTED_EDGE ( 'NONE', *, *, #5054, .F. ) ;
#3555 = ORIENTED_EDGE ( 'NONE', *, *, #2515, .F. ) ;
#3556 = FACE_OUTER_BOUND ( 'NONE', #847, .T. ) ;
#3557 = PLANE ( 'NONE',  #4703 ) ;
#3558 = PLANE ( 'NONE',  #3185 ) ;
#3559 = ORIENTED_EDGE ( 'NONE', *, *, #5326, .F. ) ;
#3560 = ORIENTED_EDGE ( 'NONE', *, *, #5715, .T. ) ;
#3561 = VERTEX_POINT ( 'NONE', #971 ) ;
#3562 = EDGE_CURVE ( 'NONE', #973, #1312, #1034, .T. ) ;
#3563 = PLANE ( 'NONE',  #5097 ) ;
#3564 = CARTESIAN_POINT ( 'NONE',  ( 5.524999999999998579, 1.449999999999999956, -1.224999999999999645 ) ) ;
#3565 =( LENGTH_UNIT ( ) NAMED_UNIT ( * ) SI_UNIT ( .MILLI., .METRE. ) );
#3566 = CARTESIAN_POINT ( 'NONE',  ( 3.999999999999999112, 0.000000000000000000, 0.6750000000000004885 ) ) ;
#3567 = VECTOR ( 'NONE', #231, 1000.000000000000000 ) ;
#3568 = ORIENTED_EDGE ( 'NONE', *, *, #4481, .F. ) ;
#3569 = ORIENTED_EDGE ( 'NONE', *, *, #4104, .T. ) ;
#3570 = DIRECTION ( 'NONE',  ( 0.000000000000000000, 0.7071067811865545671, -0.7071067811865405783 ) ) ;
#3571 = LINE ( 'NONE', #1256, #5435 ) ;
#3572 = LINE ( 'NONE', #2218, #1386 ) ;
#3573 = VECTOR ( 'NONE', #4165, 1000.000000000000000 ) ;
#3574 = ORIENTED_EDGE ( 'NONE', *, *, #1566, .F. ) ;
#3575 = PLANE ( 'NONE',  #3447 ) ;
#3577 =( NAMED_UNIT ( * ) SI_UNIT ( $, .STERADIAN. ) SOLID_ANGLE_UNIT ( ) );
#3576 = PLANE ( 'NONE',  #3612 ) ;
#3578 = CARTESIAN_POINT ( 'NONE',  ( 2.125000000000000000, 0.5999999999999999778, 1.825000000000000622 ) ) ;
#3579 = CARTESIAN_POINT ( 'NONE',  ( 4.274999999999999467, 1.449999999999999956, -1.224999999999999645 ) ) ;
#3580 = ORIENTED_EDGE ( 'NONE', *, *, #5506, .T. ) ;
#3581 = VERTEX_POINT ( 'NONE', #5909 ) ;
#3582 = VECTOR ( 'NONE', #4375, 1000.000000000000000 ) ;
#3583 = VERTEX_POINT ( 'NONE', #2917 ) ;
#3584 = ORIENTED_EDGE ( 'NONE', *, *, #5525, .T. ) ;
#3585 = VECTOR ( 'NONE', #440, 1000.000000000000000 ) ;
#3586 = DIRECTION ( 'NONE',  ( -0.000000000000000000, -0.000000000000000000, -1.000000000000000000 ) ) ;
#3587 = EDGE_CURVE ( 'NONE', #937, #3918, #4866, .T. ) ;
#3588 = AXIS2_PLACEMENT_3D ( 'NONE', #2899, #482, #2424 ) ;
#3589 = CARTESIAN_POINT ( 'NONE',  ( -6.875000000000000000, 3.950000000000000178, 0.3750000000000001110 ) ) ;
#3590 = CARTESIAN_POINT ( 'NONE',  ( 2.425000000000000266, -0.1499999999999963862, 2.324999999999999734 ) ) ;
#3591 = EDGE_CURVE ( 'NONE', #4535, #3423, #243, .T. ) ;
#3592 =( GEOMETRIC_REPRESENTATION_CONTEXT ( 3 ) GLOBAL_UNCERTAINTY_ASSIGNED_CONTEXT ( ( #5138 ) ) GLOBAL_UNIT_ASSIGNED_CONTEXT ( ( #283, #3135, #2253 ) ) REPRESENTATION_CONTEXT ( 'NONE', 'WORKASPACE' ) );
#3593 = VERTEX_POINT ( 'NONE', #5093 ) ;
#3594 = ORIENTED_EDGE ( 'NONE', *, *, #4278, .T. ) ;
#3595 = ORIENTED_EDGE ( 'NONE', *, *, #3900, .T. ) ;
#3596 = EDGE_LOOP ( 'NONE', ( #3452, #4305, #4903, #5895, #5108, #6050 ) ) ;
#3597 = AXIS2_PLACEMENT_3D ( 'NONE', #3905, #5815, #3841 ) ;
#3598 = EDGE_CURVE ( 'NONE', #3271, #1738, #208, .T. ) ;
#3599 = VECTOR ( 'NONE', #5223, 1000.000000000000114 ) ;
#3600 = DIRECTION ( 'NONE',  ( 0.000000000000000000, 2.282530889443167515E-16, -1.000000000000000000 ) ) ;
#3601 = DIRECTION ( 'NONE',  ( -1.000000000000000000, 0.000000000000000000, 1.807003620809174632E-16 ) ) ;
#3602 = CARTESIAN_POINT ( 'NONE',  ( 2.625000000000000444, 0.000000000000000000, 0.000000000000000000 ) ) ;
#3603 = DIRECTION ( 'NONE',  ( 0.000000000000000000, 1.000000000000000000, 0.000000000000000000 ) ) ;
#3604 = ORIENTED_EDGE ( 'NONE', *, *, #2910, .T. ) ;
#3605 = ORIENTED_EDGE ( 'NONE', *, *, #2710, .T. ) ;
#3606 = ADVANCED_FACE ( 'NONE', ( #690 ), #753, .F. ) ;
#3607 = CARTESIAN_POINT ( 'NONE',  ( 3.624999999999999556, 1.449999999999999956, 0.3749999999999998335 ) ) ;
#3608 = DIRECTION ( 'NONE',  ( 0.000000000000000000, 0.7071067811865475727, -0.7071067811865475727 ) ) ;
#3609 = DIRECTION ( 'NONE',  ( 0.000000000000000000, 0.000000000000000000, -1.000000000000000000 ) ) ;
#3610 = ORIENTED_EDGE ( 'NONE', *, *, #6133, .T. ) ;
#3611 = ORIENTED_EDGE ( 'NONE', *, *, #3780, .F. ) ;
#3612 = AXIS2_PLACEMENT_3D ( 'NONE', #2154, #5571, #1202 ) ;
#3613 = VECTOR ( 'NONE', #4735, 1000.000000000000000 ) ;
#3614 = CARTESIAN_POINT ( 'NONE',  ( 7.375000000000000000, 3.950000000000000178, 0.1750000000000002387 ) ) ;
#3616 = DIRECTION ( 'NONE',  ( 0.000000000000000000, -4.336808689941999001E-16, 1.000000000000000000 ) ) ;
#3615 = CARTESIAN_POINT ( 'NONE',  ( 0.000000000000000000, 4.049999999999999822, 2.175000000000000711 ) ) ;
#3617 = CARTESIAN_POINT ( 'NONE',  ( 7.875000000000000000, 1.899999999999999911, 1.825000000000000622 ) ) ;
#3618 = VECTOR ( 'NONE', #204, 1000.000000000000000 ) ;
#3619 = FILL_AREA_STYLE ('',( #1677 ) ) ;
#3620 = ORIENTED_EDGE ( 'NONE', *, *, #1806, .T. ) ;
#3621 = ORIENTED_EDGE ( 'NONE', *, *, #3980, .F. ) ;
#3622 = EDGE_LOOP ( 'NONE', ( #5262, #626, #5826, #863, #5553, #5225, #4209, #6165, #761, #742, #5033, #1360, #1332, #5343, #5344, #3063, #5416, #5295, #5911, #3273, #3286, #1184 ) ) ;
#3623 = VERTEX_POINT ( 'NONE', #5631 ) ;
#3624 = EDGE_CURVE ( 'NONE', #4658, #1845, #5785, .T. ) ;
#3625 = FACE_BOUND ( 'NONE', #1205, .T. ) ;
#3626 = FACE_OUTER_BOUND ( 'NONE', #676, .T. ) ;
#3627 = FACE_OUTER_BOUND ( 'NONE', #819, .T. ) ;
#3628 = EDGE_CURVE ( 'NONE', #4147, #4638, #2153, .T. ) ;
#3629 = VERTEX_POINT ( 'NONE', #2604 ) ;
#3630 = ORIENTED_EDGE ( 'NONE', *, *, #1388, .T. ) ;
#3631 = ORIENTED_EDGE ( 'NONE', *, *, #1560, .F. ) ;
#3632 = VERTEX_POINT ( 'NONE', #4641 ) ;
#3633 = EDGE_CURVE ( 'NONE', #4507, #3271, #5024, .T. ) ;
#3634 = EDGE_CURVE ( 'NONE', #3056, #4147, #1164, .T. ) ;
#3635 = PLANE ( 'NONE',  #1324 ) ;
#3636 = LINE ( 'NONE', #25, #4021 ) ;
#3637 = CARTESIAN_POINT ( 'NONE',  ( 3.724999999999999201, 4.049999999999999822, 0.4749999999999995337 ) ) ;
#3638 = CARTESIAN_POINT ( 'NONE',  ( 4.624999999999998224, 2.649999999999998135, 1.075000000000000400 ) ) ;
#3639 = EDGE_CURVE ( 'NONE', #6218, #1495, #4544, .T. ) ;
#3640 = EDGE_CURVE ( 'NONE', #4525, #3019, #6031, .T. ) ;
#3641 = ORIENTED_EDGE ( 'NONE', *, *, #5428, .T. ) ;
#3642 = LINE ( 'NONE', #6095, #3750 ) ;
#3643 = CARTESIAN_POINT ( 'NONE',  ( 6.531793621149187601, 1.449999999999999956, -0.02500000000000060854 ) ) ;
#3644 = DIRECTION ( 'NONE',  ( 1.000000000000000000, -0.000000000000000000, -0.000000000000000000 ) ) ;
#3645 = ORIENTED_EDGE ( 'NONE', *, *, #1921, .T. ) ;
#3646 = VECTOR ( 'NONE', #6158, 1000.000000000000000 ) ;
#3647 = ADVANCED_FACE ( 'NONE', ( #3165 ), #6004, .F. ) ;
#3648 = CARTESIAN_POINT ( 'NONE',  ( 4.274999999999997691, -0.1499999999999963862, -1.474999999999999645 ) ) ;
#3650 = DIRECTION ( 'NONE',  ( 0.000000000000000000, 0.000000000000000000, -1.000000000000000000 ) ) ;
#3649 = CARTESIAN_POINT ( 'NONE',  ( 7.375000000000000000, 0.000000000000000000, -1.374999999999997558 ) ) ;
#3651 = VECTOR ( 'NONE', #2955, 1000.000000000000114 ) ;
#3652 = LINE ( 'NONE', #5123, #4844 ) ;
#3653 = FACE_OUTER_BOUND ( 'NONE', #2563, .T. ) ;
#3654 = ORIENTED_EDGE ( 'NONE', *, *, #986, .T. ) ;
#3655 = ORIENTED_EDGE ( 'NONE', *, *, #3524, .F. ) ;
#3656 = ORIENTED_EDGE ( 'NONE', *, *, #4851, .T. ) ;
#3657 = AXIS2_PLACEMENT_3D ( 'NONE', #333, #1350, #6209 ) ;
#3658 = DIRECTION ( 'NONE',  ( 0.000000000000000000, 1.000000000000000000, 0.000000000000000000 ) ) ;
#3659 = DIRECTION ( 'NONE',  ( 0.000000000000000000, -0.7071067811865475727, 0.7071067811865475727 ) ) ;
#3660 = CARTESIAN_POINT ( 'NONE',  ( 7.575000000000000178, 1.899999999999999911, 1.825000000000000622 ) ) ;
#3661 = LINE ( 'NONE', #765, #5547 ) ;
#3662 = PRODUCT_DEFINITION_CONTEXT ( 'detailed design', #3358, 'design' ) ;
#3663 = ORIENTED_EDGE ( 'NONE', *, *, #1002, .F. ) ;
#3664 = VERTEX_POINT ( 'NONE', #1201 ) ;
#3665 = ORIENTED_EDGE ( 'NONE', *, *, #5126, .T. ) ;
#3666 = CARTESIAN_POINT ( 'NONE',  ( 5.524999999999997691, 0.09999999999999999167, -0.8250000000000010658 ) ) ;
#3667 = DIRECTION ( 'NONE',  ( -1.000000000000000000, 0.000000000000000000, 0.000000000000000000 ) ) ;
#3668 = LINE ( 'NONE', #6055, #526 ) ;
#3669 = DIRECTION ( 'NONE',  ( -0.000000000000000000, -1.000000000000000000, -1.251002506714043540E-16 ) ) ;
#3670 = ORIENTED_EDGE ( 'NONE', *, *, #420, .T. ) ;
#3671 = CARTESIAN_POINT ( 'NONE',  ( 7.174999999999999822, 3.149999999999999911, 2.475000000000000089 ) ) ;
#3672 = DIRECTION ( 'NONE',  ( 0.000000000000000000, -2.456395547037470490E-16, 1.000000000000000000 ) ) ;
#3673 =( GEOMETRIC_REPRESENTATION_CONTEXT ( 3 ) GLOBAL_UNCERTAINTY_ASSIGNED_CONTEXT ( ( #740 ) ) GLOBAL_UNIT_ASSIGNED_CONTEXT ( ( #3565, #4469, #328 ) ) REPRESENTATION_CONTEXT ( 'NONE', 'WORKASPACE' ) );
#3674 = EDGE_CURVE ( 'NONE', #5034, #469, #1770, .T. ) ;
#3675 = CARTESIAN_POINT ( 'NONE',  ( 7.575000000000000178, -0.1499999999999963862, 2.324999999999999734 ) ) ;
#3676 = ORIENTED_EDGE ( 'NONE', *, *, #1273, .T. ) ;
#3677 = VECTOR ( 'NONE', #1977, 1000.000000000000114 ) ;
#3678 = DIRECTION ( 'NONE',  ( -1.000000000000000000, 0.000000000000000000, 0.000000000000000000 ) ) ;
#3680 = DIRECTION ( 'NONE',  ( 0.000000000000000000, 0.000000000000000000, -1.000000000000000000 ) ) ;
#3679 = CARTESIAN_POINT ( 'NONE',  ( 7.774999999999999467, 2.349999999999999645, 0.6750000000000002665 ) ) ;
#3681 = DIRECTION ( 'NONE',  ( 0.000000000000000000, -0.7071067811865474617, -0.7071067811865474617 ) ) ;
#3682 = EDGE_LOOP ( 'NONE', ( #5390, #5425, #2072, #5198 ) ) ;
#3683 = ORIENTED_EDGE ( 'NONE', *, *, #4487, .T. ) ;
#3684 = ORIENTED_EDGE ( 'NONE', *, *, #875, .F. ) ;
#3685 = ADVANCED_FACE ( 'NONE', ( #2219 ), #3575, .F. ) ;
#3686 = LINE ( 'NONE', #4038, #274 ) ;
#3687 = DIRECTION ( 'NONE',  ( 0.000000000000000000, 0.000000000000000000, -1.000000000000000000 ) ) ;
#3688 = CYLINDRICAL_SURFACE ( 'NONE', #3792, 0.05000000000000012768 ) ;
#3689 = CARTESIAN_POINT ( 'NONE',  ( 7.875000000000000000, 4.049999999999999822, 2.475000000000000089 ) ) ;
#3690 = ORIENTED_EDGE ( 'NONE', *, *, #3913, .F. ) ;
#3691 = ORIENTED_EDGE ( 'NONE', *, *, #4861, .F. ) ;
#3692 = ORIENTED_EDGE ( 'NONE', *, *, #1342, .T. ) ;
#3693 = VECTOR ( 'NONE', #5115, 1000.000000000000000 ) ;
#3694 = FACE_OUTER_BOUND ( 'NONE', #4982, .T. ) ;
#3695 = DIRECTION ( 'NONE',  ( -0.5773502691896290617, 0.5773502691896240657, 0.5773502691896240657 ) ) ;
#3696 = CARTESIAN_POINT ( 'NONE',  ( 5.724999999999997868, 0.3000000000000008771, -1.374999999999999778 ) ) ;
#3697 = AXIS2_PLACEMENT_3D ( 'NONE', #1213, #4040, #2552 ) ;
#3698 = ORIENTED_EDGE ( 'NONE', *, *, #1072, .T. ) ;
#3699 = VECTOR ( 'NONE', #4094, 1000.000000000000000 ) ;
#3700 = EDGE_CURVE ( 'NONE', #5699, #2102, #1701, .T. ) ;
#3701 = EDGE_LOOP ( 'NONE', ( #5047, #3432, #3851, #1621, #101, #1259 ) ) ;
#3702 = EDGE_CURVE ( 'NONE', #2835, #5852, #2250, .T. ) ;
#3703 = CARTESIAN_POINT ( 'NONE',  ( -6.875000000000000000, 3.950000000000000178, -1.174999999999999822 ) ) ;
#3704 = PLANE ( 'NONE',  #1356 ) ;
#3705 = CARTESIAN_POINT ( 'NONE',  ( 4.474999999999996980, 1.016439536705160869E-17, 0.3750000000000000555 ) ) ;
#3706 = ADVANCED_FACE ( 'NONE', ( #6126 ), #1233, .F. ) ;
#3707 = ORIENTED_EDGE ( 'NONE', *, *, #3134, .T. ) ;
#3708 = ADVANCED_FACE ( 'NONE', ( #1265 ), #3194, .T. ) ;
#3709 = EDGE_CURVE ( 'NONE', #6082, #6200, #4188, .T. ) ;
#3710 = CARTESIAN_POINT ( 'NONE',  ( 7.375000000000000888, 0.2500000000000000000, 0.2250000000000008105 ) ) ;
#3712 = DIRECTION ( 'NONE',  ( 0.000000000000000000, 2.282530889443167515E-16, -1.000000000000000000 ) ) ;
#3711 = DIRECTION ( 'NONE',  ( -0.000000000000000000, -0.7071067811865431318, -0.7071067811865517916 ) ) ;
#3713 = FACE_OUTER_BOUND ( 'NONE', #3439, .T. ) ;
#3714 = CARTESIAN_POINT ( 'NONE',  ( 4.274999999999998579, 3.299999999999999822, -0.7749999999999999112 ) ) ;
#3715 = VECTOR ( 'NONE', #4775, 1000.000000000000000 ) ;
#3716 = VECTOR ( 'NONE', #2825, 1000.000000000000000 ) ;
#3717 = EDGE_CURVE ( 'NONE', #3153, #4582, #4346, .T. ) ;
#3718 = EDGE_CURVE ( 'NONE', #5034, #1130, #4828, .T. ) ;
#3719 = VERTEX_POINT ( 'NONE', #396 ) ;
#3720 = ORIENTED_EDGE ( 'NONE', *, *, #4845, .T. ) ;
#3721 = VECTOR ( 'NONE', #6157, 1000.000000000000000 ) ;
#3722 = VECTOR ( 'NONE', #3456, 1000.000000000000114 ) ;
#3723 = LINE ( 'NONE', #5220, #5438 ) ;
#3724 = CARTESIAN_POINT ( 'NONE',  ( 2.425000000000000266, 0.5999999999999999778, 0.2250000000000008105 ) ) ;
#3725 = FACE_OUTER_BOUND ( 'NONE', #2193, .T. ) ;
#3726 = FACE_OUTER_BOUND ( 'NONE', #2110, .T. ) ;
#3727 = ADVANCED_FACE ( 'NONE', ( #3287 ), #2794, .T. ) ;
#3728 = VERTEX_POINT ( 'NONE', #6279 ) ;
#3729 = EDGE_CURVE ( 'NONE', #2959, #4097, #1861, .T. ) ;
#3730 = DIRECTION ( 'NONE',  ( -0.7071067811865490160, -0.000000000000000000, 0.7071067811865460184 ) ) ;
#3731 = DIRECTION ( 'NONE',  ( 0.000000000000000000, 1.000000000000000000, 0.000000000000000000 ) ) ;
#3732 = LINE ( 'NONE', #5675, #2689 ) ;
#3733 = CARTESIAN_POINT ( 'NONE',  ( 4.275000000000000355, 3.950000000000000178, -1.174999999999999822 ) ) ;
#3734 = CARTESIAN_POINT ( 'NONE',  ( 4.274999999999998579, 1.449999999999999956, -0.02500000000000060854 ) ) ;
#3735 = CARTESIAN_POINT ( 'NONE',  ( 7.575000000000000178, 1.899999999999999689, 2.475000000000000533 ) ) ;
#3736 = EDGE_LOOP ( 'NONE', ( #2437, #581, #2340, #4339 ) ) ;
#3737 = DIRECTION ( 'NONE',  ( -0.000000000000000000, -1.000000000000000000, -0.000000000000000000 ) ) ;
#3738 = DIRECTION ( 'NONE',  ( 0.000000000000000000, -0.000000000000000000, -1.000000000000000000 ) ) ;
#3739 = PLANE ( 'NONE',  #1482 ) ;
#3740 = PLANE ( 'NONE',  #347 ) ;
#3741 = ORIENTED_EDGE ( 'NONE', *, *, #6198, .F. ) ;
#3742 = ORIENTED_EDGE ( 'NONE', *, *, #6171, .F. ) ;
#3743 = VERTEX_POINT ( 'NONE', #5272 ) ;
#3744 = VECTOR ( 'NONE', #4383, 1000.000000000000000 ) ;
#3745 = DIRECTION ( 'NONE',  ( 1.000000000000000000, 0.000000000000000000, -0.000000000000000000 ) ) ;
#3746 = CARTESIAN_POINT ( 'NONE',  ( 4.474999999999996980, 0.09999999999999999167, -0.8250000000000010658 ) ) ;
#3747 = LINE ( 'NONE', #5259, #1163 ) ;
#3748 = CARTESIAN_POINT ( 'NONE',  ( 2.624999999999999556, 0.2500000000000000000, 2.375000000000000888 ) ) ;
#3749 = ORIENTED_EDGE ( 'NONE', *, *, #4688, .T. ) ;
#3750 = VECTOR ( 'NONE', #3124, 1000.000000000000000 ) ;
#3751 = EDGE_LOOP ( 'NONE', ( #5245, #5984, #2640, #918 ) ) ;
#3752 = VERTEX_POINT ( 'NONE', #429 ) ;
#3753 = ORIENTED_EDGE ( 'NONE', *, *, #1192, .T. ) ;
#3754 = CARTESIAN_POINT ( 'NONE',  ( 5.524999999999998579, 3.299999999999999822, -1.224999999999999645 ) ) ;
#3755 = CARTESIAN_POINT ( 'NONE',  ( 5.724999999999997868, 0.3000000000000009881, -1.625000000000000888 ) ) ;
#3756 = CARTESIAN_POINT ( 'NONE',  ( 7.875000000000000000, 2.349999999999999645, 1.675000000000000266 ) ) ;
#3757 = VECTOR ( 'NONE', #5523, 1000.000000000000114 ) ;
#3758 = EDGE_CURVE ( 'NONE', #4097, #5163, #2823, .T. ) ;
#3759 = ORIENTED_EDGE ( 'NONE', *, *, #4338, .F. ) ;
#3760 = LINE ( 'NONE', #5769, #2945 ) ;
#3761 = FACE_OUTER_BOUND ( 'NONE', #385, .T. ) ;
#3762 = LINE ( 'NONE', #1415, #2299 ) ;
#3763 = DIRECTION ( 'NONE',  ( -1.000000000000000000, 0.000000000000000000, -0.000000000000000000 ) ) ;
#3764 = DIRECTION ( 'NONE',  ( -1.000000000000000000, 0.000000000000000000, -0.000000000000000000 ) ) ;
#3765 = LINE ( 'NONE', #5186, #1175 ) ;
#3766 = CARTESIAN_POINT ( 'NONE',  ( 3.025000000000000799, 4.049999999999999822, -1.274999999999999245 ) ) ;
#3767 = MECHANICAL_DESIGN_GEOMETRIC_PRESENTATION_REPRESENTATION (  '', ( #2763 ), #3362 ) ;
#3768 = ORIENTED_EDGE ( 'NONE', *, *, #3624, .T. ) ;
#3769 = ORIENTED_EDGE ( 'NONE', *, *, #5786, .F. ) ;
#3771 = PLANE ( 'NONE',  #6228 ) ;
#3770 = FACE_OUTER_BOUND ( 'NONE', #217, .T. ) ;
#3772 = CARTESIAN_POINT ( 'NONE',  ( 7.875000000000000000, 0.5999999999999999778, 0.2250000000000008105 ) ) ;
#3773 = DIRECTION ( 'NONE',  ( -1.000000000000000000, -0.000000000000000000, -0.000000000000000000 ) ) ;
#3774 = DIRECTION ( 'NONE',  ( 0.000000000000000000, 0.7071067811865435759, 0.7071067811865515695 ) ) ;
#3775 = AXIS2_PLACEMENT_3D ( 'NONE', #3589, #3659, #1653 ) ;
#3776 = ORIENTED_EDGE ( 'NONE', *, *, #2201, .F. ) ;
#3777 = EDGE_CURVE ( 'NONE', #3536, #3835, #3320, .T. ) ;
#3778 = ORIENTED_EDGE ( 'NONE', *, *, #1002, .T. ) ;
#3779 = ORIENTED_EDGE ( 'NONE', *, *, #5311, .F. ) ;
#3780 = EDGE_CURVE ( 'NONE', #1180, #5353, #337, .T. ) ;
#3781 = FACE_OUTER_BOUND ( 'NONE', #5520, .T. ) ;
#3782 = ADVANCED_FACE ( 'NONE', ( #3831 ), #932, .F. ) ;
#3783 = CARTESIAN_POINT ( 'NONE',  ( 2.425000000000000266, 0.000000000000000000, 0.2250000000000008105 ) ) ;
#3784 = LINE ( 'NONE', #2839, #1769 ) ;
#3785 = EDGE_CURVE ( 'NONE', #2449, #4995, #4733, .T. ) ;
#3786 = MECHANICAL_DESIGN_GEOMETRIC_PRESENTATION_REPRESENTATION (  '', ( #2271 ), #1862 ) ;
#3787 = EDGE_LOOP ( 'NONE', ( #4295, #5563, #2855, #1965 ) ) ;
#3788 = DIRECTION ( 'NONE',  ( 0.000000000000000000, 0.000000000000000000, -1.000000000000000000 ) ) ;
#3789 = DIRECTION ( 'NONE',  ( -1.000000000000000000, 0.000000000000000000, -1.807003620809174632E-16 ) ) ;
#3790 = VECTOR ( 'NONE', #1775, 1000.000000000000000 ) ;
#3791 = CARTESIAN_POINT ( 'NONE',  ( 17.87500000000000355, 1.999999999999999112, 2.475000000000000089 ) ) ;
#3792 = AXIS2_PLACEMENT_3D ( 'NONE', #1308, #3773, #5643 ) ;
#3793 = FACE_OUTER_BOUND ( 'NONE', #5015, .T. ) ;
#3794 =( GEOMETRIC_REPRESENTATION_CONTEXT ( 3 ) GLOBAL_UNCERTAINTY_ASSIGNED_CONTEXT ( ( #5197 ) ) GLOBAL_UNIT_ASSIGNED_CONTEXT ( ( #89, #3429, #3528 ) ) REPRESENTATION_CONTEXT ( 'NONE', 'WORKASPACE' ) );
#3795 = EDGE_LOOP ( 'NONE', ( #5092, #6202, #3046, #4615, #5376, #947, #1144, #5703 ) ) ;
#3796 = EDGE_CURVE ( 'NONE', #818, #6226, #876, .T. ) ;
#3797 = VECTOR ( 'NONE', #3296, 1000.000000000000000 ) ;
#3798 = DIRECTION ( 'NONE',  ( 1.000000000000000000, 0.000000000000000000, 0.000000000000000000 ) ) ;
#3799 = VECTOR ( 'NONE', #557, 1000.000000000000000 ) ;
#3800 = CARTESIAN_POINT ( 'NONE',  ( 6.000000000000000888, 3.849999999999997424, 2.075000000000000622 ) ) ;
#3801 = CARTESIAN_POINT ( 'NONE',  ( 4.474999999999997868, 1.199999999999999734, 0.1750000000000000722 ) ) ;
#3802 = DIRECTION ( 'NONE',  ( 1.000000000000000000, 0.000000000000000000, -0.000000000000000000 ) ) ;
#3803 = ORIENTED_EDGE ( 'NONE', *, *, #5772, .T. ) ;
#3804 = ORIENTED_EDGE ( 'NONE', *, *, #5119, .T. ) ;
#3806 = DIRECTION ( 'NONE',  ( 0.000000000000000000, 0.000000000000000000, 1.000000000000000000 ) ) ;
#3805 = CARTESIAN_POINT ( 'NONE',  ( 6.375000000000000888, 3.950000000000000178, 0.3749999999999998335 ) ) ;
#3807 = DIRECTION ( 'NONE',  ( -0.000000000000000000, -0.4472135954999579832, -0.8944271909999159664 ) ) ;
#3808 = VECTOR ( 'NONE', #3292, 1000.000000000000000 ) ;
#3809 = PLANE ( 'NONE',  #2379 ) ;
#3810 = CARTESIAN_POINT ( 'NONE',  ( 7.575000000000000178, 0.5999999999999999778, 0.2250000000000008105 ) ) ;
#3811 = ORIENTED_EDGE ( 'NONE', *, *, #1369, .T. ) ;
#3812 = ADVANCED_FACE ( 'NONE', ( #3223 ), #2849, .T. ) ;
#3813 = ORIENTED_EDGE ( 'NONE', *, *, #5306, .F. ) ;
#3814 = ORIENTED_EDGE ( 'NONE', *, *, #3253, .T. ) ;
#3815 = VECTOR ( 'NONE', #3096, 1000.000000000000000 ) ;
#3816 = VECTOR ( 'NONE', #6035, 1000.000000000000000 ) ;
#3817 = CARTESIAN_POINT ( 'NONE',  ( 2.125000000000000000, 1.899999999999999911, 1.825000000000000622 ) ) ;
#3818 = DIRECTION ( 'NONE',  ( 1.000000000000000000, -3.336006684570783101E-16, 0.000000000000000000 ) ) ;
#3819 = AXIS2_PLACEMENT_3D ( 'NONE', #671, #733, #5037 ) ;
#3820 = CARTESIAN_POINT ( 'NONE',  ( -4.299999999999998934, 0.000000000000000000, 0.6750000000000004885 ) ) ;
#3821 = ADVANCED_FACE ( 'NONE', ( #5682 ), #4216, .F. ) ;
#3822 = ADVANCED_FACE ( 'NONE', ( #4312 ), #2277, .F. ) ;
#3823 = EDGE_CURVE ( 'NONE', #3752, #2986, #4702, .T. ) ;
#3824 = ORIENTED_EDGE ( 'NONE', *, *, #5527, .T. ) ;
#3825 = CARTESIAN_POINT ( 'NONE',  ( -6.875000000000000000, 3.950000000000000178, 0.3750000000000001110 ) ) ;
#3826 = DIRECTION ( 'NONE',  ( 1.000000000000000000, -3.336006684570783101E-16, 0.000000000000000000 ) ) ;
#3827 = DIRECTION ( 'NONE',  ( 0.000000000000000000, 0.000000000000000000, -1.000000000000000000 ) ) ;
#3828 = ADVANCED_FACE ( 'NONE', ( #1325 ), #3256, .F. ) ;
#3829 = LINE ( 'NONE', #5300, #4539 ) ;
#3830 = VERTEX_POINT ( 'NONE', #5718 ) ;
#3831 = FACE_OUTER_BOUND ( 'NONE', #2248, .T. ) ;
#3832 = CARTESIAN_POINT ( 'NONE',  ( 2.625000000000000444, 0.000000000000000000, -1.374999999999997558 ) ) ;
#3833 = CARTESIAN_POINT ( 'NONE',  ( 11.25000000000000000, 0.000000000000000000, -1.224999999999999645 ) ) ;
#3834 = DIRECTION ( 'NONE',  ( -0.000000000000000000, 1.000000000000000000, -0.000000000000000000 ) ) ;
#3835 = VERTEX_POINT ( 'NONE', #5936 ) ;
#3836 = ORIENTED_EDGE ( 'NONE', *, *, #1066, .F. ) ;
#3837 = EDGE_CURVE ( 'NONE', #5657, #1337, #4922, .T. ) ;
#3839 = CARTESIAN_POINT ( 'NONE',  ( 11.25000000000000000, 0.000000000000000000, -1.224999999999999645 ) ) ;
#3838 = LINE ( 'NONE', #1938, #966 ) ;
#3840 = CARTESIAN_POINT ( 'NONE',  ( 2.625000000000000444, 1.800000000000000044, -1.175000000000000044 ) ) ;
#3841 = DIRECTION ( 'NONE',  ( 1.000000000000000000, 0.000000000000000000, 0.000000000000000000 ) ) ;
#3842 = CARTESIAN_POINT ( 'NONE',  ( 5.874999999999997335, 3.950000000000000178, 0.3750000000000000555 ) ) ;
#3843 = ORIENTED_EDGE ( 'NONE', *, *, #3154, .T. ) ;
#3844 = ORIENTED_EDGE ( 'NONE', *, *, #4753, .T. ) ;
#3845 = VECTOR ( 'NONE', #3551, 1000.000000000000000 ) ;
#3846 = CARTESIAN_POINT ( 'NONE',  ( 3.124999999999999112, -6.123233995736742617E-17, 2.475000000000000089 ) ) ;
#3847 = DIRECTION ( 'NONE',  ( 0.000000000000000000, 0.000000000000000000, -1.000000000000000000 ) ) ;
#3848 = DIRECTION ( 'NONE',  ( 0.000000000000000000, -0.000000000000000000, 1.000000000000000000 ) ) ;
#3849 = VECTOR ( 'NONE', #3052, 1000.000000000000000 ) ;
#3850 = VECTOR ( 'NONE', #6100, 1000.000000000000000 ) ;
#3851 = ORIENTED_EDGE ( 'NONE', *, *, #331, .T. ) ;
#3852 = ORIENTED_EDGE ( 'NONE', *, *, #2681, .F. ) ;
#3853 = ORIENTED_EDGE ( 'NONE', *, *, #4455, .T. ) ;
#3854 = DIRECTION ( 'NONE',  ( 0.000000000000000000, -1.000000000000000000, 0.000000000000000000 ) ) ;
#3855 = CARTESIAN_POINT ( 'NONE',  ( 2.425000000000000266, 0.5999999999999999778, 0.2250000000000008105 ) ) ;
#3856 = SURFACE_STYLE_FILL_AREA ( #4374 ) ;
#3857 =( NAMED_UNIT ( * ) PLANE_ANGLE_UNIT ( ) SI_UNIT ( $, .RADIAN. ) );
#3858 = LINE ( 'NONE', #1956, #46 ) ;
#3859 = ORIENTED_EDGE ( 'NONE', *, *, #2242, .T. ) ;
#3860 = ADVANCED_FACE ( 'NONE', ( #560 ), #3032, .T. ) ;
#3861 = DIRECTION ( 'NONE',  ( -1.000000000000000000, 0.000000000000000000, 0.000000000000000000 ) ) ;
#3862 = PLANE ( 'NONE',  #270 ) ;
#3863 = LINE ( 'NONE', #3892, #571 ) ;
#3864 = CARTESIAN_POINT ( 'NONE',  ( 6.974999999999999645, 4.049999999999999822, 0.9749999999999993117 ) ) ;
#3865 = VERTEX_POINT ( 'NONE', #1574 ) ;
#3866 = VERTEX_POINT ( 'NONE', #3518 ) ;
#3867 = EDGE_CURVE ( 'NONE', #4056, #3473, #110, .T. ) ;
#3869 = DIRECTION ( 'NONE',  ( 1.000000000000000000, 0.000000000000000000, 0.000000000000000000 ) ) ;
#3868 = FACE_OUTER_BOUND ( 'NONE', #5828, .T. ) ;
#3870 = DIRECTION ( 'NONE',  ( 0.000000000000000000, 1.000000000000000000, 3.252606517456514091E-15 ) ) ;
#3871 = PRESENTATION_LAYER_ASSIGNMENT (  '', '', ( #1949 ) ) ;
#3872 = CARTESIAN_POINT ( 'NONE',  ( 4.474999999999996980, 0.09999999999999999167, -0.8250000000000010658 ) ) ;
#3873 = VERTEX_POINT ( 'NONE', #2565 ) ;
#3874 = ORIENTED_EDGE ( 'NONE', *, *, #109, .T. ) ;
#3875 = EDGE_CURVE ( 'NONE', #3880, #2292, #2940, .T. ) ;
#3876 = EDGE_LOOP ( 'NONE', ( #2484, #2225, #1169, #2176 ) ) ;
#3877 = LINE ( 'NONE', #2549, #4286 ) ;
#3878 = DIRECTION ( 'NONE',  ( 0.000000000000000000, -0.7071067811865435759, -0.7071067811865515695 ) ) ;
#3879 = DIRECTION ( 'NONE',  ( 0.000000000000000000, -1.000000000000000000, 0.000000000000000000 ) ) ;
#3880 = VERTEX_POINT ( 'NONE', #1510 ) ;
#3881 = VERTEX_POINT ( 'NONE', #1449 ) ;
#3882 = VERTEX_POINT ( 'NONE', #590 ) ;
#3883 = ORIENTED_EDGE ( 'NONE', *, *, #1319, .T. ) ;
#3884 = CARTESIAN_POINT ( 'NONE',  ( 5.724999999999997868, 0.3500000000000009215, -1.374999999999999778 ) ) ;
#3885 = CARTESIAN_POINT ( 'NONE',  ( 5.724999999999997868, -0.04999999999999568678, -2.474999999999999645 ) ) ;
#3886 = LINE ( 'NONE', #2462, #1995 ) ;
#3887 = EDGE_CURVE ( 'NONE', #602, #66, #4476, .T. ) ;
#3888 = VECTOR ( 'NONE', #569, 1000.000000000000114 ) ;
#3889 = CARTESIAN_POINT ( 'NONE',  ( 0.000000000000000000, 0.000000000000000000, 2.375000000000000444 ) ) ;
#3890 = COLOUR_RGB ( '',0.7960784313725489669, 0.8235294117647058432, 0.9372549019607843146 ) ;
#3891 = DIRECTION ( 'NONE',  ( 0.000000000000000000, 0.000000000000000000, -1.000000000000000000 ) ) ;
#3892 = CARTESIAN_POINT ( 'NONE',  ( 5.724999999999997868, 1.449999999999999956, 0.1750000000000000722 ) ) ;
#3893 = VECTOR ( 'NONE', #1898, 1000.000000000000000 ) ;
#3894 = ADVANCED_FACE ( 'NONE', ( #2055 ), #3482, .F. ) ;
#3895 = DIRECTION ( 'NONE',  ( 0.000000000000000000, 1.000000000000000000, 0.000000000000000000 ) ) ;
#3896 = ORIENTED_EDGE ( 'NONE', *, *, #6125, .F. ) ;
#3897 = VERTEX_POINT ( 'NONE', #4889 ) ;
#3898 = VECTOR ( 'NONE', #2647, 1000.000000000000000 ) ;
#3899 = EDGE_CURVE ( 'NONE', #6226, #5361, #1483, .T. ) ;
#3900 = EDGE_CURVE ( 'NONE', #1312, #128, #4960, .T. ) ;
#3902 = DIRECTION ( 'NONE',  ( 0.000000000000000000, 1.000000000000000000, 0.000000000000000000 ) ) ;
#3901 = CARTESIAN_POINT ( 'NONE',  ( 4.274999999999997691, 0.1000000000000020872, -1.224999999999998312 ) ) ;
#3903 = COLOUR_RGB ( '',0.7960784313725489669, 0.8235294117647058432, 0.9372549019607843146 ) ;
#3904 = CARTESIAN_POINT ( 'NONE',  ( 5.724999999999997868, 0.4999999999999998890, -0.8249999999999997335 ) ) ;
#3905 = CARTESIAN_POINT ( 'NONE',  ( 0.000000000000000000, 0.000000000000000000, 0.000000000000000000 ) ) ;
#3906 = EDGE_CURVE ( 'NONE', #5163, #4796, #3453, .T. ) ;
#3907 = CARTESIAN_POINT ( 'NONE',  ( 10.00000000000000000, 0.000000000000000000, -0.7749999999999999112 ) ) ;
#3908 = ORIENTED_EDGE ( 'NONE', *, *, #2564, .F. ) ;
#3909 = ORIENTED_EDGE ( 'NONE', *, *, #838, .T. ) ;
#3910 = CARTESIAN_POINT ( 'NONE',  ( 4.274999999999999467, 4.000000000000000000, -1.224999999999999645 ) ) ;
#3911 = CARTESIAN_POINT ( 'NONE',  ( 5.724999999999997868, 3.450000000000001510, 1.870248747537497357E-14 ) ) ;
#3912 = PLANE ( 'NONE',  #2074 ) ;
#3913 = EDGE_CURVE ( 'NONE', #4074, #4480, #3927, .T. ) ;
#3914 = ORIENTED_EDGE ( 'NONE', *, *, #5704, .F. ) ;
#3915 = ORIENTED_EDGE ( 'NONE', *, *, #3942, .T. ) ;
#3916 = VECTOR ( 'NONE', #5025, 1000.000000000000000 ) ;
#3917 = VECTOR ( 'NONE', #5980, 1000.000000000000000 ) ;
#3918 = VERTEX_POINT ( 'NONE', #2022 ) ;
#3919 = EDGE_CURVE ( 'NONE', #2104, #4873, #4468, .T. ) ;
#3920 = CARTESIAN_POINT ( 'NONE',  ( 5.724999999999998757, 1.449999999999999956, -1.224999999999999645 ) ) ;
#3921 = DIRECTION ( 'NONE',  ( -0.000000000000000000, 0.000000000000000000, 1.000000000000000000 ) ) ;
#3922 = CARTESIAN_POINT ( 'NONE',  ( 4.274999999999997691, -0.04999999999999567291, -2.474999999999999645 ) ) ;
#3923 = VECTOR ( 'NONE', #587, 1000.000000000000000 ) ;
#3924 = PRESENTATION_STYLE_ASSIGNMENT (( #3955 ) ) ;
#3925 = LINE ( 'NONE', #3346, #2204 ) ;
#3926 = ORIENTED_EDGE ( 'NONE', *, *, #4225, .T. ) ;
#3927 = LINE ( 'NONE', #1001, #1318 ) ;
#3928 = CARTESIAN_POINT ( 'NONE',  ( 5.524999999999998579, 3.299999999999999822, -0.7749999999999999112 ) ) ;
#3929 = DIRECTION ( 'NONE',  ( 0.000000000000000000, 0.000000000000000000, 1.000000000000000000 ) ) ;
#3930 = CARTESIAN_POINT ( 'NONE',  ( 5.724999999999997868, 0.4999999999999998890, -0.8249999999999997335 ) ) ;
#3931 = ORIENTED_EDGE ( 'NONE', *, *, #5394, .T. ) ;
#3933 = FACE_OUTER_BOUND ( 'NONE', #5388, .T. ) ;
#3932 = CARTESIAN_POINT ( 'NONE',  ( 7.781793621149187601, 1.577500000000001235, -1.577499999999999902 ) ) ;
#3934 = CARTESIAN_POINT ( 'NONE',  ( 4.474999999999996980, 0.1500000000000032419, -2.474999999999999645 ) ) ;
#3935 = DIRECTION ( 'NONE',  ( -1.000000000000000000, -0.000000000000000000, 0.000000000000000000 ) ) ;
#3936 = EDGE_LOOP ( 'NONE', ( #4782, #5164, #4614, #6238, #4715, #919 ) ) ;
#3937 = VERTEX_POINT ( 'NONE', #1098 ) ;
#3938 = VERTEX_POINT ( 'NONE', #622 ) ;
#3939 = ORIENTED_EDGE ( 'NONE', *, *, #1818, .T. ) ;
#3940 = DIRECTION ( 'NONE',  ( -1.000000000000000000, -0.000000000000000000, -0.000000000000000000 ) ) ;
#3941 = AXIS2_PLACEMENT_3D ( 'NONE', #4372, #8, #4238 ) ;
#3942 = EDGE_CURVE ( 'NONE', #5638, #3299, #16, .T. ) ;
#3943 = CARTESIAN_POINT ( 'NONE',  ( 2.425000000000000266, -0.1499999999999963862, 2.324999999999999734 ) ) ;
#3944 = CARTESIAN_POINT ( 'NONE',  ( 7.375000000000000888, 1.899999999999999911, 1.825000000000000622 ) ) ;
#3945 = EDGE_LOOP ( 'NONE', ( #479, #924, #4979, #5610 ) ) ;
#3946 = ORIENTED_EDGE ( 'NONE', *, *, #5152, .F. ) ;
#3947 = ORIENTED_EDGE ( 'NONE', *, *, #3531, .T. ) ;
#3948 = ORIENTED_EDGE ( 'NONE', *, *, #5696, .F. ) ;
#3949 = ORIENTED_EDGE ( 'NONE', *, *, #5392, .T. ) ;
#3950 = VECTOR ( 'NONE', #3616, 1000.000000000000000 ) ;
#3951 = PLANE ( 'NONE',  #2548 ) ;
#3952 = FACE_OUTER_BOUND ( 'NONE', #3945, .T. ) ;
#3953 = VECTOR ( 'NONE', #2667, 1000.000000000000114 ) ;
#3954 = PLANE ( 'NONE',  #4492 ) ;
#3955 = SURFACE_STYLE_USAGE ( .BOTH. , #1505 ) ;
#3956 = CYLINDRICAL_SURFACE ( 'NONE', #974, 0.09999999999999982514 ) ;
#3957 = VECTOR ( 'NONE', #5863, 1000.000000000000000 ) ;
#3958 = ORIENTED_EDGE ( 'NONE', *, *, #608, .T. ) ;
#3959 = DIRECTION ( 'NONE',  ( -1.000000000000000000, -0.000000000000000000, -0.000000000000000000 ) ) ;
#3960 = DIRECTION ( 'NONE',  ( 0.000000000000000000, -0.8320502943378444982, 0.5547001962252280372 ) ) ;
#3961 = DIRECTION ( 'NONE',  ( -1.000000000000000000, 0.000000000000000000, -1.807003620809174632E-16 ) ) ;
#3962 = DIRECTION ( 'NONE',  ( 0.000000000000000000, 1.000000000000000000, -1.445602896647327084E-15 ) ) ;
#3963 = CIRCLE ( 'NONE', #4788, 0.09999999999999982514 ) ;
#3964 = ORIENTED_EDGE ( 'NONE', *, *, #901, .T. ) ;
#3966 = PLANE ( 'NONE',  #1922 ) ;
#3965 = CARTESIAN_POINT ( 'NONE',  ( 5.524999999999998579, 2.899999999999996803, -0.7749999999999999112 ) ) ;
#3967 = DIRECTION ( 'NONE',  ( 0.000000000000000000, -1.000000000000000000, -0.000000000000000000 ) ) ;
#3968 = ORIENTED_EDGE ( 'NONE', *, *, #893, .F. ) ;
#3969 = VERTEX_POINT ( 'NONE', #5404 ) ;
#3970 = VERTEX_POINT ( 'NONE', #4863 ) ;
#3971 = ORIENTED_EDGE ( 'NONE', *, *, #3899, .T. ) ;
#3972 = DIRECTION ( 'NONE',  ( -1.000000000000000000, 0.000000000000000000, 0.000000000000000000 ) ) ;
#3973 = CARTESIAN_POINT ( 'NONE',  ( -6.875000000000000000, -13.83708784390703705, 0.3750000000000001110 ) ) ;
#3974 = FACE_OUTER_BOUND ( 'NONE', #1261, .T. ) ;
#3975 = ADVANCED_FACE ( 'NONE', ( #496 ), #1959, .F. ) ;
#3976 = ORIENTED_EDGE ( 'NONE', *, *, #5974, .T. ) ;
#3977 = ORIENTED_EDGE ( 'NONE', *, *, #1254, .F. ) ;
#3978 = ORIENTED_EDGE ( 'NONE', *, *, #5698, .T. ) ;
#3979 = ORIENTED_EDGE ( 'NONE', *, *, #3785, .T. ) ;
#3980 = EDGE_CURVE ( 'NONE', #4887, #1070, #1030, .T. ) ;
#3981 = EDGE_LOOP ( 'NONE', ( #5, #3559, #4014, #4043 ) ) ;
#3982 = VECTOR ( 'NONE', #2926, 1000.000000000000000 ) ;
#3983 = EDGE_CURVE ( 'NONE', #162, #346, #5905, .T. ) ;
#3984 = CARTESIAN_POINT ( 'NONE',  ( 4.624999999999998224, 1.199999999999999734, 0.1750000000000000999 ) ) ;
#3985 = PLANE ( 'NONE',  #769 ) ;
#3986 = DIRECTION ( 'NONE',  ( -1.000000000000000000, 0.000000000000000000, 0.000000000000000000 ) ) ;
#3987 = CARTESIAN_POINT ( 'NONE',  ( 7.375000000000000888, 0.5999999999999999778, 1.825000000000000622 ) ) ;
#3988 = DIRECTION ( 'NONE',  ( -1.000000000000000000, 0.000000000000000000, 0.000000000000000000 ) ) ;
#3989 = EDGE_CURVE ( 'NONE', #5301, #4558, #275, .T. ) ;
#3990 = ADVANCED_FACE ( 'NONE', ( #3543 ), #1127, .T. ) ;
#3991 = DIRECTION ( 'NONE',  ( -1.000000000000000000, -0.000000000000000000, 0.000000000000000000 ) ) ;
#3992 = LINE ( 'NONE', #5938, #4947 ) ;
#3993 = LINE ( 'NONE', #2881, #5349 ) ;
#3994 = EDGE_CURVE ( 'NONE', #5648, #1347, #2597, .T. ) ;
#3995 = VERTEX_POINT ( 'NONE', #174 ) ;
#3996 = VECTOR ( 'NONE', #746, 1000.000000000000114 ) ;
#3998 = CARTESIAN_POINT ( 'NONE',  ( 2.625000000000000444, 0.000000000000000000, -1.374999999999997558 ) ) ;
#3997 = CARTESIAN_POINT ( 'NONE',  ( 7.774999999999999467, 2.349999999999999645, 1.675000000000000266 ) ) ;
#3999 = PLANE ( 'NONE',  #4201 ) ;
#4000 = DIRECTION ( 'NONE',  ( 1.000000000000000000, 0.000000000000000000, -0.000000000000000000 ) ) ;
#4001 = AXIS2_PLACEMENT_3D ( 'NONE', #805, #5265, #1884 ) ;
#4002 = ORIENTED_EDGE ( 'NONE', *, *, #2594, .F. ) ;
#4003 = VECTOR ( 'NONE', #3259, 1000.000000000000000 ) ;
#4004 = ORIENTED_EDGE ( 'NONE', *, *, #1734, .T. ) ;
#4005 = VERTEX_POINT ( 'NONE', #1255 ) ;
#4006 = DIRECTION ( 'NONE',  ( 0.000000000000000000, 0.000000000000000000, -1.000000000000000000 ) ) ;
#4007 = DIRECTION ( 'NONE',  ( -1.000000000000000000, 0.000000000000000000, 0.000000000000000000 ) ) ;
#4008 = CARTESIAN_POINT ( 'NONE',  ( 4.474999999999996980, 0.1500000000000032419, -2.474999999999999645 ) ) ;
#4009 = ORIENTED_EDGE ( 'NONE', *, *, #1806, .F. ) ;
#4010 = ORIENTED_EDGE ( 'NONE', *, *, #3051, .T. ) ;
#4011 = ADVANCED_FACE ( 'NONE', ( #2215 ), #4540, .T. ) ;
#4012 = ORIENTED_EDGE ( 'NONE', *, *, #5503, .F. ) ;
#4013 = ORIENTED_EDGE ( 'NONE', *, *, #2699, .T. ) ;
#4014 = ORIENTED_EDGE ( 'NONE', *, *, #1173, .T. ) ;
#4015 = EDGE_CURVE ( 'NONE', #1812, #241, #4118, .T. ) ;
#4016 = FACE_OUTER_BOUND ( 'NONE', #1681, .T. ) ;
#4017 = LINE ( 'NONE', #4078, #2294 ) ;
#4018 = APPLICATION_CONTEXT ( 'automotive_design' ) ;
#4019 = LINE ( 'NONE', #5651, #1438 ) ;
#4020 = DIRECTION ( 'NONE',  ( 0.000000000000000000, -1.000000000000000000, 0.000000000000000000 ) ) ;
#4021 = VECTOR ( 'NONE', #4389, 1000.000000000000000 ) ;
#4022 = VERTEX_POINT ( 'NONE', #4601 ) ;
#4023 = VECTOR ( 'NONE', #5632, 1000.000000000000000 ) ;
#4024 = AXIS2_PLACEMENT_3D ( 'NONE', #1773, #371, #4246 ) ;
#4025 = EDGE_CURVE ( 'NONE', #2354, #1710, #3094, .T. ) ;
#4026 = DIRECTION ( 'NONE',  ( 0.000000000000000000, 0.000000000000000000, 1.000000000000000000 ) ) ;
#4027 = DIRECTION ( 'NONE',  ( 0.000000000000000000, 0.7071067811865381358, 0.7071067811865570096 ) ) ;
#4028 = FACE_OUTER_BOUND ( 'NONE', #4135, .T. ) ;
#4029 = ORIENTED_EDGE ( 'NONE', *, *, #4294, .F. ) ;
#4030 = ORIENTED_EDGE ( 'NONE', *, *, #714, .T. ) ;
#4031 = LINE ( 'NONE', #595, #2601 ) ;
#4032 = DIRECTION ( 'NONE',  ( -0.000000000000000000, 1.000000000000000000, -0.000000000000000000 ) ) ;
#4033 = EDGE_CURVE ( 'NONE', #5499, #5917, #5594, .T. ) ;
#4034 = ORIENTED_EDGE ( 'NONE', *, *, #630, .T. ) ;
#4035 = EDGE_LOOP ( 'NONE', ( #5320, #4833, #2160, #5628 ) ) ;
#4036 = ORIENTED_EDGE ( 'NONE', *, *, #4821, .T. ) ;
#4037 = VERTEX_POINT ( 'NONE', #2113 ) ;
#4038 = CARTESIAN_POINT ( 'NONE',  ( 7.774999999999999467, 2.349999999999999645, 1.675000000000000266 ) ) ;
#4039 = DIRECTION ( 'NONE',  ( 0.000000000000000000, -5.421010862427526114E-15, 1.000000000000000000 ) ) ;
#4040 = DIRECTION ( 'NONE',  ( -0.7071067811865475727, -0.7071067811865475727, -0.000000000000000000 ) ) ;
#4041 = VERTEX_POINT ( 'NONE', #3607 ) ;
#4042 = ORIENTED_EDGE ( 'NONE', *, *, #4481, .T. ) ;
#4043 = ORIENTED_EDGE ( 'NONE', *, *, #2870, .T. ) ;
#4044 = ORIENTED_EDGE ( 'NONE', *, *, #4662, .T. ) ;
#4045 = DIRECTION ( 'NONE',  ( 0.000000000000000000, 0.000000000000000000, 1.000000000000000000 ) ) ;
#4046 = LINE ( 'NONE', #5995, #4220 ) ;
#4047 = SURFACE_STYLE_FILL_AREA ( #5965 ) ;
#4048 = DIRECTION ( 'NONE',  ( 0.000000000000000000, -1.000000000000000000, 9.054517642116248640E-16 ) ) ;
#4049 = ORIENTED_EDGE ( 'NONE', *, *, #2056, .T. ) ;
#4050 = VECTOR ( 'NONE', #1064, 1000.000000000000000 ) ;
#4051 = DIRECTION ( 'NONE',  ( 0.000000000000000000, -1.000000000000000000, 2.710505431213761393E-17 ) ) ;
#4052 = LINE ( 'NONE', #2216, #4406 ) ;
#4054 = CARTESIAN_POINT ( 'NONE',  ( 2.625000000000000444, 3.399999999999999911, -1.174999999999999822 ) ) ;
#4053 = DIRECTION ( 'NONE',  ( 1.000000000000000000, -0.000000000000000000, -0.000000000000000000 ) ) ;
#4055 = AXIS2_PLACEMENT_3D ( 'NONE', #1823, #4727, #6146 ) ;
#4056 = VERTEX_POINT ( 'NONE', #5500 ) ;
#4057 = EDGE_CURVE ( 'NONE', #1370, #3498, #2626, .T. ) ;
#4058 = EDGE_CURVE ( 'NONE', #1023, #1755, #778, .T. ) ;
#4059 = CARTESIAN_POINT ( 'NONE',  ( 3.624999999999999556, 3.950000000000000178, 0.8749999999999996669 ) ) ;
#4061 = DIRECTION ( 'NONE',  ( 1.000000000000000000, 0.000000000000000000, -0.000000000000000000 ) ) ;
#4060 = DIRECTION ( 'NONE',  ( 0.000000000000000000, -0.7071067811865479058, 0.7071067811865472397 ) ) ;
#4062 = CARTESIAN_POINT ( 'NONE',  ( 7.575000000000000178, -0.1499999999999963862, 2.324999999999999734 ) ) ;
#4063 = VECTOR ( 'NONE', #3250, 1000.000000000000000 ) ;
#4064 = DIRECTION ( 'NONE',  ( 0.000000000000000000, -0.000000000000000000, -1.000000000000000000 ) ) ;
#4065 = ORIENTED_EDGE ( 'NONE', *, *, #2208, .F. ) ;
#4066 = EDGE_CURVE ( 'NONE', #4507, #1910, #1195, .T. ) ;
#4067 = ORIENTED_EDGE ( 'NONE', *, *, #15, .F. ) ;
#4068 = VERTEX_POINT ( 'NONE', #1732 ) ;
#4069 = ORIENTED_EDGE ( 'NONE', *, *, #5234, .F. ) ;
#4070 = PLANE ( 'NONE',  #5467 ) ;
#4071 = DIRECTION ( 'NONE',  ( 1.084202172485505297E-16, 1.000000000000000000, 0.000000000000000000 ) ) ;
#4072 = LINE ( 'NONE', #1876, #4518 ) ;
#4073 = ORIENTED_EDGE ( 'NONE', *, *, #2564, .T. ) ;
#4074 = VERTEX_POINT ( 'NONE', #653 ) ;
#4075 = ADVANCED_FACE ( 'NONE', ( #4568 ), #202, .F. ) ;
#4076 = EDGE_LOOP ( 'NONE', ( #2660, #2719, #1043, #1935 ) ) ;
#4077 = FACE_OUTER_BOUND ( 'NONE', #2978, .T. ) ;
#4078 = CARTESIAN_POINT ( 'NONE',  ( 5.724999999999997868, 1.577500000000001235, -1.577499999999999902 ) ) ;
#4079 = DIRECTION ( 'NONE',  ( 0.000000000000000000, 0.000000000000000000, 1.000000000000000000 ) ) ;
#4080 = PLANE ( 'NONE',  #1257 ) ;
#4081 = AXIS2_PLACEMENT_3D ( 'NONE', #3216, #5736, #3878 ) ;
#4082 = ORIENTED_EDGE ( 'NONE', *, *, #6144, .T. ) ;
#4083 = VECTOR ( 'NONE', #1882, 1000.000000000000000 ) ;
#4084 = CARTESIAN_POINT ( 'NONE',  ( 7.375000000000000888, 1.899999999999999911, 1.825000000000000622 ) ) ;
#4085 = LINE ( 'NONE', #175, #3693 ) ;
#4086 = DIRECTION ( 'NONE',  ( -0.000000000000000000, 0.000000000000000000, -1.000000000000000000 ) ) ;
#4087 = CIRCLE ( 'NONE', #3269, 0.09999999999999982514 ) ;
#4088 = ORIENTED_EDGE ( 'NONE', *, *, #4784, .F. ) ;
#4089 = EDGE_CURVE ( 'NONE', #5887, #4841, #2146, .T. ) ;
#4090 = DIRECTION ( 'NONE',  ( 1.000000000000000000, 0.000000000000000000, 0.000000000000000000 ) ) ;
#4091 = EDGE_CURVE ( 'NONE', #2675, #5389, #5623, .T. ) ;
#4092 = CARTESIAN_POINT ( 'NONE',  ( 7.375000000000000000, 3.399999999999999911, -0.3249999999999997891 ) ) ;
#4093 = CARTESIAN_POINT ( 'NONE',  ( 4.624999999999998224, 4.049999999999999822, 0.2749999999999995226 ) ) ;
#4094 = DIRECTION ( 'NONE',  ( -0.000000000000000000, 1.000000000000000000, -0.000000000000000000 ) ) ;
#4095 = ORIENTED_EDGE ( 'NONE', *, *, #2425, .T. ) ;
#4096 = EDGE_CURVE ( 'NONE', #4475, #3056, #3642, .T. ) ;
#4097 = VERTEX_POINT ( 'NONE', #3671 ) ;
#4098 = PRESENTATION_LAYER_ASSIGNMENT (  '', '', ( #2271 ) ) ;
#4099 = VERTEX_POINT ( 'NONE', #5087 ) ;
#4100 = ADVANCED_FACE ( 'NONE', ( #716 ), #303, .F. ) ;
#4101 = ORIENTED_EDGE ( 'NONE', *, *, #992, .T. ) ;
#4102 = CARTESIAN_POINT ( 'NONE',  ( 2.625000000000000444, 3.950000000000000178, 0.1750000000000002387 ) ) ;
#4103 = EDGE_CURVE ( 'NONE', #3148, #6294, #3188, .T. ) ;
#4104 = EDGE_CURVE ( 'NONE', #3866, #2531, #834, .T. ) ;
#4105 = PLANE ( 'NONE',  #3775 ) ;
#4106 = DIRECTION ( 'NONE',  ( 1.000000000000000000, -0.000000000000000000, -0.000000000000000000 ) ) ;
#4107 = ORIENTED_EDGE ( 'NONE', *, *, #1380, .F. ) ;
#4108 = ORIENTED_EDGE ( 'NONE', *, *, #3983, .F. ) ;
#4109 = ORIENTED_EDGE ( 'NONE', *, *, #6266, .T. ) ;
#4110 = CIRCLE ( 'NONE', #558, 0.1000000000000000472 ) ;
#4111 = DIRECTION ( 'NONE',  ( 0.000000000000000000, 0.000000000000000000, 1.000000000000000000 ) ) ;
#4112 = DIRECTION ( 'NONE',  ( 0.000000000000000000, 1.000000000000000000, 0.000000000000000000 ) ) ;
#4113 = CARTESIAN_POINT ( 'NONE',  ( 4.474999999999996980, -0.1499999999999963862, -1.474999999999999645 ) ) ;
#4114 = CARTESIAN_POINT ( 'NONE',  ( 3.624999999999999556, 0.7428932188134522718, 0.3749999999999998335 ) ) ;
#4115 = EDGE_CURVE ( 'NONE', #603, #6059, #2820, .T. ) ;
#4116 = ORIENTED_EDGE ( 'NONE', *, *, #2363, .T. ) ;
#4117 = ORIENTED_EDGE ( 'NONE', *, *, #1886, .T. ) ;
#4118 = LINE ( 'NONE', #1629, #3548 ) ;
#4119 = VECTOR ( 'NONE', #4515, 1000.000000000000000 ) ;
#4120 = CARTESIAN_POINT ( 'NONE',  ( 7.875000000000000000, 3.399999999999999911, -1.174999999999999822 ) ) ;
#4121 = DIRECTION ( 'NONE',  ( -0.000000000000000000, 1.000000000000000000, 0.000000000000000000 ) ) ;
#4122 = ADVANCED_BREP_SHAPE_REPRESENTATION ( '', ( #1198, #5477, #1171, #1219, #3210, #1276, #3298, #1148, #5324, #3237, #3597 ), #2179 ) ;
#4123 = VERTEX_POINT ( 'NONE', #4211 ) ;
#4124 = AXIS2_PLACEMENT_3D ( 'NONE', #3455, #3007, #4961 ) ;
#4125 = VECTOR ( 'NONE', #1961, 999.9999999999998863 ) ;
#4126 = CARTESIAN_POINT ( 'NONE',  ( 7.375000000000000888, 0.5999999999999999778, 0.2250000000000008105 ) ) ;
#4128 = CARTESIAN_POINT ( 'NONE',  ( 2.625000000000000444, 2.899999999999999911, 0.1750000000000002387 ) ) ;
#4127 = LINE ( 'NONE', #4092, #1885 ) ;
#4129 = DIRECTION ( 'NONE',  ( -1.000000000000000000, 0.000000000000000000, -0.000000000000000000 ) ) ;
#4130 = VECTOR ( 'NONE', #6246, 1000.000000000000000 ) ;
#4131 = CARTESIAN_POINT ( 'NONE',  ( -6.875000000000000000, 3.950000000000000178, 0.3750000000000001110 ) ) ;
#4132 = ORIENTED_EDGE ( 'NONE', *, *, #4445, .F. ) ;
#4133 = ORIENTED_EDGE ( 'NONE', *, *, #6230, .F. ) ;
#4134 = EDGE_LOOP ( 'NONE', ( #4186, #6065, #2315, #5362 ) ) ;
#4135 = EDGE_LOOP ( 'NONE', ( #5195, #484, #3487, #3665 ) ) ;
#4136 = LINE ( 'NONE', #6107, #1081 ) ;
#4137 = DIRECTION ( 'NONE',  ( 1.000000000000000000, -1.084202172485505297E-16, 0.000000000000000000 ) ) ;
#4138 = CARTESIAN_POINT ( 'NONE',  ( -4.299999999999998934, 0.000000000000000000, 2.075000000000000622 ) ) ;
#4139 = LINE ( 'NONE', #6079, #1978 ) ;
#4140 = ORIENTED_EDGE ( 'NONE', *, *, #2359, .F. ) ;
#4141 = ORIENTED_EDGE ( 'NONE', *, *, #75, .T. ) ;
#4142 = EDGE_CURVE ( 'NONE', #1738, #3506, #5178, .T. ) ;
#4143 = CARTESIAN_POINT ( 'NONE',  ( 5.524999999999997691, -0.1499999999999963862, -2.374999999999999112 ) ) ;
#4144 = DIRECTION ( 'NONE',  ( -1.807003620809174632E-16, 0.000000000000000000, -1.000000000000000000 ) ) ;
#4145 = FACE_OUTER_BOUND ( 'NONE', #3365, .T. ) ;
#4146 = DIRECTION ( 'NONE',  ( 1.000000000000000000, 0.000000000000000000, 1.807003620809174632E-16 ) ) ;
#4147 = VERTEX_POINT ( 'NONE', #4756 ) ;
#4148 = DIRECTION ( 'NONE',  ( -1.000000000000000000, -0.000000000000000000, -0.000000000000000000 ) ) ;
#4149 = ADVANCED_FACE ( 'NONE', ( #5208 ), #4273, .F. ) ;
#4150 = CARTESIAN_POINT ( 'NONE',  ( 4.274999999999998579, 3.299999999999999822, -0.7749999999999999112 ) ) ;
#4151 = LINE ( 'NONE', #177, #3099 ) ;
#4152 = ADVANCED_FACE ( 'NONE', ( #6181 ), #2337, .F. ) ;
#4153 = STYLED_ITEM ( 'NONE', ( #1443 ), #1171 ) ;
#4154 = DIRECTION ( 'NONE',  ( -0.000000000000000000, 0.7071067811865474617, 0.7071067811865474617 ) ) ;
#4156 = CARTESIAN_POINT ( 'NONE',  ( 4.274999999999997691, 0.3000000000000009881, -1.625000000000000888 ) ) ;
#4155 = CARTESIAN_POINT ( 'NONE',  ( -4.299999999999998934, 0.000000000000000000, 0.6750000000000004885 ) ) ;
#4157 = AXIS2_PLACEMENT_3D ( 'NONE', #1883, #3818, #5323 ) ;
#4158 = VECTOR ( 'NONE', #6066, 1000.000000000000000 ) ;
#4159 = DIRECTION ( 'NONE',  ( 2.358912948743652103E-16, 0.7071067811865474617, -0.7071067811865474617 ) ) ;
#4160 = SURFACE_SIDE_STYLE ('',( #5574 ) ) ;
#4161 = ORIENTED_EDGE ( 'NONE', *, *, #5514, .F. ) ;
#4162 = VERTEX_POINT ( 'NONE', #3281 ) ;
#4163 = ORIENTED_EDGE ( 'NONE', *, *, #3700, .T. ) ;
#4164 = CARTESIAN_POINT ( 'NONE',  ( 4.474999999999996980, 0.1500000000000038247, -1.816421356237309048 ) ) ;
#4165 = DIRECTION ( 'NONE',  ( 0.000000000000000000, 0.000000000000000000, 1.000000000000000000 ) ) ;
#4166 = DIRECTION ( 'NONE',  ( 1.000000000000000000, 0.000000000000000000, 0.000000000000000000 ) ) ;
#4167 = DIRECTION ( 'NONE',  ( 0.000000000000000000, 1.000000000000000000, 0.000000000000000000 ) ) ;
#4168 = VERTEX_POINT ( 'NONE', #2755 ) ;
#4169 = EDGE_LOOP ( 'NONE', ( #5424, #1284, #1471, #3844 ) ) ;
#4170 = VERTEX_POINT ( 'NONE', #4792 ) ;
#4171 = VECTOR ( 'NONE', #6053, 1000.000000000000000 ) ;
#4172 = EDGE_LOOP ( 'NONE', ( #5107, #3655, #3568, #3417 ) ) ;
#4173 = CARTESIAN_POINT ( 'NONE',  ( 7.575000000000000178, 1.899999999999999911, 1.825000000000000622 ) ) ;
#4174 = FACE_OUTER_BOUND ( 'NONE', #5070, .T. ) ;
#4175 = CARTESIAN_POINT ( 'NONE',  ( 5.874999999999997335, 3.950000000000000178, 0.1750000000000000999 ) ) ;
#4176 = EDGE_CURVE ( 'NONE', #5288, #2946, #363, .T. ) ;
#4177 = ADVANCED_FACE ( 'NONE', ( #3761 ), #1763, .F. ) ;
#4178 = VERTEX_POINT ( 'NONE', #4697 ) ;
#4179 = EDGE_CURVE ( 'NONE', #3918, #3409, #2267, .T. ) ;
#4180 = DIRECTION ( 'NONE',  ( -1.000000000000000000, 0.000000000000000000, -1.807003620809174632E-16 ) ) ;
#4181 = DIRECTION ( 'NONE',  ( 0.000000000000000000, -1.251002506714043540E-16, 1.000000000000000000 ) ) ;
#4182 = MECHANICAL_DESIGN_GEOMETRIC_PRESENTATION_REPRESENTATION (  '', ( #1949 ), #3673 ) ;
#4183 = EDGE_CURVE ( 'NONE', #2523, #4860, #1321, .T. ) ;
#4184 = EDGE_CURVE ( 'NONE', #3719, #5034, #866, .T. ) ;
#4185 = CARTESIAN_POINT ( 'NONE',  ( 7.375000000000000888, -0.1499999999999963862, 2.324999999999999734 ) ) ;
#4186 = ORIENTED_EDGE ( 'NONE', *, *, #2300, .T. ) ;
#4187 = VECTOR ( 'NONE', #3274, 1000.000000000000000 ) ;
#4188 = LINE ( 'NONE', #5778, #1817 ) ;
#4190 = PRESENTATION_STYLE_ASSIGNMENT (( #4675 ) ) ;
#4189 = DIRECTION ( 'NONE',  ( 1.000000000000000000, 0.000000000000000000, 0.000000000000000000 ) ) ;
#4191 = LINE ( 'NONE', #5215, #868 ) ;
#4192 = EDGE_CURVE ( 'NONE', #4680, #6104, #391, .T. ) ;
#4193 = ORIENTED_EDGE ( 'NONE', *, *, #2754, .T. ) ;
#4194 = EDGE_LOOP ( 'NONE', ( #435, #695, #2039, #1894 ) ) ;
#4195 = FACE_OUTER_BOUND ( 'NONE', #3736, .T. ) ;
#4196 = DIRECTION ( 'NONE',  ( 0.000000000000000000, 1.000000000000000000, 0.000000000000000000 ) ) ;
#4197 = DIRECTION ( 'NONE',  ( 0.000000000000000000, -1.000000000000000000, 1.445602896647327084E-15 ) ) ;
#4198 = CARTESIAN_POINT ( 'NONE',  ( 6.724999999999999645, 4.049999999999999822, 2.375000000000000444 ) ) ;
#4199 = EDGE_LOOP ( 'NONE', ( #6038, #2809, #1757, #2674 ) ) ;
#4200 = ORIENTED_EDGE ( 'NONE', *, *, #330, .F. ) ;
#4201 = AXIS2_PLACEMENT_3D ( 'NONE', #2543, #507, #58 ) ;
#4202 = ORIENTED_EDGE ( 'NONE', *, *, #983, .F. ) ;
#4203 = VERTEX_POINT ( 'NONE', #424 ) ;
#4204 = AXIS2_PLACEMENT_3D ( 'NONE', #1058, #491, #2018 ) ;
#4205 = CARTESIAN_POINT ( 'NONE',  ( 5.724999999999997868, 0.3500000000000009215, -1.324999999999999512 ) ) ;
#4206 = CARTESIAN_POINT ( 'NONE',  ( 5.724999999999997868, 0.5000000000000022204, -1.324999999999999734 ) ) ;
#4207 = CARTESIAN_POINT ( 'NONE',  ( 5.724999999999997868, 0.1792893218813484679, -1.745710678118654657 ) ) ;
#4208 = VECTOR ( 'NONE', #4166, 1000.000000000000000 ) ;
#4209 = ORIENTED_EDGE ( 'NONE', *, *, #1848, .T. ) ;
#4210 = EDGE_LOOP ( 'NONE', ( #800, #766, #2977, #5851 ) ) ;
#4211 = CARTESIAN_POINT ( 'NONE',  ( 7.575000000000000178, 0.000000000000000000, 2.475000000000000089 ) ) ;
#4212 = CARTESIAN_POINT ( 'NONE',  ( 2.125000000000000000, 2.349999999999999645, 1.675000000000000266 ) ) ;
#4214 = CARTESIAN_POINT ( 'NONE',  ( 2.125000000000000000, 0.4999999999999998890, -1.574999999999999512 ) ) ;
#4213 = PRODUCT_CONTEXT ( 'NONE', #4018, 'mechanical' ) ;
#4215 = ORIENTED_EDGE ( 'NONE', *, *, #5125, .T. ) ;
#4216 = PLANE ( 'NONE',  #5593 ) ;
#4217 = CARTESIAN_POINT ( 'NONE',  ( 4.474999999999998757, 3.299999999999999822, -0.9349999999999998312 ) ) ;
#4218 = DIRECTION ( 'NONE',  ( 0.000000000000000000, 1.000000000000000000, 0.000000000000000000 ) ) ;
#4219 = FACE_OUTER_BOUND ( 'NONE', #551, .T. ) ;
#4220 = VECTOR ( 'NONE', #5964, 1000.000000000000000 ) ;
#4221 = AXIS2_PLACEMENT_3D ( 'NONE', #1421, #1327, #4280 ) ;
#4222 = VERTEX_POINT ( 'NONE', #1413 ) ;
#4223 = VECTOR ( 'NONE', #2272, 1000.000000000000000 ) ;
#4224 = FACE_OUTER_BOUND ( 'NONE', #127, .T. ) ;
#4225 = EDGE_CURVE ( 'NONE', #224, #3866, #5712, .T. ) ;
#4226 = DIRECTION ( 'NONE',  ( -1.000000000000000000, 0.000000000000000000, -1.807003620809174632E-16 ) ) ;
#4227 = CARTESIAN_POINT ( 'NONE',  ( 2.624999999999999556, 0.5999999999999999778, 1.825000000000000622 ) ) ;
#4228 = CARTESIAN_POINT ( 'NONE',  ( 3.124999999999999112, 0.2499999999999999445, -0.3340169943749460302 ) ) ;
#4229 = EDGE_LOOP ( 'NONE', ( #3136, #4107, #1439, #3720 ) ) ;
#4230 = EDGE_LOOP ( 'NONE', ( #120, #344, #4428, #2930 ) ) ;
#4231 = UNCERTAINTY_MEASURE_WITH_UNIT (LENGTH_MEASURE( 1.000000000000000082E-05 ), #3042, 'distance_accuracy_value', 'NONE');
#4232 = ORIENTED_EDGE ( 'NONE', *, *, #5897, .T. ) ;
#4233 = VERTEX_POINT ( 'NONE', #3251 ) ;
#4234 = PLANE ( 'NONE',  #223 ) ;
#4235 = CARTESIAN_POINT ( 'NONE',  ( 7.625000000000000000, 2.899999999999999911, 0.1750000000000002387 ) ) ;
#4236 = CARTESIAN_POINT ( 'NONE',  ( 2.125000000000000000, 1.999999999999999112, 2.475000000000000089 ) ) ;
#4237 = ORIENTED_EDGE ( 'NONE', *, *, #6090, .F. ) ;
#4238 = DIRECTION ( 'NONE',  ( 0.000000000000000000, 0.000000000000000000, -1.000000000000000000 ) ) ;
#4239 = DIRECTION ( 'NONE',  ( -0.000000000000000000, -0.7071067811865474617, 0.7071067811865474617 ) ) ;
#4240 = CARTESIAN_POINT ( 'NONE',  ( 7.774999999999999467, 4.049999999999999822, 1.675000000000000266 ) ) ;
#4241 = DIRECTION ( 'NONE',  ( 0.000000000000000000, 0.000000000000000000, 1.000000000000000000 ) ) ;
#4242 = ORIENTED_EDGE ( 'NONE', *, *, #1063, .F. ) ;
#4243 = CLOSED_SHELL ( 'NONE', ( #2972, #5317, #5892, #4730, #3860, #2788, #2944, #3352 ) ) ;
#4244 = DIRECTION ( 'NONE',  ( -0.000000000000000000, 0.000000000000000000, 1.000000000000000000 ) ) ;
#4245 = FACE_OUTER_BOUND ( 'NONE', #2471, .T. ) ;
#4246 = DIRECTION ( 'NONE',  ( -1.000000000000000000, 0.000000000000000000, -0.000000000000000000 ) ) ;
#4247 = FACE_OUTER_BOUND ( 'NONE', #227, .T. ) ;
#4248 = ADVANCED_FACE ( 'NONE', ( #2362 ), #4307, .F. ) ;
#4249 = ORIENTED_EDGE ( 'NONE', *, *, #444, .T. ) ;
#4250 = PRESENTATION_LAYER_ASSIGNMENT (  '', '', ( #4153 ) ) ;
#4251 = ORIENTED_EDGE ( 'NONE', *, *, #4548, .F. ) ;
#4252 = EDGE_CURVE ( 'NONE', #53, #5031, #3219, .T. ) ;
#4253 = VECTOR ( 'NONE', #6214, 1000.000000000000227 ) ;
#4255 = LINE ( 'NONE', #2859, #2268 ) ;
#4254 = CARTESIAN_POINT ( 'NONE',  ( 5.524999999999997691, 0.3000000000000009881, -1.625000000000000888 ) ) ;
#4256 = CARTESIAN_POINT ( 'NONE',  ( 6.531793621149187601, 6.140988867593913192E-18, -0.02500000000000096242 ) ) ;
#4257 = LINE ( 'NONE', #1366, #3797 ) ;
#4258 = EDGE_CURVE ( 'NONE', #315, #5615, #2244, .T. ) ;
#4259 = EDGE_CURVE ( 'NONE', #3873, #3170, #3375, .T. ) ;
#4260 = DIRECTION ( 'NONE',  ( -1.000000000000000000, -0.000000000000000000, -0.000000000000000000 ) ) ;
#4261 = ORIENTED_EDGE ( 'NONE', *, *, #437, .T. ) ;
#4262 = VERTEX_POINT ( 'NONE', #1984 ) ;
#4263 = VECTOR ( 'NONE', #4180, 1000.000000000000000 ) ;
#4264 = VERTEX_POINT ( 'NONE', #4467 ) ;
#4265 = ORIENTED_EDGE ( 'NONE', *, *, #1734, .F. ) ;
#4266 = LINE ( 'NONE', #2296, #2567 ) ;
#4267 = PLANE ( 'NONE',  #2840 ) ;
#4268 = LINE ( 'NONE', #4207, #4723 ) ;
#4269 = EDGE_CURVE ( 'NONE', #6017, #1199, #1953, .T. ) ;
#4270 = VECTOR ( 'NONE', #4528, 1000.000000000000000 ) ;
#4271 = ORIENTED_EDGE ( 'NONE', *, *, #5322, .T. ) ;
#4272 = DIRECTION ( 'NONE',  ( -0.000000000000000000, 0.7071067811865474617, 0.7071067811865474617 ) ) ;
#4273 = PLANE ( 'NONE',  #4055 ) ;
#4274 = DIRECTION ( 'NONE',  ( 3.336006684570783101E-16, 1.000000000000000000, -0.000000000000000000 ) ) ;
#4275 = LINE ( 'NONE', #393, #6154 ) ;
#4276 = LINE ( 'NONE', #4303, #2020 ) ;
#4277 = CARTESIAN_POINT ( 'NONE',  ( 7.774999999999999467, 2.349999999999999645, 0.6750000000000002665 ) ) ;
#4278 = EDGE_CURVE ( 'NONE', #1910, #1331, #996, .T. ) ;
#4279 = CARTESIAN_POINT ( 'NONE',  ( 4.124999999999999112, 4.049999999999999822, 0.2749999999999994671 ) ) ;
#4280 = DIRECTION ( 'NONE',  ( 0.000000000000000000, 3.336006684570783101E-16, -1.000000000000000000 ) ) ;
#4281 = ADVANCED_FACE ( 'NONE', ( #2997 ), #4435, .T. ) ;
#4282 = DIRECTION ( 'NONE',  ( 0.7071067811865475727, -0.7071067811865475727, 0.000000000000000000 ) ) ;
#4283 =( GEOMETRIC_REPRESENTATION_CONTEXT ( 3 ) GLOBAL_UNCERTAINTY_ASSIGNED_CONTEXT ( ( #3211 ) ) GLOBAL_UNIT_ASSIGNED_CONTEXT ( ( #457, #5831, #1795 ) ) REPRESENTATION_CONTEXT ( 'NONE', 'WORKASPACE' ) );
#4284 = ORIENTED_EDGE ( 'NONE', *, *, #2000, .T. ) ;
#4285 = ORIENTED_EDGE ( 'NONE', *, *, #4025, .F. ) ;
#4286 = VECTOR ( 'NONE', #5003, 1000.000000000000000 ) ;
#4287 = EDGE_CURVE ( 'NONE', #4978, #1643, #2933, .T. ) ;
#4289 = CARTESIAN_POINT ( 'NONE',  ( 3.624999999999999556, 0.7428932188134522718, 0.8749999999999996669 ) ) ;
#4288 = CARTESIAN_POINT ( 'NONE',  ( 2.725000000000000089, 4.049999999999999822, 2.475000000000000089 ) ) ;
#4290 = CARTESIAN_POINT ( 'NONE',  ( 5.724999999999997868, 1.199999999999999734, 0.1750000000000000722 ) ) ;
#4291 = CARTESIAN_POINT ( 'NONE',  ( 5.724999999999997868, 0.3000000000000009881, -1.625000000000000888 ) ) ;
#4292 = EDGE_CURVE ( 'NONE', #1868, #1719, #3508, .T. ) ;
#4293 = DIRECTION ( 'NONE',  ( 1.000000000000000000, 0.000000000000000000, 0.000000000000000000 ) ) ;
#4294 = EDGE_CURVE ( 'NONE', #2902, #3728, #3411, .T. ) ;
#4295 = ORIENTED_EDGE ( 'NONE', *, *, #2000, .F. ) ;
#4296 = ORIENTED_EDGE ( 'NONE', *, *, #5368, .T. ) ;
#4297 = ORIENTED_EDGE ( 'NONE', *, *, #6270, .T. ) ;
#4298 = ADVANCED_FACE ( 'NONE', ( #3952 ), #1025, .T. ) ;
#4299 = EDGE_LOOP ( 'NONE', ( #5490, #2405, #5818, #3356, #4888, #5927 ) ) ;
#4300 = CARTESIAN_POINT ( 'NONE',  ( 3.791666666666666075, 4.116666666666667140, 0.5416666666666666297 ) ) ;
#4301 = CARTESIAN_POINT ( 'NONE',  ( 3.624999999999999556, 3.950000000000000178, 0.8749999999999996669 ) ) ;
#4302 = CARTESIAN_POINT ( 'NONE',  ( 4.624999999999998224, 3.950000000000000178, 0.1750000000000000999 ) ) ;
#4303 = CARTESIAN_POINT ( 'NONE',  ( 6.875000000000000888, 0.2499999999999999445, -0.3340169943749460302 ) ) ;
#4304 = VECTOR ( 'NONE', #6023, 1000.000000000000000 ) ;
#4305 = ORIENTED_EDGE ( 'NONE', *, *, #2421, .F. ) ;
#4306 = DIRECTION ( 'NONE',  ( 1.000000000000000000, 0.000000000000000000, 0.000000000000000000 ) ) ;
#4307 = PLANE ( 'NONE',  #1516 ) ;
#4308 = VECTOR ( 'NONE', #3276, 1000.000000000000000 ) ;
#4309 = EDGE_CURVE ( 'NONE', #4558, #4416, #2459, .T. ) ;
#4310 = DIRECTION ( 'NONE',  ( 1.000000000000000000, 0.000000000000000000, 0.000000000000000000 ) ) ;
#4311 = AXIS2_PLACEMENT_3D ( 'NONE', #466, #3228, #1797 ) ;
#4312 = FACE_OUTER_BOUND ( 'NONE', #3200, .T. ) ;
#4313 = AXIS2_PLACEMENT_3D ( 'NONE', #5614, #5106, #137 ) ;
#4314 = CARTESIAN_POINT ( 'NONE',  ( 4.474999999999996980, 0.3000000000000008771, -1.374999999999999778 ) ) ;
#4315 = DIRECTION ( 'NONE',  ( -1.000000000000000000, 0.000000000000000000, 0.000000000000000000 ) ) ;
#4316 = PLANE ( 'NONE',  #2278 ) ;
#4317 = ORIENTED_EDGE ( 'NONE', *, *, #2698, .F. ) ;
#4318 = ORIENTED_EDGE ( 'NONE', *, *, #6266, .F. ) ;
#4319 = ORIENTED_EDGE ( 'NONE', *, *, #2121, .F. ) ;
#4321 = DIRECTION ( 'NONE',  ( -1.000000000000000000, -0.000000000000000000, -0.000000000000000000 ) ) ;
#4320 = DIRECTION ( 'NONE',  ( 1.000000000000000000, 0.000000000000000000, -0.000000000000000000 ) ) ;
#4322 = DIRECTION ( 'NONE',  ( -0.000000000000000000, -0.000000000000000000, -1.000000000000000000 ) ) ;
#4323 = VECTOR ( 'NONE', #1221, 999.9999999999998863 ) ;
#4324 = DIRECTION ( 'NONE',  ( 1.000000000000000000, 0.000000000000000000, 0.000000000000000000 ) ) ;
#4325 = LINE ( 'NONE', #3748, #4933 ) ;
#4326 = EDGE_LOOP ( 'NONE', ( #252, #2213, #696, #5162, #361, #213, #739, #285 ) ) ;
#4327 = ORIENTED_EDGE ( 'NONE', *, *, #4015, .F. ) ;
#4328 = ORIENTED_EDGE ( 'NONE', *, *, #4542, .T. ) ;
#4329 = VERTEX_POINT ( 'NONE', #3885 ) ;
#4330 = AXIS2_PLACEMENT_3D ( 'NONE', #2408, #3764, #877 ) ;
#4331 = AXIS2_PLACEMENT_3D ( 'NONE', #6069, #3133, #5509 ) ;
#4332 = CARTESIAN_POINT ( 'NONE',  ( 3.125000000000000000, 3.950000000000000178, -1.174999999999999822 ) ) ;
#4333 = DIRECTION ( 'NONE',  ( -0.000000000000000000, 1.000000000000000000, -0.000000000000000000 ) ) ;
#4334 = VECTOR ( 'NONE', #4617, 1000.000000000000000 ) ;
#4335 = DIRECTION ( 'NONE',  ( 0.000000000000000000, 0.000000000000000000, 1.000000000000000000 ) ) ;
#4336 = ORIENTED_EDGE ( 'NONE', *, *, #1739, .F. ) ;
#4337 = VERTEX_POINT ( 'NONE', #3446 ) ;
#4338 = EDGE_CURVE ( 'NONE', #4329, #3055, #6274, .T. ) ;
#4339 = ORIENTED_EDGE ( 'NONE', *, *, #2666, .T. ) ;
#4340 = FACE_OUTER_BOUND ( 'NONE', #1689, .T. ) ;
#4341 = CARTESIAN_POINT ( 'NONE',  ( 7.875000000000000000, 0.5999999999999999778, 1.825000000000000622 ) ) ;
#4342 = LINE ( 'NONE', #3791, #3278 ) ;
#4343 = PLANE ( 'NONE',  #5943 ) ;
#4344 = ORIENTED_EDGE ( 'NONE', *, *, #5166, .F. ) ;
#4345 = APPLICATION_CONTEXT ( 'automotive_design' ) ;
#4346 = LINE ( 'NONE', #1355, #1616 ) ;
#4347 = CARTESIAN_POINT ( 'NONE',  ( 6.452032961426903412, 2.250000000000000000, 0.6750000000000004885 ) ) ;
#4348 = CARTESIAN_POINT ( 'NONE',  ( 5.375000000000001776, 2.250000000000000000, 1.075000000000000400 ) ) ;
#4349 = PLANE ( 'NONE',  #41 ) ;
#4350 = EDGE_CURVE ( 'NONE', #4005, #2293, #1919, .T. ) ;
#4351 = ORIENTED_EDGE ( 'NONE', *, *, #1448, .F. ) ;
#4352 = VERTEX_POINT ( 'NONE', #2430 ) ;
#4353 = ORIENTED_EDGE ( 'NONE', *, *, #2750, .F. ) ;
#4355 = CARTESIAN_POINT ( 'NONE',  ( 5.724999999999997868, 0.1500000000000038247, -1.816421356237309048 ) ) ;
#4354 = FACE_OUTER_BOUND ( 'NONE', #37, .T. ) ;
#4356 = CARTESIAN_POINT ( 'NONE',  ( 4.274999999999997691, 0.1792893218813484679, -1.745710678118654657 ) ) ;
#4357 = CARTESIAN_POINT ( 'NONE',  ( 7.781793621149187601, 3.449999999999999289, 0.3749999999999999445 ) ) ;
#4358 = DIRECTION ( 'NONE',  ( 0.000000000000000000, 0.000000000000000000, -1.000000000000000000 ) ) ;
#4359 = ORIENTED_EDGE ( 'NONE', *, *, #2600, .T. ) ;
#4360 = ORIENTED_EDGE ( 'NONE', *, *, #5237, .F. ) ;
#4361 = VERTEX_POINT ( 'NONE', #77 ) ;
#4362 = VECTOR ( 'NONE', #3071, 1000.000000000000000 ) ;
#4363 = DIRECTION ( 'NONE',  ( -0.000000000000000000, -0.7071067811865431318, -0.7071067811865517916 ) ) ;
#4364 = CARTESIAN_POINT ( 'NONE',  ( 5.524999999999997691, 0.4999999999999998890, -0.8249999999999997335 ) ) ;
#4365 = DIRECTION ( 'NONE',  ( 0.000000000000000000, 0.000000000000000000, -1.000000000000000000 ) ) ;
#4366 = VECTOR ( 'NONE', #660, 1000.000000000000000 ) ;
#4367 = ADVANCED_FACE ( 'NONE', ( #1056 ), #2016, .F. ) ;
#4368 = ORIENTED_EDGE ( 'NONE', *, *, #1818, .F. ) ;
#4369 = EDGE_LOOP ( 'NONE', ( #2384, #6255, #2958, #4957 ) ) ;
#4370 = VERTEX_POINT ( 'NONE', #1536 ) ;
#4371 = EDGE_CURVE ( 'NONE', #5078, #4658, #5333, .T. ) ;
#4372 = CARTESIAN_POINT ( 'NONE',  ( 7.375000000000000888, 0.000000000000000000, 0.000000000000000000 ) ) ;
#4373 = DIRECTION ( 'NONE',  ( 3.336006684570783101E-16, 1.000000000000000000, -0.000000000000000000 ) ) ;
#4374 = FILL_AREA_STYLE ('',( #5184 ) ) ;
#4375 = DIRECTION ( 'NONE',  ( 1.000000000000000000, 0.000000000000000000, -1.807003620809174632E-16 ) ) ;
#4376 = AXIS2_PLACEMENT_3D ( 'NONE', #3884, #1441, #5239 ) ;
#4377 = CARTESIAN_POINT ( 'NONE',  ( 7.781793621149187601, 1.016439536705160869E-17, 0.3750000000000000555 ) ) ;
#4378 = ADVANCED_FACE ( 'NONE', ( #2905 ), #2527, .F. ) ;
#4379 = ADVANCED_FACE ( 'NONE', ( #2051 ), #3985, .F. ) ;
#4380 = ORIENTED_EDGE ( 'NONE', *, *, #1281, .T. ) ;
#4381 = EDGE_CURVE ( 'NONE', #374, #5043, #2400, .T. ) ;
#4382 = EDGE_CURVE ( 'NONE', #2818, #4370, #5111, .T. ) ;
#4383 = DIRECTION ( 'NONE',  ( 0.000000000000000000, 0.000000000000000000, -1.000000000000000000 ) ) ;
#4384 = DIRECTION ( 'NONE',  ( 0.000000000000000000, -3.336006684570783101E-16, 1.000000000000000000 ) ) ;
#4385 = LINE ( 'NONE', #4348, #1990 ) ;
#4386 = LINE ( 'NONE', #3930, #6186 ) ;
#4387 = ORIENTED_EDGE ( 'NONE', *, *, #3159, .T. ) ;
#4388 = EDGE_CURVE ( 'NONE', #6037, #3593, #5012, .T. ) ;
#4390 = CARTESIAN_POINT ( 'NONE',  ( 7.375000000000000888, 1.899999999999999689, 2.475000000000000533 ) ) ;
#4389 = DIRECTION ( 'NONE',  ( 0.000000000000000000, -0.7071067811865472397, -0.7071067811865479058 ) ) ;
#4391 = DIRECTION ( 'NONE',  ( 0.5773502691896266192, 0.5773502691896266192, -0.5773502691896240657 ) ) ;
#4392 = COLOUR_RGB ( '',0.7960784313725489669, 0.8235294117647058432, 0.9372549019607843146 ) ;
#4393 = EDGE_CURVE ( 'NONE', #6059, #415, #3150, .T. ) ;
#4394 = VERTEX_POINT ( 'NONE', #5494 ) ;
#4395 = ORIENTED_EDGE ( 'NONE', *, *, #75, .F. ) ;
#4396 = DIRECTION ( 'NONE',  ( -1.000000000000000000, 0.000000000000000000, 0.000000000000000000 ) ) ;
#4397 = CARTESIAN_POINT ( 'NONE',  ( 2.125000000000000000, 4.049999999999999822, 1.675000000000000266 ) ) ;
#4398 = DIRECTION ( 'NONE',  ( 0.000000000000000000, 0.000000000000000000, -1.000000000000000000 ) ) ;
#4399 = VECTOR ( 'NONE', #5104, 1000.000000000000000 ) ;
#4400 = VERTEX_POINT ( 'NONE', #5585 ) ;
#4401 = VERTEX_POINT ( 'NONE', #2558 ) ;
#4402 = CARTESIAN_POINT ( 'NONE',  ( 3.999999999999999112, 0.000000000000000000, 2.075000000000000622 ) ) ;
#4403 = CARTESIAN_POINT ( 'NONE',  ( 2.125000000000000000, 3.950000000000000178, 0.1750000000000002387 ) ) ;
#4404 = CARTESIAN_POINT ( 'NONE',  ( 2.625000000000000444, 2.899999999999999911, -0.3249999999999997891 ) ) ;
#4405 = FACE_OUTER_BOUND ( 'NONE', #5549, .T. ) ;
#4406 = VECTOR ( 'NONE', #5655, 1000.000000000000000 ) ;
#4407 = VECTOR ( 'NONE', #597, 1000.000000000000000 ) ;
#4408 = VECTOR ( 'NONE', #3658, 1000.000000000000000 ) ;
#4409 = CARTESIAN_POINT ( 'NONE',  ( 2.624999999999999556, -0.1499999999999963862, 2.324999999999999734 ) ) ;
#4410 = AXIS2_PLACEMENT_3D ( 'NONE', #861, #329, #388 ) ;
#4411 = CARTESIAN_POINT ( 'NONE',  ( 10.00000000000000000, 4.049999999999999822, 0.9749999999999963141 ) ) ;
#4412 = DIRECTION ( 'NONE',  ( 1.000000000000000000, -0.000000000000000000, -0.000000000000000000 ) ) ;
#4413 = VECTOR ( 'NONE', #5481, 1000.000000000000000 ) ;
#4414 = CARTESIAN_POINT ( 'NONE',  ( 5.724999999999997868, 0.09999999999999999167, -0.8250000000000010658 ) ) ;
#4415 = ORIENTED_EDGE ( 'NONE', *, *, #3674, .F. ) ;
#4416 = VERTEX_POINT ( 'NONE', #4628 ) ;
#4417 = EDGE_CURVE ( 'NONE', #3084, #5982, #1658, .T. ) ;
#4418 = CIRCLE ( 'NONE', #4313, 0.05000000000000012768 ) ;
#4420 = DIRECTION ( 'NONE',  ( 1.000000000000000000, -0.000000000000000000, -0.000000000000000000 ) ) ;
#4419 = PLANE ( 'NONE',  #1174 ) ;
#4421 = FACE_OUTER_BOUND ( 'NONE', #5199, .T. ) ;
#4422 =( NAMED_UNIT ( * ) SI_UNIT ( $, .STERADIAN. ) SOLID_ANGLE_UNIT ( ) );
#4423 = ORIENTED_EDGE ( 'NONE', *, *, #4548, .T. ) ;
#4424 = ORIENTED_EDGE ( 'NONE', *, *, #5010, .T. ) ;
#4425 = CARTESIAN_POINT ( 'NONE',  ( 5.524999999999998579, 1.449999999999999956, -0.7749999999999999112 ) ) ;
#4426 = LINE ( 'NONE', #5890, #3849 ) ;
#4427 = FACE_OUTER_BOUND ( 'NONE', #4591, .T. ) ;
#4428 = ORIENTED_EDGE ( 'NONE', *, *, #983, .T. ) ;
#4429 = EDGE_LOOP ( 'NONE', ( #1116, #6264, #3272, #3604, #3741, #1811 ) ) ;
#4430 = AXIS2_PLACEMENT_3D ( 'NONE', #5602, #2760, #1165 ) ;
#4431 = AXIS2_PLACEMENT_3D ( 'NONE', #6190, #1796, #1358 ) ;
#4432 = VERTEX_POINT ( 'NONE', #680 ) ;
#4433 = ORIENTED_EDGE ( 'NONE', *, *, #1470, .F. ) ;
#4434 = CARTESIAN_POINT ( 'NONE',  ( 5.374999999999999112, 2.575000000000000178, -1.200000000000000622 ) ) ;
#4435 = PLANE ( 'NONE',  #5091 ) ;
#4436 = VECTOR ( 'NONE', #899, 1000.000000000000000 ) ;
#4437 = DIRECTION ( 'NONE',  ( 0.000000000000000000, 0.000000000000000000, 1.000000000000000000 ) ) ;
#4438 = CARTESIAN_POINT ( 'NONE',  ( 2.125000000000000000, 4.049999999999999822, 0.6750000000000002665 ) ) ;
#4439 = ORIENTED_EDGE ( 'NONE', *, *, #2500, .F. ) ;
#4440 = DIRECTION ( 'NONE',  ( -1.000000000000000000, -0.000000000000000000, -0.000000000000000000 ) ) ;
#4441 = CARTESIAN_POINT ( 'NONE',  ( 2.725000000000000089, 0.2500000000000002220, 2.475000000000000089 ) ) ;
#4442 = CARTESIAN_POINT ( 'NONE',  ( 7.774999999999999467, 4.049999999999999822, 0.6750000000000002665 ) ) ;
#4443 = CARTESIAN_POINT ( 'NONE',  ( 3.624999999999999556, 1.449999999999999956, 0.8749999999999996669 ) ) ;
#4444 = ORIENTED_EDGE ( 'NONE', *, *, #4586, .T. ) ;
#4445 = EDGE_CURVE ( 'NONE', #1048, #4583, #2591, .T. ) ;
#4447 = LINE ( 'NONE', #2477, #5181 ) ;
#4446 = DIRECTION ( 'NONE',  ( -1.000000000000000000, -0.000000000000000000, -0.000000000000000000 ) ) ;
#4448 = PLANE ( 'NONE',  #6254 ) ;
#4449 = EDGE_CURVE ( 'NONE', #3835, #4638, #744, .T. ) ;
#4450 = SURFACE_STYLE_FILL_AREA ( #1877 ) ;
#4451 = ADVANCED_FACE ( 'NONE', ( #170 ), #645, .T. ) ;
#4452 = ORIENTED_EDGE ( 'NONE', *, *, #4959, .T. ) ;
#4453 = ORIENTED_EDGE ( 'NONE', *, *, #1801, .F. ) ;
#4454 = CARTESIAN_POINT ( 'NONE',  ( 5.524999999999997691, -0.04999999999999636680, -2.375000000000000000 ) ) ;
#4455 = EDGE_CURVE ( 'NONE', #4168, #4938, #4017, .T. ) ;
#4456 = EDGE_CURVE ( 'NONE', #2953, #4262, #2686, .T. ) ;
#4457 = DIRECTION ( 'NONE',  ( 0.000000000000000000, 0.000000000000000000, 1.000000000000000000 ) ) ;
#4458 = PLANE ( 'NONE',  #40 ) ;
#4459 = ORIENTED_EDGE ( 'NONE', *, *, #618, .T. ) ;
#4460 = VERTEX_POINT ( 'NONE', #4987 ) ;
#4461 = EDGE_LOOP ( 'NONE', ( #3405, #2087, #1110, #3186 ) ) ;
#4462 = ORIENTED_EDGE ( 'NONE', *, *, #5525, .F. ) ;
#4463 = ORIENTED_EDGE ( 'NONE', *, *, #2118, .T. ) ;
#4464 = VECTOR ( 'NONE', #4935, 1000.000000000000000 ) ;
#4465 = CARTESIAN_POINT ( 'NONE',  ( 4.274999999999997691, -0.04999999999999568678, -2.474999999999999645 ) ) ;
#4466 = VECTOR ( 'NONE', #2927, 1000.000000000000000 ) ;
#4467 = CARTESIAN_POINT ( 'NONE',  ( 7.875000000000000000, 4.049999999999999822, 0.6750000000000002665 ) ) ;
#4468 = CIRCLE ( 'NONE', #1926, 0.05000000000000012768 ) ;
#4469 =( NAMED_UNIT ( * ) PLANE_ANGLE_UNIT ( ) SI_UNIT ( $, .RADIAN. ) );
#4470 = EDGE_CURVE ( 'NONE', #4708, #3138, #1250, .T. ) ;
#4471 = LINE ( 'NONE', #105, #1966 ) ;
#4472 = DIRECTION ( 'NONE',  ( -0.000000000000000000, 0.000000000000000000, 1.000000000000000000 ) ) ;
#4473 = VECTOR ( 'NONE', #4373, 1000.000000000000000 ) ;
#4474 = VERTEX_POINT ( 'NONE', #4503 ) ;
#4475 = VERTEX_POINT ( 'NONE', #6054 ) ;
#4476 = LINE ( 'NONE', #4992, #2431 ) ;
#4477 = PLANE ( 'NONE',  #4124 ) ;
#4478 = CARTESIAN_POINT ( 'NONE',  ( 2.625000000000000444, 2.899999999999999911, 0.1750000000000002387 ) ) ;
#4479 = VECTOR ( 'NONE', #2932, 1000.000000000000000 ) ;
#4480 = VERTEX_POINT ( 'NONE', #5558 ) ;
#4481 = EDGE_CURVE ( 'NONE', #4337, #964, #4046, .T. ) ;
#4483 = CARTESIAN_POINT ( 'NONE',  ( 5.724999999999997868, 0.09999999999999999167, -0.8250000000000010658 ) ) ;
#4482 = LINE ( 'NONE', #3997, #1481 ) ;
#4484 = EDGE_CURVE ( 'NONE', #3299, #3995, #2107, .T. ) ;
#4485 = CARTESIAN_POINT ( 'NONE',  ( 2.624999999999999556, 0.000000000000000000, 0.2250000000000008105 ) ) ;
#4486 = SURFACE_SIDE_STYLE ('',( #4450 ) ) ;
#4487 = EDGE_CURVE ( 'NONE', #3561, #256, #1597, .T. ) ;
#4488 = EDGE_LOOP ( 'NONE', ( #2925, #3074, #1209, #1042, #2725, #13 ) ) ;
#4489 = ORIENTED_EDGE ( 'NONE', *, *, #2506, .F. ) ;
#4490 = ORIENTED_EDGE ( 'NONE', *, *, #31, .F. ) ;
#4491 = LINE ( 'NONE', #2040, #3306 ) ;
#4492 = AXIS2_PLACEMENT_3D ( 'NONE', #5470, #2078, #2998 ) ;
#4493 = PLANE ( 'NONE',  #6019 ) ;
#4494 = DIRECTION ( 'NONE',  ( -0.000000000000000000, 0.000000000000000000, 1.000000000000000000 ) ) ;
#4495 = EDGE_CURVE ( 'NONE', #677, #1915, #5050, .T. ) ;
#4496 = EDGE_LOOP ( 'NONE', ( #3342, #2291, #2918, #292 ) ) ;
#4497 = ORIENTED_EDGE ( 'NONE', *, *, #3718, .T. ) ;
#4498 = VERTEX_POINT ( 'NONE', #3564 ) ;
#4499 = EDGE_CURVE ( 'NONE', #3865, #4525, #3118, .T. ) ;
#4500 = EDGE_LOOP ( 'NONE', ( #1021, #1950, #2004, #1700 ) ) ;
#4501 = ORIENTED_EDGE ( 'NONE', *, *, #168, .F. ) ;
#4502 = LINE ( 'NONE', #644, #5606 ) ;
#4503 = CARTESIAN_POINT ( 'NONE',  ( 7.875000000000000000, 3.399999999999999911, -1.174999999999999822 ) ) ;
#4504 =( NAMED_UNIT ( * ) SI_UNIT ( $, .STERADIAN. ) SOLID_ANGLE_UNIT ( ) );
#4505 = DIRECTION ( 'NONE',  ( 0.000000000000000000, 0.000000000000000000, -1.000000000000000000 ) ) ;
#4506 = CARTESIAN_POINT ( 'NONE',  ( 4.274999999999999467, 1.199999999999999734, 0.3750000000000000000 ) ) ;
#4507 = VERTEX_POINT ( 'NONE', #4594 ) ;
#4508 = CARTESIAN_POINT ( 'NONE',  ( -6.875000000000000000, 1.449999999999999956, 0.3750000000000001110 ) ) ;
#4509 = EDGE_CURVE ( 'NONE', #3873, #1447, #3539, .T. ) ;
#4510 = LINE ( 'NONE', #4411, #163 ) ;
#4511 = CARTESIAN_POINT ( 'NONE',  ( 7.174999999999999822, 3.149999999999999911, 2.375000000000000444 ) ) ;
#4512 = ORIENTED_EDGE ( 'NONE', *, *, #1928, .T. ) ;
#4513 = ORIENTED_EDGE ( 'NONE', *, *, #1539, .F. ) ;
#4514 = VECTOR ( 'NONE', #4274, 1000.000000000000000 ) ;
#4516 = LINE ( 'NONE', #5479, #3845 ) ;
#4515 = DIRECTION ( 'NONE',  ( 0.000000000000000000, 9.054517642116248640E-16, 1.000000000000000000 ) ) ;
#4517 = DIRECTION ( 'NONE',  ( 0.000000000000000000, 0.000000000000000000, 1.000000000000000000 ) ) ;
#4518 = VECTOR ( 'NONE', #854, 1000.000000000000000 ) ;
#4519 = VECTOR ( 'NONE', #855, 1000.000000000000000 ) ;
#4520 = ORIENTED_EDGE ( 'NONE', *, *, #3454, .F. ) ;
#4521 = ORIENTED_EDGE ( 'NONE', *, *, #775, .F. ) ;
#4522 = CARTESIAN_POINT ( 'NONE',  ( 5.724999999999997868, 0.09999999999999999167, -0.8250000000000010658 ) ) ;
#4523 = DIRECTION ( 'NONE',  ( 0.000000000000000000, 0.000000000000000000, -1.000000000000000000 ) ) ;
#4524 = DIRECTION ( 'NONE',  ( 0.000000000000000000, 4.336808689941999494E-16, -1.000000000000000000 ) ) ;
#4525 = VERTEX_POINT ( 'NONE', #1150 ) ;
#4526 = ORIENTED_EDGE ( 'NONE', *, *, #989, .T. ) ;
#4527 = ORIENTED_EDGE ( 'NONE', *, *, #4542, .F. ) ;
#4528 = DIRECTION ( 'NONE',  ( 0.000000000000000000, 1.000000000000000000, 0.000000000000000000 ) ) ;
#4529 = DIRECTION ( 'NONE',  ( 0.4472135954999579277, -0.8944271909999158554, -0.000000000000000000 ) ) ;
#4530 = SHAPE_REPRESENTATION ( 'BM02B-GHS-TBT', ( #357, #852 ), #3393 ) ;
#4531 = FACE_OUTER_BOUND ( 'NONE', #1109, .T. ) ;
#4532 = AXIS2_PLACEMENT_3D ( 'NONE', #2445, #978, #4320 ) ;
#4533 = VECTOR ( 'NONE', #2222, 1000.000000000000000 ) ;
#4534 = EDGE_CURVE ( 'NONE', #4401, #542, #3636, .T. ) ;
#4535 = VERTEX_POINT ( 'NONE', #3901 ) ;
#4536 = EDGE_CURVE ( 'NONE', #6059, #3561, #881, .T. ) ;
#4537 = ORIENTED_EDGE ( 'NONE', *, *, #4470, .F. ) ;
#4538 = VECTOR ( 'NONE', #3960, 1000.000000000000114 ) ;
#4539 = VECTOR ( 'NONE', #12, 1000.000000000000000 ) ;
#4540 = CYLINDRICAL_SURFACE ( 'NONE', #807, 0.09999999999999982514 ) ;
#4541 = LINE ( 'NONE', #3643, #5637 ) ;
#4542 = EDGE_CURVE ( 'NONE', #5001, #5638, #3838, .T. ) ;
#4543 = CARTESIAN_POINT ( 'NONE',  ( 2.225000000000000533, 2.349999999999999645, 0.6750000000000002665 ) ) ;
#4544 = LINE ( 'NONE', #5570, #2333 ) ;
#4546 = SURFACE_SIDE_STYLE ('',( #5979 ) ) ;
#4545 = CARTESIAN_POINT ( 'NONE',  ( 5.524999999999997691, 0.1500000000000032419, -2.474999999999999645 ) ) ;
#4547 = DIRECTION ( 'NONE',  ( -1.000000000000000000, -0.000000000000000000, 0.000000000000000000 ) ) ;
#4548 = EDGE_CURVE ( 'NONE', #4951, #224, #4834, .T. ) ;
#4549 = CARTESIAN_POINT ( 'NONE',  ( 6.000000000000000888, 0.000000000000000000, 0.6750000000000004885 ) ) ;
#4550 = VERTEX_POINT ( 'NONE', #6258 ) ;
#4551 = ORIENTED_EDGE ( 'NONE', *, *, #5254, .T. ) ;
#4552 = ORIENTED_EDGE ( 'NONE', *, *, #3520, .F. ) ;
#4553 = ORIENTED_EDGE ( 'NONE', *, *, #1622, .F. ) ;
#4554 = DIRECTION ( 'NONE',  ( 0.000000000000000000, 0.000000000000000000, 1.000000000000000000 ) ) ;
#4555 = DIRECTION ( 'NONE',  ( 0.000000000000000000, -1.000000000000000000, 0.000000000000000000 ) ) ;
#4556 = LINE ( 'NONE', #2069, #2984 ) ;
#4557 = ORIENTED_EDGE ( 'NONE', *, *, #1921, .F. ) ;
#4558 = VERTEX_POINT ( 'NONE', #912 ) ;
#4559 = ORIENTED_EDGE ( 'NONE', *, *, #758, .F. ) ;
#4560 = CARTESIAN_POINT ( 'NONE',  ( 7.875000000000000000, 4.049999999999999822, 0.1750000000000002387 ) ) ;
#4561 = CARTESIAN_POINT ( 'NONE',  ( 3.624999999999999556, 0.7428932188134522718, 0.8749999999999996669 ) ) ;
#4562 = DIRECTION ( 'NONE',  ( 1.000000000000000000, 0.000000000000000000, 0.000000000000000000 ) ) ;
#4563 = EDGE_CURVE ( 'NONE', #5337, #2792, #472, .T. ) ;
#4564 = LINE ( 'NONE', #4114, #4304 ) ;
#4565 = ORIENTED_EDGE ( 'NONE', *, *, #4066, .F. ) ;
#4566 = EDGE_CURVE ( 'NONE', #2516, #1362, #1425, .T. ) ;
#4567 = VECTOR ( 'NONE', #5120, 1000.000000000000000 ) ;
#4568 = FACE_OUTER_BOUND ( 'NONE', #3242, .T. ) ;
#4569 = LINE ( 'NONE', #5566, #6027 ) ;
#4570 = ADVANCED_FACE ( 'NONE', ( #4354 ), #1967, .T. ) ;
#4571 = LINE ( 'NONE', #6064, #3618 ) ;
#4572 = ADVANCED_FACE ( 'NONE', ( #3770 ), #2347, .F. ) ;
#4573 = VECTOR ( 'NONE', #5058, 1000.000000000000000 ) ;
#4574 = ORIENTED_EDGE ( 'NONE', *, *, #2194, .F. ) ;
#4575 = ADVANCED_FACE ( 'NONE', ( #3868 ), #2804, .F. ) ;
#4576 = EDGE_CURVE ( 'NONE', #5319, #2675, #1837, .T. ) ;
#4577 = DIRECTION ( 'NONE',  ( 0.000000000000000000, 0.000000000000000000, 1.000000000000000000 ) ) ;
#4578 = DIRECTION ( 'NONE',  ( 0.5773502691896257311, 0.5773502691896257311, 0.5773502691896257311 ) ) ;
#4579 = PLANE ( 'NONE',  #4331 ) ;
#4580 = VECTOR ( 'NONE', #3311, 1000.000000000000000 ) ;
#4581 = LINE ( 'NONE', #3073, #4927 ) ;
#4582 = VERTEX_POINT ( 'NONE', #3805 ) ;
#4583 = VERTEX_POINT ( 'NONE', #5842 ) ;
#4584 = EDGE_LOOP ( 'NONE', ( #30, #2483, #4140, #3222 ) ) ;
#4585 = ORIENTED_EDGE ( 'NONE', *, *, #1097, .F. ) ;
#4586 = EDGE_CURVE ( 'NONE', #3506, #6288, #5812, .T. ) ;
#4587 = LINE ( 'NONE', #5986, #1586 ) ;
#4588 = EDGE_CURVE ( 'NONE', #90, #5319, #850, .T. ) ;
#4589 = CARTESIAN_POINT ( 'NONE',  ( 2.125000000000000000, 1.899999999999999911, 1.825000000000000622 ) ) ;
#4590 = LINE ( 'NONE', #4008, #3898 ) ;
#4591 = EDGE_LOOP ( 'NONE', ( #4117, #5277, #5992, #1217 ) ) ;
#4592 = ORIENTED_EDGE ( 'NONE', *, *, #2772, .T. ) ;
#4593 = CARTESIAN_POINT ( 'NONE',  ( 2.624999999999999556, 0.2500000000000000000, 0.2250000000000008105 ) ) ;
#4594 = CARTESIAN_POINT ( 'NONE',  ( 7.375000000000000888, 0.5999999999999999778, 0.2250000000000008105 ) ) ;
#4595 = LINE ( 'NONE', #2264, #5714 ) ;
#4596 = LINE ( 'NONE', #4175, #5128 ) ;
#4597 = VECTOR ( 'NONE', #5431, 1000.000000000000000 ) ;
#4598 = PRODUCT ( 'BMxxB-GHS-TBT_02', 'BMxxB-GHS-TBT_02', '', ( #5060 ) ) ;
#4599 = ORIENTED_EDGE ( 'NONE', *, *, #2406, .F. ) ;
#4600 = VECTOR ( 'NONE', #2814, 1000.000000000000000 ) ;
#4601 = CARTESIAN_POINT ( 'NONE',  ( 4.274999999999998579, 1.449999999999999956, -1.224999999999999645 ) ) ;
#4602 = DIRECTION ( 'NONE',  ( 0.000000000000000000, -1.000000000000000000, -1.355252715606880789E-16 ) ) ;
#4603 = CARTESIAN_POINT ( 'NONE',  ( 5.375000000000001776, 0.000000000000000000, 0.000000000000000000 ) ) ;
#4604 = VECTOR ( 'NONE', #4523, 1000.000000000000000 ) ;
#4605 = ORIENTED_EDGE ( 'NONE', *, *, #5046, .F. ) ;
#4606 = CARTESIAN_POINT ( 'NONE',  ( 7.375000000000000000, 3.399999999999999911, 0.1750000000000001554 ) ) ;
#4608 = PRESENTATION_STYLE_ASSIGNMENT (( #2635 ) ) ;
#4607 = DIRECTION ( 'NONE',  ( -1.000000000000000000, 0.000000000000000000, 0.000000000000000000 ) ) ;
#4609 = PLANE ( 'NONE',  #3516 ) ;
#4610 = PLANE ( 'NONE',  #5336 ) ;
#4611 = VERTEX_POINT ( 'NONE', #5219 ) ;
#4612 = ADVANCED_FACE ( 'NONE', ( #4743 ), #2318, .F. ) ;
#4613 = ORIENTED_EDGE ( 'NONE', *, *, #322, .T. ) ;
#4614 = ORIENTED_EDGE ( 'NONE', *, *, #3402, .F. ) ;
#4615 = ORIENTED_EDGE ( 'NONE', *, *, #2514, .T. ) ;
#4616 = VECTOR ( 'NONE', #1873, 1000.000000000000000 ) ;
#4617 = DIRECTION ( 'NONE',  ( -1.000000000000000000, 0.000000000000000000, 0.000000000000000000 ) ) ;
#4618 = VECTOR ( 'NONE', #2332, 1000.000000000000000 ) ;
#4619 = CARTESIAN_POINT ( 'NONE',  ( -7.875000000000000000, 0.6499999999999999112, -1.574999999999999512 ) ) ;
#4620 = LINE ( 'NONE', #5519, #1465 ) ;
#4621 = LINE ( 'NONE', #262, #856 ) ;
#4622 = VECTOR ( 'NONE', #5098, 1000.000000000000114 ) ;
#4623 = UNCERTAINTY_MEASURE_WITH_UNIT (LENGTH_MEASURE( 1.000000000000000082E-05 ), #28, 'distance_accuracy_value', 'NONE');
#4624 = ORIENTED_EDGE ( 'NONE', *, *, #5619, .F. ) ;
#4625 = ORIENTED_EDGE ( 'NONE', *, *, #5514, .T. ) ;
#4626 = VECTOR ( 'NONE', #3177, 1000.000000000000000 ) ;
#4627 = DIRECTION ( 'NONE',  ( 0.000000000000000000, 0.000000000000000000, -1.000000000000000000 ) ) ;
#4628 = CARTESIAN_POINT ( 'NONE',  ( 4.474999999999999645, 3.950000000000000178, -1.174999999999999822 ) ) ;
#4629 = PLANE ( 'NONE',  #827 ) ;
#4630 = DIRECTION ( 'NONE',  ( 0.000000000000000000, -0.000000000000000000, 1.000000000000000000 ) ) ;
#4631 = ORIENTED_EDGE ( 'NONE', *, *, #215, .T. ) ;
#4632 = ORIENTED_EDGE ( 'NONE', *, *, #2603, .T. ) ;
#4633 = DIRECTION ( 'NONE',  ( 0.000000000000000000, 0.000000000000000000, 1.000000000000000000 ) ) ;
#4634 = VECTOR ( 'NONE', #4189, 1000.000000000000000 ) ;
#4635 = DIRECTION ( 'NONE',  ( 0.000000000000000000, -0.7071067811865381358, -0.7071067811865570096 ) ) ;
#4637 = DIRECTION ( 'NONE',  ( 0.000000000000000000, 0.000000000000000000, -1.000000000000000000 ) ) ;
#4636 =( NAMED_UNIT ( * ) PLANE_ANGLE_UNIT ( ) SI_UNIT ( $, .RADIAN. ) );
#4638 = VERTEX_POINT ( 'NONE', #938 ) ;
#4639 = VECTOR ( 'NONE', #1896, 1000.000000000000000 ) ;
#4640 = VECTOR ( 'NONE', #3197, 1000.000000000000000 ) ;
#4641 = CARTESIAN_POINT ( 'NONE',  ( 4.474999999999996980, 3.449999999999999289, 0.3749999999999999445 ) ) ;
#4642 = EDGE_CURVE ( 'NONE', #5982, #2104, #1457, .T. ) ;
#4643 = VECTOR ( 'NONE', #4006, 1000.000000000000000 ) ;
#4645 = LINE ( 'NONE', #662, #2742 ) ;
#4644 = CARTESIAN_POINT ( 'NONE',  ( -6.875000000000000000, 1.449999999999999956, 0.3750000000000001110 ) ) ;
#4646 = FACE_OUTER_BOUND ( 'NONE', #2128, .T. ) ;
#4647 = DIRECTION ( 'NONE',  ( 0.000000000000000000, 1.000000000000000000, 0.000000000000000000 ) ) ;
#4648 = VERTEX_POINT ( 'NONE', #2889 ) ;
#4649 = ORIENTED_EDGE ( 'NONE', *, *, #4536, .T. ) ;
#4650 = ORIENTED_EDGE ( 'NONE', *, *, #1539, .T. ) ;
#4651 = ADVANCED_FACE ( 'NONE', ( #3327 ), #5281, .F. ) ;
#4652 = DIRECTION ( 'NONE',  ( -0.000000000000000000, 1.000000000000000000, 5.251604272976699968E-15 ) ) ;
#4653 = ADVANCED_FACE ( 'NONE', ( #4804 ), #438, .F. ) ;
#4654 = DIRECTION ( 'NONE',  ( 0.000000000000000000, 0.000000000000000000, -1.000000000000000000 ) ) ;
#4655 = LINE ( 'NONE', #1778, #552 ) ;
#4656 = EDGE_CURVE ( 'NONE', #6082, #3145, #5449, .T. ) ;
#4657 = DIRECTION ( 'NONE',  ( -1.000000000000000000, 0.000000000000000000, -4.336808689942021680E-16 ) ) ;
#4658 = VERTEX_POINT ( 'NONE', #3070 ) ;
#4659 = ORIENTED_EDGE ( 'NONE', *, *, #5596, .F. ) ;
#4660 = ORIENTED_EDGE ( 'NONE', *, *, #2118, .F. ) ;
#4661 = EDGE_CURVE ( 'NONE', #2316, #702, #536, .T. ) ;
#4662 = EDGE_CURVE ( 'NONE', #4262, #218, #4031, .T. ) ;
#4663 = CARTESIAN_POINT ( 'NONE',  ( 4.274999999999998579, 1.449999999999999956, 0.3750000000000000000 ) ) ;
#4664 = LINE ( 'NONE', #297, #2960 ) ;
#4665 = CARTESIAN_POINT ( 'NONE',  ( 7.625000000000000000, 4.049999999999999822, 2.375000000000000444 ) ) ;
#4666 = ORIENTED_EDGE ( 'NONE', *, *, #2600, .F. ) ;
#4667 = EDGE_CURVE ( 'NONE', #2865, #2835, #1074, .T. ) ;
#4668 = DIRECTION ( 'NONE',  ( -1.000000000000000000, 0.000000000000000000, 0.000000000000000000 ) ) ;
#4669 = CARTESIAN_POINT ( 'NONE',  ( 2.725000000000000089, 4.049999999999999822, 0.000000000000000000 ) ) ;
#4671 = DIRECTION ( 'NONE',  ( 0.000000000000000000, -0.000000000000000000, 1.000000000000000000 ) ) ;
#4670 = APPLICATION_PROTOCOL_DEFINITION ( 'draft international standard', 'automotive_design', 1998, #5002 ) ;
#4672 = AXIS2_PLACEMENT_3D ( 'NONE', #26, #3015, #4835 ) ;
#4673 = DIRECTION ( 'NONE',  ( 0.000000000000000000, 0.000000000000000000, -1.000000000000000000 ) ) ;
#4675 = SURFACE_STYLE_USAGE ( .BOTH. , #3225 ) ;
#4674 = PLANE ( 'NONE',  #4430 ) ;
#4676 = VECTOR ( 'NONE', #160, 1000.000000000000000 ) ;
#4677 = AXIS2_PLACEMENT_3D ( 'NONE', #6187, #3861, #5212 ) ;
#4678 = PLANE ( 'NONE',  #4024 ) ;
#4679 = CARTESIAN_POINT ( 'NONE',  ( 2.625000000000000444, 1.800000000000000044, -1.175000000000000044 ) ) ;
#4680 = VERTEX_POINT ( 'NONE', #628 ) ;
#4681 = VERTEX_POINT ( 'NONE', #2570 ) ;
#4682 = ORIENTED_EDGE ( 'NONE', *, *, #1191, .T. ) ;
#4683 = EDGE_CURVE ( 'NONE', #4648, #3632, #5478, .T. ) ;
#4684 = DIRECTION ( 'NONE',  ( -0.000000000000000000, 0.000000000000000000, 1.000000000000000000 ) ) ;
#4685 = CARTESIAN_POINT ( 'NONE',  ( 7.575000000000000178, 0.5999999999999999778, 1.825000000000000622 ) ) ;
#4686 = LINE ( 'NONE', #4291, #5334 ) ;
#4687 = CARTESIAN_POINT ( 'NONE',  ( 5.874999999999997335, 3.950000000000000178, 0.3750000000000001110 ) ) ;
#4688 = EDGE_CURVE ( 'NONE', #1353, #4816, #1131, .T. ) ;
#4689 = ORIENTED_EDGE ( 'NONE', *, *, #808, .T. ) ;
#4690 = ORIENTED_EDGE ( 'NONE', *, *, #4784, .T. ) ;
#4691 = CARTESIAN_POINT ( 'NONE',  ( 3.125000000000000000, 1.449999999999999956, -1.174999999999999822 ) ) ;
#4692 = DIRECTION ( 'NONE',  ( 1.000000000000000000, 0.000000000000000000, 0.000000000000000000 ) ) ;
#4693 = PLANE ( 'NONE',  #4410 ) ;
#4694 = ADVANCED_FACE ( 'NONE', ( #2605 ), #4419, .F. ) ;
#4695 = ORIENTED_EDGE ( 'NONE', *, *, #3520, .T. ) ;
#4696 = EDGE_LOOP ( 'NONE', ( #729, #5363, #3958, #4249, #354, #2011, #776, #2290, #5528, #6009, #550, #2988, #4740 ) ) ;
#4697 = CARTESIAN_POINT ( 'NONE',  ( 4.474999999999996980, 0.1500000000000038247, -1.816421356237309048 ) ) ;
#4698 =( NAMED_UNIT ( * ) SI_UNIT ( $, .STERADIAN. ) SOLID_ANGLE_UNIT ( ) );
#4699 = VECTOR ( 'NONE', #2965, 1000.000000000000000 ) ;
#4700 = CARTESIAN_POINT ( 'NONE',  ( 2.225000000000000533, 2.349999999999999645, 1.675000000000000266 ) ) ;
#4701 = EDGE_CURVE ( 'NONE', #1800, #633, #3550, .T. ) ;
#4702 = LINE ( 'NONE', #6156, #1515 ) ;
#4703 = AXIS2_PLACEMENT_3D ( 'NONE', #3207, #6045, #6014 ) ;
#4705 = CARTESIAN_POINT ( 'NONE',  ( 5.524999999999998579, 1.199999999999999734, 0.1750000000000000722 ) ) ;
#4704 = CARTESIAN_POINT ( 'NONE',  ( 5.724999999999998757, 1.449999999999999956, -1.174999999999999822 ) ) ;
#4706 = LINE ( 'NONE', #3290, #3716 ) ;
#4707 = LINE ( 'NONE', #2853, #1266 ) ;
#4708 = VERTEX_POINT ( 'NONE', #2090 ) ;
#4709 = CARTESIAN_POINT ( 'NONE',  ( 4.474999999999996980, 0.2500000000000037748, -1.816421356237308826 ) ) ;
#4710 = DIRECTION ( 'NONE',  ( 1.000000000000000000, -0.000000000000000000, -0.000000000000000000 ) ) ;
#4711 = DIRECTION ( 'NONE',  ( -0.000000000000000000, 1.445602896647327084E-15, 1.000000000000000000 ) ) ;
#4712 = LINE ( 'NONE', #1404, #1672 ) ;
#4713 = AXIS2_PLACEMENT_3D ( 'NONE', #4955, #4858, #3510 ) ;
#4714 = VERTEX_POINT ( 'NONE', #2979 ) ;
#4715 = ORIENTED_EDGE ( 'NONE', *, *, #2931, .F. ) ;
#4716 = AXIS2_PLACEMENT_3D ( 'NONE', #631, #1492, #2479 ) ;
#4717 = VECTOR ( 'NONE', #2714, 1000.000000000000000 ) ;
#4718 = AXIS2_PLACEMENT_3D ( 'NONE', #586, #2529, #5931 ) ;
#4719 = DIRECTION ( 'NONE',  ( 1.000000000000000000, -0.000000000000000000, -0.000000000000000000 ) ) ;
#4720 = VECTOR ( 'NONE', #3895, 1000.000000000000000 ) ;
#4721 = DIRECTION ( 'NONE',  ( 1.000000000000000000, 0.000000000000000000, 0.000000000000000000 ) ) ;
#4722 = LINE ( 'NONE', #3696, #3495 ) ;
#4723 = VECTOR ( 'NONE', #6205, 1000.000000000000000 ) ;
#4724 = AXIS2_PLACEMENT_3D ( 'NONE', #2080, #796, #2561 ) ;
#4725 = ORIENTED_EDGE ( 'NONE', *, *, #4925, .T. ) ;
#4726 = DIRECTION ( 'NONE',  ( 1.000000000000000000, 0.000000000000000000, 0.000000000000000000 ) ) ;
#4727 = DIRECTION ( 'NONE',  ( 0.000000000000000000, -1.000000000000000000, 9.054517642116248640E-16 ) ) ;
#4728 = EDGE_CURVE ( 'NONE', #759, #325, #2541, .T. ) ;
#4729 = LINE ( 'NONE', #2247, #3413 ) ;
#4730 = ADVANCED_FACE ( 'NONE', ( #56 ), #3014, .F. ) ;
#4731 = EDGE_LOOP ( 'NONE', ( #5437, #3093, #1774, #3542 ) ) ;
#4732 = EDGE_CURVE ( 'NONE', #4816, #837, #1490, .T. ) ;
#4733 = LINE ( 'NONE', #1419, #3132 ) ;
#4734 = DIRECTION ( 'NONE',  ( 1.000000000000000000, 0.000000000000000000, 0.000000000000000000 ) ) ;
#4735 = DIRECTION ( 'NONE',  ( -1.000000000000000000, -0.000000000000000000, -0.000000000000000000 ) ) ;
#4736 = FACE_OUTER_BOUND ( 'NONE', #4731, .T. ) ;
#4737 = VECTOR ( 'NONE', #5758, 1000.000000000000000 ) ;
#4738 = AXIS2_PLACEMENT_3D ( 'NONE', #3801, #970, #2409 ) ;
#4739 = VERTEX_POINT ( 'NONE', #181 ) ;
#4740 = ORIENTED_EDGE ( 'NONE', *, *, #4456, .T. ) ;
#4741 = VECTOR ( 'NONE', #1129, 1000.000000000000000 ) ;
#4742 = EDGE_CURVE ( 'NONE', #128, #1472, #86, .T. ) ;
#4744 = DIRECTION ( 'NONE',  ( 0.000000000000000000, 1.000000000000000000, 0.000000000000000000 ) ) ;
#4743 = FACE_OUTER_BOUND ( 'NONE', #4134, .T. ) ;
#4745 = PLANE ( 'NONE',  #3077 ) ;
#4746 = DIRECTION ( 'NONE',  ( -0.000000000000000000, -0.7071067811865381358, -0.7071067811865570096 ) ) ;
#4747 = LINE ( 'NONE', #1521, #4413 ) ;
#4748 = ORIENTED_EDGE ( 'NONE', *, *, #2896, .F. ) ;
#4749 = UNCERTAINTY_MEASURE_WITH_UNIT (LENGTH_MEASURE( 1.000000000000000082E-05 ), #4757, 'distance_accuracy_value', 'NONE');
#4750 = CARTESIAN_POINT ( 'NONE',  ( 7.375000000000000000, 1.800000000000000044, -1.175000000000000044 ) ) ;
#4751 = LINE ( 'NONE', #481, #4986 ) ;
#4752 = LINE ( 'NONE', #419, #5640 ) ;
#4753 = EDGE_CURVE ( 'NONE', #2583, #4550, #4482, .T. ) ;
#4754 = ORIENTED_EDGE ( 'NONE', *, *, #420, .F. ) ;
#4755 = DIRECTION ( 'NONE',  ( 0.000000000000000000, -1.000000000000000000, -0.000000000000000000 ) ) ;
#4756 = CARTESIAN_POINT ( 'NONE',  ( 2.624999999999999556, 1.899999999999999689, 2.475000000000000533 ) ) ;
#4757 =( LENGTH_UNIT ( ) NAMED_UNIT ( * ) SI_UNIT ( .MILLI., .METRE. ) );
#4758 = DIRECTION ( 'NONE',  ( 0.000000000000000000, -0.000000000000000000, -1.000000000000000000 ) ) ;
#4759 = ORIENTED_EDGE ( 'NONE', *, *, #4958, .F. ) ;
#4760 = EDGE_CURVE ( 'NONE', #1800, #4739, #2031, .T. ) ;
#4761 = ORIENTED_EDGE ( 'NONE', *, *, #2242, .F. ) ;
#4762 = VECTOR ( 'NONE', #5800, 1000.000000000000000 ) ;
#4763 = ADVANCED_FACE ( 'NONE', ( #1579 ), #1103, .F. ) ;
#4764 = DIRECTION ( 'NONE',  ( 0.000000000000000000, 1.000000000000000000, 0.000000000000000000 ) ) ;
#4765 = DIRECTION ( 'NONE',  ( -1.000000000000000000, 0.000000000000000000, 0.000000000000000000 ) ) ;
#4766 = EDGE_CURVE ( 'NONE', #4582, #5337, #1549, .T. ) ;
#4767 = CARTESIAN_POINT ( 'NONE',  ( 4.474999999999996980, 0.4999999999999998890, -0.8249999999999997335 ) ) ;
#4768 = DIRECTION ( 'NONE',  ( 0.000000000000000000, 0.000000000000000000, -1.000000000000000000 ) ) ;
#4769 = ADVANCED_FACE ( 'NONE', ( #3041 ), #3576, .F. ) ;
#4770 = ADVANCED_FACE ( 'NONE', ( #5540 ), #691, .F. ) ;
#4771 = ORIENTED_EDGE ( 'NONE', *, *, #3227, .T. ) ;
#4772 = ORIENTED_EDGE ( 'NONE', *, *, #5040, .T. ) ;
#4773 = MECHANICAL_DESIGN_GEOMETRIC_PRESENTATION_REPRESENTATION (  '', ( #299 ), #3334 ) ;
#4774 = VECTOR ( 'NONE', #1394, 1000.000000000000227 ) ;
#4776 = DIRECTION ( 'NONE',  ( 0.000000000000000000, 0.7071067811865519026, -0.7071067811865432429 ) ) ;
#4775 = DIRECTION ( 'NONE',  ( 0.000000000000000000, -1.000000000000000000, 0.000000000000000000 ) ) ;
#4777 = LINE ( 'NONE', #2415, #1459 ) ;
#4778 = DIRECTION ( 'NONE',  ( -0.000000000000000000, 0.7071067811865474617, 0.7071067811865474617 ) ) ;
#4779 = CARTESIAN_POINT ( 'NONE',  ( 4.474999999999996980, 0.1792893218813484957, -1.745710678118654657 ) ) ;
#4780 = ORIENTED_EDGE ( 'NONE', *, *, #400, .T. ) ;
#4781 = VECTOR ( 'NONE', #1790, 1000.000000000000000 ) ;
#4782 = ORIENTED_EDGE ( 'NONE', *, *, #3780, .T. ) ;
#4783 = ORIENTED_EDGE ( 'NONE', *, *, #5368, .F. ) ;
#4784 = EDGE_CURVE ( 'NONE', #2443, #3865, #3224, .T. ) ;
#4785 = LINE ( 'NONE', #3846, #5310 ) ;
#4786 = DIRECTION ( 'NONE',  ( 0.000000000000000000, -0.000000000000000000, 1.000000000000000000 ) ) ;
#4787 = FACE_OUTER_BOUND ( 'NONE', #4369, .T. ) ;
#4788 = AXIS2_PLACEMENT_3D ( 'NONE', #679, #2621, #5110 ) ;
#4789 = ORIENTED_EDGE ( 'NONE', *, *, #1976, .T. ) ;
#4790 = ORIENTED_EDGE ( 'NONE', *, *, #5235, .F. ) ;
#4791 = LINE ( 'NONE', #5206, #2442 ) ;
#4792 = CARTESIAN_POINT ( 'NONE',  ( 7.625000000000000000, 2.899999999999999911, -0.3249999999999997891 ) ) ;
#4793 = CARTESIAN_POINT ( 'NONE',  ( 2.625000000000000444, 1.800000000000000044, -1.774999999999999689 ) ) ;
#4794 = CARTESIAN_POINT ( 'NONE',  ( 4.475000000000000533, 4.000000000000000000, -1.224999999999999645 ) ) ;
#4795 = ORIENTED_EDGE ( 'NONE', *, *, #3402, .T. ) ;
#4796 = VERTEX_POINT ( 'NONE', #2634 ) ;
#4797 = CARTESIAN_POINT ( 'NONE',  ( 11.25000000000000000, 0.000000000000000000, -0.7749999999999999112 ) ) ;
#4798 = CARTESIAN_POINT ( 'NONE',  ( 2.625000000000000444, 1.800000000000000044, -1.374999999999997558 ) ) ;
#4799 = PLANE ( 'NONE',  #2908 ) ;
#4800 = DIRECTION ( 'NONE',  ( 0.000000000000000000, -0.000000000000000000, -1.000000000000000000 ) ) ;
#4801 = ORIENTED_EDGE ( 'NONE', *, *, #6051, .F. ) ;
#4802 = ORIENTED_EDGE ( 'NONE', *, *, #901, .F. ) ;
#4803 = VECTOR ( 'NONE', #6232, 999.9999999999998863 ) ;
#4805 = LINE ( 'NONE', #439, #5825 ) ;
#4804 = FACE_OUTER_BOUND ( 'NONE', #3115, .T. ) ;
#4806 = CARTESIAN_POINT ( 'NONE',  ( 5.374999999999999112, 4.049999999999999822, 0.2749999999999994671 ) ) ;
#4807 = EDGE_CURVE ( 'NONE', #453, #4222, #1301, .T. ) ;
#4808 = FACE_OUTER_BOUND ( 'NONE', #2103, .T. ) ;
#4809 = EDGE_LOOP ( 'NONE', ( #6124, #1000, #2224, #3971, #4284, #4810, #278, #5868 ) ) ;
#4810 = ORIENTED_EDGE ( 'NONE', *, *, #1572, .T. ) ;
#4811 = VERTEX_POINT ( 'NONE', #3166 ) ;
#4812 = VERTEX_POINT ( 'NONE', #4704 ) ;
#4813 = FACE_OUTER_BOUND ( 'NONE', #3535, .T. ) ;
#4814 = LINE ( 'NONE', #922, #6287 ) ;
#4815 = DIRECTION ( 'NONE',  ( 0.000000000000000000, -0.7071067811865472397, -0.7071067811865479058 ) ) ;
#4816 = VERTEX_POINT ( 'NONE', #6033 ) ;
#4817 = AXIS2_PLACEMENT_3D ( 'NONE', #6120, #3608, #6096 ) ;
#4818 = EDGE_LOOP ( 'NONE', ( #948, #5419, #5276, #3064 ) ) ;
#4819 = CARTESIAN_POINT ( 'NONE',  ( 0.000000000000000000, 1.449999999999999956, 0.000000000000000000 ) ) ;
#4820 = CARTESIAN_POINT ( 'NONE',  ( -7.875000000000000000, 1.999999999999999112, 2.475000000000000089 ) ) ;
#4821 = EDGE_CURVE ( 'NONE', #1489, #5499, #1772, .T. ) ;
#4822 = PRESENTATION_STYLE_ASSIGNMENT (( #1414 ) ) ;
#4823 = VECTOR ( 'NONE', #5708, 1000.000000000000114 ) ;
#4824 = CARTESIAN_POINT ( 'NONE',  ( 2.225000000000000533, 2.349999999999999645, 1.675000000000000266 ) ) ;
#4825 = VECTOR ( 'NONE', #1833, 1000.000000000000000 ) ;
#4826 = ORIENTED_EDGE ( 'NONE', *, *, #1106, .F. ) ;
#4827 = VECTOR ( 'NONE', #5880, 1000.000000000000000 ) ;
#4828 = LINE ( 'NONE', #5748, #1214 ) ;
#4829 = CARTESIAN_POINT ( 'NONE',  ( 2.225000000000000533, 2.349999999999999645, 1.675000000000000266 ) ) ;
#4830 = DIRECTION ( 'NONE',  ( 0.000000000000000000, -1.000000000000000000, -2.456395547037470490E-16 ) ) ;
#4831 = LINE ( 'NONE', #1328, #3893 ) ;
#4832 = EDGE_LOOP ( 'NONE', ( #611, #1737, #1655, #3529 ) ) ;
#4833 = ORIENTED_EDGE ( 'NONE', *, *, #2772, .F. ) ;
#4835 = DIRECTION ( 'NONE',  ( -1.000000000000000000, 0.000000000000000000, -0.000000000000000000 ) ) ;
#4834 = LINE ( 'NONE', #1902, #6057 ) ;
#4836 = LINE ( 'NONE', #5191, #832 ) ;
#4837 = VECTOR ( 'NONE', #5081, 1000.000000000000000 ) ;
#4838 = LINE ( 'NONE', #3872, #1878 ) ;
#4839 = ORIENTED_EDGE ( 'NONE', *, *, #432, .F. ) ;
#4840 = ADVANCED_FACE ( 'NONE', ( #1741 ), #4674, .T. ) ;
#4841 = VERTEX_POINT ( 'NONE', #2702 ) ;
#4842 = EDGE_LOOP ( 'NONE', ( #2301, #4232, #787, #3357 ) ) ;
#4843 = VECTOR ( 'NONE', #5183, 1000.000000000000000 ) ;
#4844 = VECTOR ( 'NONE', #4159, 1000.000000000000114 ) ;
#4845 = EDGE_CURVE ( 'NONE', #4123, #263, #3101, .T. ) ;
#4846 = CARTESIAN_POINT ( 'NONE',  ( 4.124999999999999112, 4.049999999999999822, 0.4749999999999995337 ) ) ;
#4847 = EDGE_CURVE ( 'NONE', #1430, #162, #6101, .T. ) ;
#4848 = CARTESIAN_POINT ( 'NONE',  ( 5.375000000000001776, 2.649999999999998135, 1.075000000000000400 ) ) ;
#4849 = DIRECTION ( 'NONE',  ( 0.000000000000000000, -1.000000000000000000, 0.000000000000000000 ) ) ;
#4850 = ORIENTED_EDGE ( 'NONE', *, *, #4941, .F. ) ;
#4851 = EDGE_CURVE ( 'NONE', #2792, #3498, #246, .T. ) ;
#4852 = EDGE_CURVE ( 'NONE', #937, #2952, #784, .T. ) ;
#4853 = ORIENTED_EDGE ( 'NONE', *, *, #1260, .T. ) ;
#4854 = ORIENTED_EDGE ( 'NONE', *, *, #259, .T. ) ;
#4855 = CARTESIAN_POINT ( 'NONE',  ( 4.474999999999997868, 4.049999999999999822, 0.2749999999999994671 ) ) ;
#4856 = CARTESIAN_POINT ( 'NONE',  ( -4.299999999999998934, 3.849999999999997424, 2.075000000000000622 ) ) ;
#4857 = LINE ( 'NONE', #3412, #2455 ) ;
#4858 = DIRECTION ( 'NONE',  ( 1.000000000000000000, 0.000000000000000000, 0.000000000000000000 ) ) ;
#4859 = DIRECTION ( 'NONE',  ( 3.336006684570783101E-16, 1.000000000000000000, -0.000000000000000000 ) ) ;
#4860 = VERTEX_POINT ( 'NONE', #280 ) ;
#4861 = EDGE_CURVE ( 'NONE', #2556, #4203, #4127, .T. ) ;
#4862 = ORIENTED_EDGE ( 'NONE', *, *, #2852, .T. ) ;
#4863 = CARTESIAN_POINT ( 'NONE',  ( 2.624999999999999556, 0.5999999999999999778, 0.2250000000000008105 ) ) ;
#4864 = CARTESIAN_POINT ( 'NONE',  ( -6.875000000000000000, -13.83708784390703705, 0.3750000000000001110 ) ) ;
#4865 = CARTESIAN_POINT ( 'NONE',  ( 4.474999999999996980, 0.3500000000000009215, -1.324999999999999512 ) ) ;
#4866 = LINE ( 'NONE', #499, #2436 ) ;
#4867 = ORIENTED_EDGE ( 'NONE', *, *, #3201, .T. ) ;
#4868 = ORIENTED_EDGE ( 'NONE', *, *, #5434, .T. ) ;
#4870 = DIRECTION ( 'NONE',  ( 0.7071067811865460184, -0.000000000000000000, 0.7071067811865490160 ) ) ;
#4869 = DIRECTION ( 'NONE',  ( 1.000000000000000000, -0.000000000000000000, -0.000000000000000000 ) ) ;
#4871 = DIRECTION ( 'NONE',  ( -0.000000000000000000, -0.000000000000000000, -1.000000000000000000 ) ) ;
#4872 = EDGE_LOOP ( 'NONE', ( #39, #5666, #3776, #373 ) ) ;
#4873 = VERTEX_POINT ( 'NONE', #814 ) ;
#4874 = AXIS2_PLACEMENT_3D ( 'NONE', #3889, #48, #5870 ) ;
#4875 = DIRECTION ( 'NONE',  ( -1.000000000000000000, 0.000000000000000000, 0.000000000000000000 ) ) ;
#4876 = LINE ( 'NONE', #1619, #5784 ) ;
#4877 = DIRECTION ( 'NONE',  ( -0.000000000000000000, -0.8944271909999158554, 0.4472135954999579277 ) ) ;
#4878 = AXIS2_PLACEMENT_3D ( 'NONE', #5268, #1384, #5677 ) ;
#4879 = VERTEX_POINT ( 'NONE', #3679 ) ;
#4880 = ORIENTED_EDGE ( 'NONE', *, *, #5476, .T. ) ;
#4881 = DIRECTION ( 'NONE',  ( 0.000000000000000000, -1.355252715606880789E-16, 1.000000000000000000 ) ) ;
#4882 = CARTESIAN_POINT ( 'NONE',  ( 4.474999999999997868, 1.199999999999999734, 0.1750000000000000722 ) ) ;
#4883 = SURFACE_SIDE_STYLE ('',( #3856 ) ) ;
#4884 = DIRECTION ( 'NONE',  ( -0.7071067811865475727, -0.7071067811865475727, 0.000000000000000000 ) ) ;
#4885 = VECTOR ( 'NONE', #4272, 1000.000000000000114 ) ;
#4886 = DIRECTION ( 'NONE',  ( 0.000000000000000000, -1.000000000000000000, 2.710505431213761393E-17 ) ) ;
#4887 = VERTEX_POINT ( 'NONE', #1702 ) ;
#4888 = ORIENTED_EDGE ( 'NONE', *, *, #238, .T. ) ;
#4889 = CARTESIAN_POINT ( 'NONE',  ( 7.575000000000000178, 1.899999999999999689, 2.475000000000000533 ) ) ;
#4890 = LINE ( 'NONE', #144, #4538 ) ;
#4891 = CARTESIAN_POINT ( 'NONE',  ( 2.625000000000000444, 4.049999999999999822, -1.374999999999997558 ) ) ;
#4892 = DIRECTION ( 'NONE',  ( 0.000000000000000000, 0.000000000000000000, -1.000000000000000000 ) ) ;
#4893 = VERTEX_POINT ( 'NONE', #1674 ) ;
#4894 = ORIENTED_EDGE ( 'NONE', *, *, #3414, .F. ) ;
#4896 = LINE ( 'NONE', #115, #3544 ) ;
#4895 = DIRECTION ( 'NONE',  ( -1.000000000000000000, -1.084202172485505297E-16, 0.000000000000000000 ) ) ;
#4897 = FACE_OUTER_BOUND ( 'NONE', #1253, .T. ) ;
#4898 = LINE ( 'NONE', #4357, #4827 ) ;
#4899 = SURFACE_STYLE_FILL_AREA ( #4999 ) ;
#4900 = VECTOR ( 'NONE', #5230, 1000.000000000000000 ) ;
#4901 = ORIENTED_EDGE ( 'NONE', *, *, #5408, .T. ) ;
#4902 = VECTOR ( 'NONE', #4744, 1000.000000000000000 ) ;
#4903 = ORIENTED_EDGE ( 'NONE', *, *, #5856, .F. ) ;
#4904 = ORIENTED_EDGE ( 'NONE', *, *, #1832, .F. ) ;
#4905 = CARTESIAN_POINT ( 'NONE',  ( 5.374999999999999112, 1.199999999999999734, 0.1750000000000000999 ) ) ;
#4906 = LINE ( 'NONE', #3911, #1111 ) ;
#4907 = CARTESIAN_POINT ( 'NONE',  ( 4.474999999999997868, 3.950000000000000178, 0.3750000000000000000 ) ) ;
#4908 = VECTOR ( 'NONE', #4196, 1000.000000000000000 ) ;
#4909 = ORIENTED_EDGE ( 'NONE', *, *, #5117, .T. ) ;
#4910 = ORIENTED_EDGE ( 'NONE', *, *, #4089, .F. ) ;
#4911 = ORIENTED_EDGE ( 'NONE', *, *, #2485, .F. ) ;
#4912 = ORIENTED_EDGE ( 'NONE', *, *, #1924, .F. ) ;
#4913 = FACE_OUTER_BOUND ( 'NONE', #5461, .T. ) ;
#4914 = DIRECTION ( 'NONE',  ( 0.000000000000000000, 1.000000000000000000, 0.000000000000000000 ) ) ;
#4915 = PRESENTATION_STYLE_ASSIGNMENT (( #1537 ) ) ;
#4916 = CARTESIAN_POINT ( 'NONE',  ( 3.999999999999999112, 4.049999999999999822, 0.5750000000000010658 ) ) ;
#4917 = CARTESIAN_POINT ( 'NONE',  ( 4.274999999999999467, 4.049999999999999822, 0.4749999999999995337 ) ) ;
#4918 = VECTOR ( 'NONE', #6245, 1000.000000000000000 ) ;
#4919 = ORIENTED_EDGE ( 'NONE', *, *, #2094, .F. ) ;
#4920 = EDGE_CURVE ( 'NONE', #1867, #1489, #2732, .T. ) ;
#4921 = ADVANCED_FACE ( 'NONE', ( #5661 ), #5121, .F. ) ;
#4922 = LINE ( 'NONE', #2438, #395 ) ;
#4923 = AXIS2_PLACEMENT_3D ( 'NONE', #1661, #4048, #1696 ) ;
#4924 = PLANE ( 'NONE',  #3515 ) ;
#4925 = EDGE_CURVE ( 'NONE', #3728, #6016, #2279, .T. ) ;
#4926 = CARTESIAN_POINT ( 'NONE',  ( 2.291666666666664742, -0.6333333333333320825, 3.408333333333332771 ) ) ;
#4927 = VECTOR ( 'NONE', #2157, 1000.000000000000000 ) ;
#4928 = CARTESIAN_POINT ( 'NONE',  ( 2.625000000000000444, 1.800000000000000044, -1.175000000000000044 ) ) ;
#4929 = EDGE_LOOP ( 'NONE', ( #495, #3408, #2913, #6092 ) ) ;
#4930 = EDGE_LOOP ( 'NONE', ( #4754, #2547, #422, #3654, #5077, #6173 ) ) ;
#4931 = EDGE_CURVE ( 'NONE', #5072, #2139, #309, .T. ) ;
#4932 = EDGE_CURVE ( 'NONE', #2625, #4068, #6005, .T. ) ;
#4933 = VECTOR ( 'NONE', #1367, 1000.000000000000000 ) ;
#4935 = DIRECTION ( 'NONE',  ( 0.000000000000000000, -1.000000000000000000, -2.456395547037470490E-16 ) ) ;
#4934 = CARTESIAN_POINT ( 'NONE',  ( 6.531793621149187601, 1.449999999999999956, 0.3750000000000000000 ) ) ;
#4936 = FACE_OUTER_BOUND ( 'NONE', #2096, .T. ) ;
#4937 = FILL_AREA_STYLE_COLOUR ( '', #3087 ) ;
#4938 = VERTEX_POINT ( 'NONE', #933 ) ;
#4939 = ORIENTED_EDGE ( 'NONE', *, *, #3837, .T. ) ;
#4940 = ORIENTED_EDGE ( 'NONE', *, *, #920, .F. ) ;
#4941 = EDGE_CURVE ( 'NONE', #6185, #5252, #2342, .T. ) ;
#4942 = AXIS2_PLACEMENT_3D ( 'NONE', #5158, #6127, #4607 ) ;
#4943 = LINE ( 'NONE', #68, #573 ) ;
#4944 = CARTESIAN_POINT ( 'NONE',  ( 5.724999999999997868, -0.04999999999999636680, -2.375000000000000000 ) ) ;
#4945 = DIRECTION ( 'NONE',  ( 0.7071067811865444641, 0.000000000000000000, 0.7071067811865505703 ) ) ;
#4946 = ORIENTED_EDGE ( 'NONE', *, *, #1120, .T. ) ;
#4947 = VECTOR ( 'NONE', #3519, 1000.000000000000000 ) ;
#4948 = VECTOR ( 'NONE', #4994, 1000.000000000000000 ) ;
#4949 = VERTEX_POINT ( 'NONE', #4798 ) ;
#4950 = ORIENTED_EDGE ( 'NONE', *, *, #5326, .T. ) ;
#4951 = VERTEX_POINT ( 'NONE', #1794 ) ;
#4952 = DIRECTION ( 'NONE',  ( -1.000000000000000000, -0.000000000000000000, -0.000000000000000000 ) ) ;
#4953 = DIRECTION ( 'NONE',  ( -0.000000000000000000, -0.000000000000000000, 1.000000000000000000 ) ) ;
#4954 = FILL_AREA_STYLE_COLOUR ( '', #6114 ) ;
#4955 = CARTESIAN_POINT ( 'NONE',  ( 7.625000000000000000, 2.899999999999999911, 0.1750000000000002387 ) ) ;
#4956 = DIRECTION ( 'NONE',  ( 0.000000000000000000, 0.000000000000000000, 1.000000000000000000 ) ) ;
#4957 = ORIENTED_EDGE ( 'NONE', *, *, #3717, .F. ) ;
#4958 = EDGE_CURVE ( 'NONE', #1347, #1070, #906, .T. ) ;
#4959 = EDGE_CURVE ( 'NONE', #767, #1061, #2850, .T. ) ;
#4960 = LINE ( 'NONE', #5837, #3231 ) ;
#4961 = DIRECTION ( 'NONE',  ( 0.000000000000000000, 0.000000000000000000, -1.000000000000000000 ) ) ;
#4962 = LINE ( 'NONE', #5808, #3303 ) ;
#4963 = ADVANCED_FACE ( 'NONE', ( #4245 ), #841, .F. ) ;
#4964 = ADVANCED_FACE ( 'NONE', ( #430 ), #3257, .F. ) ;
#4965 = EDGE_CURVE ( 'NONE', #603, #5608, #1326, .T. ) ;
#4967 = PLANE ( 'NONE',  #5084 ) ;
#4966 = CARTESIAN_POINT ( 'NONE',  ( 4.330089135474556095, 1.899999999999999911, 1.825000000000000622 ) ) ;
#4968 = DIRECTION ( 'NONE',  ( 0.000000000000000000, 9.054517642116248640E-16, 1.000000000000000000 ) ) ;
#4969 = EDGE_CURVE ( 'NONE', #1719, #6073, #5720, .T. ) ;
#4970 = CARTESIAN_POINT ( 'NONE',  ( 7.625000000000000000, 3.399999999999999911, 0.1750000000000002387 ) ) ;
#4971 = ORIENTED_EDGE ( 'NONE', *, *, #2030, .F. ) ;
#4972 = ORIENTED_EDGE ( 'NONE', *, *, #1858, .F. ) ;
#4973 = ORIENTED_EDGE ( 'NONE', *, *, #4382, .T. ) ;
#4974 = LINE ( 'NONE', #5953, #6060 ) ;
#4975 = VERTEX_POINT ( 'NONE', #5247 ) ;
#4976 = DIRECTION ( 'NONE',  ( 0.8944271909999159664, -0.4472135954999579832, 0.000000000000000000 ) ) ;
#4977 = DIRECTION ( 'NONE',  ( 1.000000000000000000, 0.000000000000000000, 0.000000000000000000 ) ) ;
#4978 = VERTEX_POINT ( 'NONE', #1357 ) ;
#4979 = ORIENTED_EDGE ( 'NONE', *, *, #2227, .F. ) ;
#4980 = ORIENTED_EDGE ( 'NONE', *, *, #722, .T. ) ;
#4981 = ORIENTED_EDGE ( 'NONE', *, *, #3702, .T. ) ;
#4982 = EDGE_LOOP ( 'NONE', ( #2003, #4012, #789, #4632, #1373, #4202 ) ) ;
#4983 = AXIS2_PLACEMENT_3D ( 'NONE', #310, #339, #2935 ) ;
#4984 = ADVANCED_FACE ( 'NONE', ( #6188 ), #3862, .F. ) ;
#4985 = DIRECTION ( 'NONE',  ( -0.000000000000000000, -1.000000000000000000, -1.355252715606880789E-16 ) ) ;
#4986 = VECTOR ( 'NONE', #3369, 1000.000000000000000 ) ;
#4987 = CARTESIAN_POINT ( 'NONE',  ( 4.474999999999998757, 1.449999999999999956, -1.224999999999999645 ) ) ;
#4988 = AXIS2_PLACEMENT_3D ( 'NONE', #4277, #1828, #3763 ) ;
#4989 = CARTESIAN_POINT ( 'NONE',  ( 4.474999999999996980, 0.5000000000000022204, -1.324999999999999734 ) ) ;
#4990 = DIRECTION ( 'NONE',  ( 0.000000000000000000, 0.000000000000000000, 1.000000000000000000 ) ) ;
#4991 = ORIENTED_EDGE ( 'NONE', *, *, #51, .F. ) ;
#4992 = CARTESIAN_POINT ( 'NONE',  ( 4.474999999999997868, 4.049999999999999822, 0.1750000000000000722 ) ) ;
#4993 = LINE ( 'NONE', #3928, #2907 ) ;
#4994 = DIRECTION ( 'NONE',  ( -1.000000000000000000, 0.000000000000000000, 0.000000000000000000 ) ) ;
#4995 = VERTEX_POINT ( 'NONE', #3321 ) ;
#4996 = VERTEX_POINT ( 'NONE', #4217 ) ;
#4997 = DIRECTION ( 'NONE',  ( 0.000000000000000000, 0.000000000000000000, -1.000000000000000000 ) ) ;
#4998 = CARTESIAN_POINT ( 'NONE',  ( 2.166666666666669183, 3.491666666666668473, -0.9166666666666677399 ) ) ;
#4999 = FILL_AREA_STYLE ('',( #4937 ) ) ;
#5000 = ORIENTED_EDGE ( 'NONE', *, *, #6084, .F. ) ;
#5001 = VERTEX_POINT ( 'NONE', #2796 ) ;
#5002 = APPLICATION_CONTEXT ( 'automotive_design' ) ;
#5003 = DIRECTION ( 'NONE',  ( 0.000000000000000000, 0.000000000000000000, -1.000000000000000000 ) ) ;
#5004 = VECTOR ( 'NONE', #5082, 1000.000000000000000 ) ;
#5005 = EDGE_CURVE ( 'NONE', #768, #3873, #464, .T. ) ;
#5006 = DIRECTION ( 'NONE',  ( 0.000000000000000000, 0.000000000000000000, -1.000000000000000000 ) ) ;
#5007 = DIRECTION ( 'NONE',  ( 0.000000000000000000, 0.000000000000000000, 1.000000000000000000 ) ) ;
#5008 = EDGE_LOOP ( 'NONE', ( #5591, #4462, #494, #487 ) ) ;
#5009 = ORIENTED_EDGE ( 'NONE', *, *, #5125, .F. ) ;
#5010 = EDGE_CURVE ( 'NONE', #1709, #5085, #2880, .T. ) ;
#5011 = PLANE ( 'NONE',  #3349 ) ;
#5012 = LINE ( 'NONE', #708, #5654 ) ;
#5013 = LINE ( 'NONE', #5397, #1747 ) ;
#5014 = CARTESIAN_POINT ( 'NONE',  ( 5.524999999999997691, 3.950000000000000178, 0.3750000000000001110 ) ) ;
#5015 = EDGE_LOOP ( 'NONE', ( #4193, #4527, #2947, #1314 ) ) ;
#5016 = EDGE_LOOP ( 'NONE', ( #6113, #2672, #4862, #4452 ) ) ;
#5017 = EDGE_CURVE ( 'NONE', #3473, #5852, #370, .T. ) ;
#5018 = DIRECTION ( 'NONE',  ( 0.000000000000000000, -3.336006684570783101E-16, 1.000000000000000000 ) ) ;
#5019 = CARTESIAN_POINT ( 'NONE',  ( 4.474999999999998757, 2.899999999999996803, -0.7749999999999999112 ) ) ;
#5020 = LINE ( 'NONE', #5975, #5756 ) ;
#5021 = ORIENTED_EDGE ( 'NONE', *, *, #875, .T. ) ;
#5022 = VECTOR ( 'NONE', #2320, 1000.000000000000000 ) ;
#5023 = VECTOR ( 'NONE', #6182, 1000.000000000000000 ) ;
#5024 = LINE ( 'NONE', #4126, #5086 ) ;
#5026 = LINE ( 'NONE', #1166, #2534 ) ;
#5025 = DIRECTION ( 'NONE',  ( 1.000000000000000000, -0.000000000000000000, -0.000000000000000000 ) ) ;
#5027 = DIRECTION ( 'NONE',  ( 0.000000000000000000, 0.000000000000000000, -1.000000000000000000 ) ) ;
#5028 = DIRECTION ( 'NONE',  ( 0.000000000000000000, -1.000000000000000000, 0.000000000000000000 ) ) ;
#5029 = VECTOR ( 'NONE', #6223, 1000.000000000000000 ) ;
#5030 = ORIENTED_EDGE ( 'NONE', *, *, #5971, .F. ) ;
#5031 = VERTEX_POINT ( 'NONE', #397 ) ;
#5032 = VECTOR ( 'NONE', #563, 1000.000000000000000 ) ;
#5033 = ORIENTED_EDGE ( 'NONE', *, *, #1285, .F. ) ;
#5034 = VERTEX_POINT ( 'NONE', #4279 ) ;
#5035 = EDGE_CURVE ( 'NONE', #3179, #1958, #5779, .T. ) ;
#5036 = VECTOR ( 'NONE', #2982, 1000.000000000000000 ) ;
#5037 = DIRECTION ( 'NONE',  ( 0.000000000000000000, -0.000000000000000000, -1.000000000000000000 ) ) ;
#5038 = CARTESIAN_POINT ( 'NONE',  ( 2.425000000000000266, 0.5999999999999999778, 1.825000000000000622 ) ) ;
#5039 = CARTESIAN_POINT ( 'NONE',  ( 4.474999999999997868, 1.449999999999999956, -0.7749999999999999112 ) ) ;
#5040 = EDGE_CURVE ( 'NONE', #3148, #2583, #969, .T. ) ;
#5041 = ORIENTED_EDGE ( 'NONE', *, *, #5423, .T. ) ;
#5042 = ORIENTED_EDGE ( 'NONE', *, *, #54, .T. ) ;
#5043 = VERTEX_POINT ( 'NONE', #3800 ) ;
#5044 = ORIENTED_EDGE ( 'NONE', *, *, #3044, .T. ) ;
#5045 = ORIENTED_EDGE ( 'NONE', *, *, #2390, .F. ) ;
#5046 = EDGE_CURVE ( 'NONE', #4949, #5569, #5749, .T. ) ;
#5047 = ORIENTED_EDGE ( 'NONE', *, *, #6233, .F. ) ;
#5048 = EDGE_CURVE ( 'NONE', #5393, #5447, #3351, .T. ) ;
#5049 = CARTESIAN_POINT ( 'NONE',  ( 4.274999999999997691, 0.3000000000000009881, -1.625000000000000888 ) ) ;
#5050 = LINE ( 'NONE', #4561, #3199 ) ;
#5051 = DIRECTION ( 'NONE',  ( -0.000000000000000000, -0.000000000000000000, 1.000000000000000000 ) ) ;
#5052 = VECTOR ( 'NONE', #1188, 1000.000000000000000 ) ;
#5053 = CIRCLE ( 'NONE', #2602, 0.09999999999999982514 ) ;
#5054 = EDGE_CURVE ( 'NONE', #2737, #1756, #5807, .T. ) ;
#5055 = EDGE_CURVE ( 'NONE', #4739, #3623, #4993, .T. ) ;
#5056 = ORIENTED_EDGE ( 'NONE', *, *, #2661, .F. ) ;
#5057 = VECTOR ( 'NONE', #4310, 1000.000000000000000 ) ;
#5058 = DIRECTION ( 'NONE',  ( 1.000000000000000000, -0.000000000000000000, -0.000000000000000000 ) ) ;
#5059 = CARTESIAN_POINT ( 'NONE',  ( 7.575000000000000178, 0.000000000000000000, 2.475000000000000089 ) ) ;
#5061 = CARTESIAN_POINT ( 'NONE',  ( 3.125000000000000000, 1.449999999999999956, -1.174999999999999822 ) ) ;
#5060 = PRODUCT_CONTEXT ( 'NONE', #5002, 'mechanical' ) ;
#5062 = EDGE_CURVE ( 'NONE', #954, #5699, #2566, .T. ) ;
#5063 = ORIENTED_EDGE ( 'NONE', *, *, #2132, .F. ) ;
#5064 = PRODUCT_DEFINITION_SHAPE ( 'NONE', 'NONE',  #2573 ) ;
#5065 = EDGE_CURVE ( 'NONE', #1868, #3970, #1128, .T. ) ;
#5066 = CARTESIAN_POINT ( 'NONE',  ( 4.624999999999998224, 2.575000000000000178, -1.200000000000000400 ) ) ;
#5067 = DIRECTION ( 'NONE',  ( -1.000000000000000000, -0.000000000000000000, -0.000000000000000000 ) ) ;
#5068 = DIRECTION ( 'NONE',  ( -0.000000000000000000, 0.000000000000000000, 1.000000000000000000 ) ) ;
#5069 = SURFACE_STYLE_USAGE ( .BOTH. , #4160 ) ;
#5070 = EDGE_LOOP ( 'NONE', ( #404, #2642, #1137, #155 ) ) ;
#5071 = ORIENTED_EDGE ( 'NONE', *, *, #5439, .F. ) ;
#5072 = VERTEX_POINT ( 'NONE', #5019 ) ;
#5073 = ORIENTED_EDGE ( 'NONE', *, *, #95, .T. ) ;
#5074 = DIRECTION ( 'NONE',  ( 0.000000000000000000, 0.000000000000000000, -1.000000000000000000 ) ) ;
#5075 = PLANE ( 'NONE',  #534 ) ;
#5076 = DIRECTION ( 'NONE',  ( 1.000000000000000000, -0.000000000000000000, -0.000000000000000000 ) ) ;
#5077 = ORIENTED_EDGE ( 'NONE', *, *, #4576, .T. ) ;
#5078 = VERTEX_POINT ( 'NONE', #5372 ) ;
#5079 = CLOSED_SHELL ( 'NONE', ( #6085, #5933, #5774, #1841, #5488, #706, #2159, #802, #2673, #5512, #3821, #3708, #3606, #4075, #1433, #2525, #1735, #55, #5242, #272, #5906, #4653, #2047, #2957, #3341, #4840, #5848, #1054, #4763, #1996, #5505, #129, #3828, #3326, #4572, #1638, #3975, #3822, #2758, #4770, #1768, #3398, #3424, #1558, #3990, #1917, #1648, #3647, #1186, #1936, #2028, #1340, #345, #3045, #4694, #5665, #566, #3060, #1185, #4248, #795, #4963, #2273, #6239, #146, #4612, #1730, #131, #4281, #1461, #2862, #185, #3126, #999, #2329, #4298, #251, #6075, #4451, #1727, #4921, #18, #4984, #502, #3366, #686, #2854, #1371, #1651, #4152, #139, #434, #4367, #5089, #2108, #5641, #5243, #4570, #1744, #3523, #3396, #3685, #961, #335, #4379, #5709, #4100, #2883, #3244, #5137, #5876, #3782, #870, #2306, #6080, #258 ) ) ;
#5080 = CARTESIAN_POINT ( 'NONE',  ( 5.524999999999998579, 1.449999999999999956, -0.7749999999999999112 ) ) ;
#5081 = DIRECTION ( 'NONE',  ( 1.000000000000000000, -0.000000000000000000, -0.000000000000000000 ) ) ;
#5082 = DIRECTION ( 'NONE',  ( 1.000000000000000000, -1.084202172485505297E-16, 0.000000000000000000 ) ) ;
#5083 = LINE ( 'NONE', #1252, #2475 ) ;
#5084 = AXIS2_PLACEMENT_3D ( 'NONE', #6290, #2512, #3869 ) ;
#5085 = VERTEX_POINT ( 'NONE', #1031 ) ;
#5086 = VECTOR ( 'NONE', #1673, 1000.000000000000000 ) ;
#5087 = CARTESIAN_POINT ( 'NONE',  ( 2.225000000000000533, 4.049999999999999822, 0.6750000000000002665 ) ) ;
#5088 = PLANE ( 'NONE',  #1045 ) ;
#5089 = ADVANCED_FACE ( 'NONE', ( #2941 ), #4924, .F. ) ;
#5090 = CARTESIAN_POINT ( 'NONE',  ( 6.875000000000000888, -6.123233995736742617E-17, 2.475000000000000089 ) ) ;
#5091 = AXIS2_PLACEMENT_3D ( 'NONE', #5365, #3921, #5430 ) ;
#5092 = ORIENTED_EDGE ( 'NONE', *, *, #6090, .T. ) ;
#5093 = CARTESIAN_POINT ( 'NONE',  ( 4.474999999999997868, 1.449999999999999956, -1.224999999999999645 ) ) ;
#5095 = DIRECTION ( 'NONE',  ( 0.000000000000000000, -1.000000000000000000, 0.000000000000000000 ) ) ;
#5094 = CARTESIAN_POINT ( 'NONE',  ( 5.524999999999997691, -0.1499999999999963862, -1.474999999999999645 ) ) ;
#5096 = LINE ( 'NONE', #727, #60 ) ;
#5097 = AXIS2_PLACEMENT_3D ( 'NONE', #5616, #6115, #3088 ) ;
#5098 = DIRECTION ( 'NONE',  ( -0.000000000000000000, 0.7071067811865474617, 0.7071067811865474617 ) ) ;
#5099 = EDGE_LOOP ( 'NONE', ( #3068, #3853, #3431, #721 ) ) ;
#5100 = ORIENTED_EDGE ( 'NONE', *, *, #3488, .T. ) ;
#5101 = ORIENTED_EDGE ( 'NONE', *, *, #3050, .T. ) ;
#5102 = ORIENTED_EDGE ( 'NONE', *, *, #3319, .T. ) ;
#5103 = DIRECTION ( 'NONE',  ( -1.000000000000000000, -0.000000000000000000, -0.000000000000000000 ) ) ;
#5104 = DIRECTION ( 'NONE',  ( -1.000000000000000000, 0.000000000000000000, 0.000000000000000000 ) ) ;
#5105 = CARTESIAN_POINT ( 'NONE',  ( 3.999999999999995559, 0.000000000000000000, 0.6750000000000004885 ) ) ;
#5106 = DIRECTION ( 'NONE',  ( -1.000000000000000000, -0.000000000000000000, 0.000000000000000000 ) ) ;
#5107 = ORIENTED_EDGE ( 'NONE', *, *, #5692, .T. ) ;
#5108 = ORIENTED_EDGE ( 'NONE', *, *, #1585, .T. ) ;
#5109 = ORIENTED_EDGE ( 'NONE', *, *, #4509, .T. ) ;
#5110 = DIRECTION ( 'NONE',  ( 0.000000000000000000, 0.000000000000000000, 1.000000000000000000 ) ) ;
#5111 = LINE ( 'NONE', #2142, #2501 ) ;
#5112 = DIRECTION ( 'NONE',  ( 0.000000000000000000, -0.7071067811865381358, -0.7071067811865570096 ) ) ;
#5113 = EDGE_LOOP ( 'NONE', ( #640, #1241, #1810, #165 ) ) ;
#5114 = CARTESIAN_POINT ( 'NONE',  ( 6.974999999999999645, 4.049999999999999822, 0.000000000000000000 ) ) ;
#5115 = DIRECTION ( 'NONE',  ( -1.000000000000000000, -0.000000000000000000, -0.000000000000000000 ) ) ;
#5116 = CARTESIAN_POINT ( 'NONE',  ( 5.524999999999998579, 1.449999999999999956, -1.224999999999999645 ) ) ;
#5117 = EDGE_CURVE ( 'NONE', #72, #731, #1099, .T. ) ;
#5118 = EDGE_CURVE ( 'NONE', #1691, #5288, #1065, .T. ) ;
#5119 = EDGE_CURVE ( 'NONE', #6294, #4550, #1003, .T. ) ;
#5120 = DIRECTION ( 'NONE',  ( -1.000000000000000000, -1.084202172485505297E-16, 0.000000000000000000 ) ) ;
#5122 = FILL_AREA_STYLE ('',( #2669 ) ) ;
#5121 = PLANE ( 'NONE',  #5457 ) ;
#5123 = CARTESIAN_POINT ( 'NONE',  ( 4.474999999999998757, 3.949999999999998845, -1.174999999999997824 ) ) ;
#5124 = VERTEX_POINT ( 'NONE', #561 ) ;
#5125 = EDGE_CURVE ( 'NONE', #2292, #5657, #4510, .T. ) ;
#5126 = EDGE_CURVE ( 'NONE', #216, #1405, #4890, .T. ) ;
#5127 = ORIENTED_EDGE ( 'NONE', *, *, #714, .F. ) ;
#5128 = VECTOR ( 'NONE', #4146, 1000.000000000000000 ) ;
#5129 = ORIENTED_EDGE ( 'NONE', *, *, #1534, .F. ) ;
#5130 = LINE ( 'NONE', #2133, #6257 ) ;
#5131 = AXIS2_PLACEMENT_3D ( 'NONE', #1686, #701, #4524 ) ;
#5132 = CARTESIAN_POINT ( 'NONE',  ( 2.425000000000000266, 0.000000000000000000, 0.2250000000000008105 ) ) ;
#5133 = CARTESIAN_POINT ( 'NONE',  ( 5.524999999999997691, 0.3000000000000009881, -1.625000000000000888 ) ) ;
#5134 = CARTESIAN_POINT ( 'NONE',  ( 4.474999999999996980, 0.5000000000000022204, -1.324999999999999734 ) ) ;
#5135 = VECTOR ( 'NONE', #817, 1000.000000000000000 ) ;
#5136 = EDGE_LOOP ( 'NONE', ( #4415, #4497, #4801, #2813, #508, #5073 ) ) ;
#5137 = ADVANCED_FACE ( 'NONE', ( #3034 ), #17, .F. ) ;
#5138 = UNCERTAINTY_MEASURE_WITH_UNIT (LENGTH_MEASURE( 1.000000000000000082E-05 ), #283, 'distance_accuracy_value', 'NONE');
#5139 = ORIENTED_EDGE ( 'NONE', *, *, #5119, .F. ) ;
#5140 = ORIENTED_EDGE ( 'NONE', *, *, #1899, .T. ) ;
#5141 = ORIENTED_EDGE ( 'NONE', *, *, #3591, .F. ) ;
#5142 = ORIENTED_EDGE ( 'NONE', *, *, #3253, .F. ) ;
#5143 = VECTOR ( 'NONE', #414, 1000.000000000000000 ) ;
#5144 = PLANE ( 'NONE',  #201 ) ;
#5145 = DIRECTION ( 'NONE',  ( 0.000000000000000000, -1.000000000000000000, -4.553649124439118623E-15 ) ) ;
#5146 = CARTESIAN_POINT ( 'NONE',  ( -7.875000000000000000, 0.6499999999999999112, -1.574999999999999512 ) ) ;
#5147 = ORIENTED_EDGE ( 'NONE', *, *, #2351, .F. ) ;
#5148 = DIRECTION ( 'NONE',  ( 0.000000000000000000, -1.355252715606880789E-16, 1.000000000000000000 ) ) ;
#5149 = VECTOR ( 'NONE', #6067, 1000.000000000000000 ) ;
#5150 = CARTESIAN_POINT ( 'NONE',  ( 4.274999999999997691, 0.3500000000000009215, -1.324999999999999512 ) ) ;
#5151 = LINE ( 'NONE', #811, #5057 ) ;
#5152 = EDGE_CURVE ( 'NONE', #3830, #894, #5838, .T. ) ;
#5153 = AXIS2_PLACEMENT_3D ( 'NONE', #4347, #1450, #2915 ) ;
#5154 = VECTOR ( 'NONE', #4218, 1000.000000000000000 ) ;
#5155 = DIRECTION ( 'NONE',  ( 0.000000000000000000, -1.000000000000000000, -0.000000000000000000 ) ) ;
#5156 = VECTOR ( 'NONE', #2614, 1000.000000000000000 ) ;
#5157 = ADVANCED_FACE ( 'NONE', ( #1544 ), #1484, .F. ) ;
#5159 = DIRECTION ( 'NONE',  ( 0.000000000000000000, 0.7071067811865476838, 0.7071067811865474617 ) ) ;
#5158 = CARTESIAN_POINT ( 'NONE',  ( 4.330089135474556095, 0.5999999999999999778, 0.2250000000000008105 ) ) ;
#5160 = DIRECTION ( 'NONE',  ( 0.000000000000000000, 1.000000000000000000, 0.000000000000000000 ) ) ;
#5161 = LINE ( 'NONE', #2705, #2791 ) ;
#5162 = ORIENTED_EDGE ( 'NONE', *, *, #1534, .T. ) ;
#5163 = VERTEX_POINT ( 'NONE', #3483 ) ;
#5164 = ORIENTED_EDGE ( 'NONE', *, *, #1200, .T. ) ;
#5165 = LINE ( 'NONE', #1426, #3790 ) ;
#5166 = EDGE_CURVE ( 'NONE', #1447, #1887, #5442, .T. ) ;
#5167 = LINE ( 'NONE', #1685, #3573 ) ;
#5168 = CARTESIAN_POINT ( 'NONE',  ( 4.274999999999997691, 0.09999999999999999167, -0.8250000000000010658 ) ) ;
#5169 = FACE_OUTER_BOUND ( 'NONE', #3596, .T. ) ;
#5170 = ORIENTED_EDGE ( 'NONE', *, *, #2584, .F. ) ;
#5171 = ORIENTED_EDGE ( 'NONE', *, *, #4192, .F. ) ;
#5172 = ORIENTED_EDGE ( 'NONE', *, *, #598, .T. ) ;
#5173 = CARTESIAN_POINT ( 'NONE',  ( -7.875000000000000000, 1.999999999999999112, 2.475000000000000089 ) ) ;
#5174 = DIRECTION ( 'NONE',  ( -0.000000000000000000, -0.000000000000000000, 1.000000000000000000 ) ) ;
#5175 = CARTESIAN_POINT ( 'NONE',  ( 5.524999999999998579, 6.140988867593913192E-18, -0.02500000000000096242 ) ) ;
#5176 = ADVANCED_FACE ( 'NONE', ( #1603 ), #4477, .T. ) ;
#5177 = ORIENTED_EDGE ( 'NONE', *, *, #3887, .F. ) ;
#5178 = LINE ( 'NONE', #928, #5387 ) ;
#5179 = CARTESIAN_POINT ( 'NONE',  ( 4.474999999999997868, 1.449999999999999956, 0.1750000000000000722 ) ) ;
#5180 = DIRECTION ( 'NONE',  ( -4.688441826964343312E-16, -1.000000000000000000, 0.000000000000000000 ) ) ;
#5181 = VECTOR ( 'NONE', #979, 1000.000000000000000 ) ;
#5182 = DIRECTION ( 'NONE',  ( 1.000000000000000000, 0.000000000000000000, 0.000000000000000000 ) ) ;
#5184 = FILL_AREA_STYLE_COLOUR ( '', #1712 ) ;
#5183 = DIRECTION ( 'NONE',  ( -1.000000000000000000, 0.000000000000000000, -0.000000000000000000 ) ) ;
#5185 = VECTOR ( 'NONE', #3962, 1000.000000000000000 ) ;
#5186 = CARTESIAN_POINT ( 'NONE',  ( 4.624999999999998224, 1.199999999999999734, 0.3750000000000000555 ) ) ;
#5187 = CARTESIAN_POINT ( 'NONE',  ( 2.625000000000000444, 2.899999999999999911, -0.3249999999999997891 ) ) ;
#5188 = EDGE_LOOP ( 'NONE', ( #4789, #2411, #3594, #5000 ) ) ;
#5189 = DIRECTION ( 'NONE',  ( 0.000000000000000000, 1.000000000000000000, 0.000000000000000000 ) ) ;
#5190 = AXIS2_PLACEMENT_3D ( 'NONE', #5741, #4755, #6273 ) ;
#5191 = CARTESIAN_POINT ( 'NONE',  ( 4.474999999999998757, 1.449999999999999956, -1.224999999999999645 ) ) ;
#5192 = CARTESIAN_POINT ( 'NONE',  ( 7.781793621149187601, 3.050000000000000266, -0.02500000000000021302 ) ) ;
#5193 = CARTESIAN_POINT ( 'NONE',  ( 5.724999999999997868, 1.199999999999999734, 0.1750000000000000722 ) ) ;
#5194 = VERTEX_POINT ( 'NONE', #591 ) ;
#5195 = ORIENTED_EDGE ( 'NONE', *, *, #5776, .T. ) ;
#5196 = ORIENTED_EDGE ( 'NONE', *, *, #1634, .F. ) ;
#5197 = UNCERTAINTY_MEASURE_WITH_UNIT (LENGTH_MEASURE( 1.000000000000000082E-05 ), #89, 'distance_accuracy_value', 'NONE');
#5198 = ORIENTED_EDGE ( 'NONE', *, *, #920, .T. ) ;
#5199 = EDGE_LOOP ( 'NONE', ( #1690, #173, #3075, #3467, #4088 ) ) ;
#5200 = EDGE_CURVE ( 'NONE', #4796, #5031, #2535, .T. ) ;
#5201 = CARTESIAN_POINT ( 'NONE',  ( -6.875000000000000000, -13.83708784390703705, -1.174999999999999822 ) ) ;
#5202 = EDGE_CURVE ( 'NONE', #3623, #3629, #3992, .T. ) ;
#5203 = CARTESIAN_POINT ( 'NONE',  ( 5.524999999999997691, -0.04999999999999568678, -2.474999999999999645 ) ) ;
#5204 = DIRECTION ( 'NONE',  ( -1.000000000000000000, 0.000000000000000000, -0.000000000000000000 ) ) ;
#5205 = EDGE_CURVE ( 'NONE', #4123, #2073, #2245, .T. ) ;
#5206 = CARTESIAN_POINT ( 'NONE',  ( 7.375000000000000000, 1.800000000000000044, -1.175000000000000044 ) ) ;
#5207 = ORIENTED_EDGE ( 'NONE', *, *, #641, .F. ) ;
#5208 = FACE_OUTER_BOUND ( 'NONE', #3400, .T. ) ;
#5209 = CARTESIAN_POINT ( 'NONE',  ( 6.375000000000000888, 3.950000000000000178, 0.8749999999999996669 ) ) ;
#5210 = PLANE ( 'NONE',  #3104 ) ;
#5211 = EDGE_CURVE ( 'NONE', #405, #2649, #2627, .T. ) ;
#5212 = DIRECTION ( 'NONE',  ( 0.000000000000000000, 0.000000000000000000, -1.000000000000000000 ) ) ;
#5213 = VECTOR ( 'NONE', #4710, 1000.000000000000000 ) ;
#5214 = DIRECTION ( 'NONE',  ( 1.000000000000000000, 0.000000000000000000, 0.000000000000000000 ) ) ;
#5215 = CARTESIAN_POINT ( 'NONE',  ( 7.625000000000000000, 2.899999999999999911, 0.1750000000000002387 ) ) ;
#5216 = PLANE ( 'NONE',  #3187 ) ;
#5217 = ORIENTED_EDGE ( 'NONE', *, *, #5436, .F. ) ;
#5218 = EDGE_LOOP ( 'NONE', ( #5177, #5172, #4972, #3949, #5600, #5101 ) ) ;
#5220 = CARTESIAN_POINT ( 'NONE',  ( 2.425000000000000266, 1.899999999999999689, 2.475000000000000533 ) ) ;
#5219 = CARTESIAN_POINT ( 'NONE',  ( 7.375000000000000000, 3.399999999999999911, -1.174999999999999822 ) ) ;
#5221 = CARTESIAN_POINT ( 'NONE',  ( 4.474999999999997868, 1.199999999999999734, 0.1750000000000000722 ) ) ;
#5222 = LINE ( 'NONE', #2350, #3092 ) ;
#5223 = DIRECTION ( 'NONE',  ( -0.000000000000000000, 0.7071067811865474617, 0.7071067811865474617 ) ) ;
#5224 = VECTOR ( 'NONE', #3152, 1000.000000000000000 ) ;
#5225 = ORIENTED_EDGE ( 'NONE', *, *, #215, .F. ) ;
#5226 = ADVANCED_FACE ( 'NONE', ( #304 ), #3704, .F. ) ;
#5227 = EDGE_LOOP ( 'NONE', ( #2774, #314, #3378, #559 ) ) ;
#5228 = VECTOR ( 'NONE', #3527, 1000.000000000000000 ) ;
#5229 = VECTOR ( 'NONE', #2717, 1000.000000000000000 ) ;
#5230 = DIRECTION ( 'NONE',  ( 0.000000000000000000, 1.000000000000000000, 0.000000000000000000 ) ) ;
#5231 = STYLED_ITEM ( 'NONE', ( #2095 ), #3237 ) ;
#5232 = LINE ( 'NONE', #3783, #3036 ) ;
#5233 = FACE_OUTER_BOUND ( 'NONE', #993, .T. ) ;
#5234 = EDGE_CURVE ( 'NONE', #2454, #3504, #4052, .T. ) ;
#5235 = EDGE_CURVE ( 'NONE', #2494, #1834, #276, .T. ) ;
#5236 = AXIS2_PLACEMENT_3D ( 'NONE', #943, #2417, #4358 ) ;
#5237 = EDGE_CURVE ( 'NONE', #3486, #2428, #4569, .T. ) ;
#5238 = ORIENTED_EDGE ( 'NONE', *, *, #951, .F. ) ;
#5239 = DIRECTION ( 'NONE',  ( 0.000000000000000000, 0.000000000000000000, 1.000000000000000000 ) ) ;
#5240 = CARTESIAN_POINT ( 'NONE',  ( 4.474999999999997868, 1.449999999999999956, 0.1750000000000000722 ) ) ;
#5241 = CARTESIAN_POINT ( 'NONE',  ( 6.375000000000000888, 1.449999999999999956, 0.8749999999999996669 ) ) ;
#5242 = ADVANCED_FACE ( 'NONE', ( #2147 ), #685, .F. ) ;
#5243 = ADVANCED_FACE ( 'NONE', ( #6002 ), #3220, .F. ) ;
#5244 = DIRECTION ( 'NONE',  ( -0.000000000000000000, 1.000000000000000000, 0.000000000000000000 ) ) ;
#5245 = ORIENTED_EDGE ( 'NONE', *, *, #3095, .T. ) ;
#5246 = CARTESIAN_POINT ( 'NONE',  ( 4.274999999999999467, 1.199999999999999734, 0.1750000000000000722 ) ) ;
#5247 = CARTESIAN_POINT ( 'NONE',  ( 7.625000000000000000, 4.049999999999999822, 2.375000000000000444 ) ) ;
#5248 = DIRECTION ( 'NONE',  ( 0.000000000000000000, 4.553649124439118623E-15, -1.000000000000000000 ) ) ;
#5249 = FACE_OUTER_BOUND ( 'NONE', #1729, .T. ) ;
#5250 = VECTOR ( 'NONE', #3711, 1000.000000000000114 ) ;
#5251 = AXIS2_PLACEMENT_3D ( 'NONE', #5604, #5068, #756 ) ;
#5252 = VERTEX_POINT ( 'NONE', #5150 ) ;
#5253 = ORIENTED_EDGE ( 'NONE', *, *, #3493, .F. ) ;
#5254 = EDGE_CURVE ( 'NONE', #984, #1780, #779, .T. ) ;
#5255 = VECTOR ( 'NONE', #3609, 1000.000000000000000 ) ;
#5257 = DIRECTION ( 'NONE',  ( 0.000000000000000000, 0.000000000000000000, -1.000000000000000000 ) ) ;
#5256 = CARTESIAN_POINT ( 'NONE',  ( 4.330089135474556095, 0.000000000000000000, 0.2250000000000008105 ) ) ;
#5258 = CARTESIAN_POINT ( 'NONE',  ( 6.375000000000000888, 1.449999999999999956, 0.8749999999999996669 ) ) ;
#5259 = CARTESIAN_POINT ( 'NONE',  ( 6.875000000000000000, 0.7428932188134522718, 0.8749999999999998890 ) ) ;
#5260 = LINE ( 'NONE', #4779, #2489 ) ;
#5261 = ORIENTED_EDGE ( 'NONE', *, *, #2007, .T. ) ;
#5262 = ORIENTED_EDGE ( 'NONE', *, *, #634, .T. ) ;
#5263 = DIRECTION ( 'NONE',  ( -1.000000000000000000, 0.000000000000000000, -0.000000000000000000 ) ) ;
#5264 = DIRECTION ( 'NONE',  ( -1.000000000000000000, -0.000000000000000000, -0.000000000000000000 ) ) ;
#5265 = DIRECTION ( 'NONE',  ( 0.000000000000000000, -0.5547001962252280372, -0.8320502943378444982 ) ) ;
#5266 = VERTEX_POINT ( 'NONE', #2598 ) ;
#5267 = CARTESIAN_POINT ( 'NONE',  ( 4.474999999999997868, 4.049999999999999822, 0.4749999999999995337 ) ) ;
#5268 = CARTESIAN_POINT ( 'NONE',  ( 6.531793621149187601, 3.050000000000000266, 0.000000000000000000 ) ) ;
#5269 = LINE ( 'NONE', #3252, #5023 ) ;
#5270 = LINE ( 'NONE', #305, #4223 ) ;
#5271 = EDGE_CURVE ( 'NONE', #6229, #5381, #4541, .T. ) ;
#5272 = CARTESIAN_POINT ( 'NONE',  ( 5.724999999999997868, 3.449999999999999289, 0.3749999999999999445 ) ) ;
#5273 = CARTESIAN_POINT ( 'NONE',  ( 6.375000000000000888, 1.449999999999999956, 0.8749999999999996669 ) ) ;
#5274 = DIRECTION ( 'NONE',  ( 0.000000000000000000, 0.000000000000000000, 1.000000000000000000 ) ) ;
#5275 = CARTESIAN_POINT ( 'NONE',  ( 4.274999999999997691, -0.1499999999999963862, -1.474999999999999645 ) ) ;
#5276 = ORIENTED_EDGE ( 'NONE', *, *, #124, .T. ) ;
#5277 = ORIENTED_EDGE ( 'NONE', *, *, #4381, .F. ) ;
#5278 = PRESENTATION_LAYER_ASSIGNMENT (  '', '', ( #299 ) ) ;
#5279 = AXIS2_PLACEMENT_3D ( 'NONE', #3755, #6176, #1946 ) ;
#5280 = AXIS2_PLACEMENT_3D ( 'NONE', #2503, #5371, #5339 ) ;
#5282 = CARTESIAN_POINT ( 'NONE',  ( -6.875000000000000000, 4.000000000000000000, -1.224999999999999645 ) ) ;
#5281 = PLANE ( 'NONE',  #3295 ) ;
#5283 = CARTESIAN_POINT ( 'NONE',  ( 2.225000000000000533, 4.049999999999999822, 1.675000000000000266 ) ) ;
#5284 = DIRECTION ( 'NONE',  ( 0.000000000000000000, -1.000000000000000000, 0.000000000000000000 ) ) ;
#5285 = ORIENTED_EDGE ( 'NONE', *, *, #5308, .F. ) ;
#5286 = VECTOR ( 'NONE', #2496, 1000.000000000000000 ) ;
#5287 = ORIENTED_EDGE ( 'NONE', *, *, #5971, .T. ) ;
#5288 = VERTEX_POINT ( 'NONE', #3156 ) ;
#5289 = EDGE_CURVE ( 'NONE', #4525, #3504, #2658, .T. ) ;
#5290 = FACE_OUTER_BOUND ( 'NONE', #946, .T. ) ;
#5291 = DIRECTION ( 'NONE',  ( 0.000000000000000000, 0.000000000000000000, 1.000000000000000000 ) ) ;
#5292 = LINE ( 'NONE', #1410, #5544 ) ;
#5293 = VECTOR ( 'NONE', #5711, 1000.000000000000000 ) ;
#5294 = ORIENTED_EDGE ( 'NONE', *, *, #4192, .T. ) ;
#5295 = ORIENTED_EDGE ( 'NONE', *, *, #2351, .T. ) ;
#5296 = ORIENTED_EDGE ( 'NONE', *, *, #5696, .T. ) ;
#5297 = CARTESIAN_POINT ( 'NONE',  ( 7.875000000000000000, 2.349999999999999645, 0.6750000000000002665 ) ) ;
#5298 = DIRECTION ( 'NONE',  ( 1.000000000000000000, 0.000000000000000000, 0.000000000000000000 ) ) ;
#5299 = CARTESIAN_POINT ( 'NONE',  ( 7.575000000000000178, 1.899999999999999689, 2.475000000000000533 ) ) ;
#5300 = CARTESIAN_POINT ( 'NONE',  ( 2.225000000000000533, 2.349999999999999645, 1.675000000000000266 ) ) ;
#5301 = VERTEX_POINT ( 'NONE', #3125 ) ;
#5302 = STYLED_ITEM ( 'NONE', ( #4190 ), #1198 ) ;
#5303 = DIRECTION ( 'NONE',  ( 0.000000000000000000, 1.000000000000000000, 0.000000000000000000 ) ) ;
#5304 = CARTESIAN_POINT ( 'NONE',  ( 4.474999999999997868, 1.199999999999999734, 0.3750000000000000000 ) ) ;
#5305 = CARTESIAN_POINT ( 'NONE',  ( 7.375000000000000000, 2.899999999999999911, -0.3249999999999997891 ) ) ;
#5306 = EDGE_CURVE ( 'NONE', #4394, #1495, #4085, .T. ) ;
#5307 = CARTESIAN_POINT ( 'NONE',  ( 4.474999999999997868, 1.449999999999999956, 0.1750000000000000722 ) ) ;
#5308 = EDGE_CURVE ( 'NONE', #3629, #241, #749, .T. ) ;
#5309 = EDGE_LOOP ( 'NONE', ( #892, #2473, #880, #4444, #3692, #4565 ) ) ;
#5310 = VECTOR ( 'NONE', #5794, 1000.000000000000000 ) ;
#5311 = EDGE_CURVE ( 'NONE', #4264, #2454, #1630, .T. ) ;
#5313 = LINE ( 'NONE', #939, #3444 ) ;
#5312 = DIRECTION ( 'NONE',  ( -0.000000000000000000, 1.000000000000000000, 0.000000000000000000 ) ) ;
#5314 = DIRECTION ( 'NONE',  ( 1.000000000000000000, -1.084202172485505297E-16, 0.000000000000000000 ) ) ;
#5315 = LINE ( 'NONE', #1013, #5942 ) ;
#5316 = EDGE_CURVE ( 'NONE', #4474, #625, #1670, .T. ) ;
#5317 = ADVANCED_FACE ( 'NONE', ( #235 ), #5088, .F. ) ;
#5318 = CARTESIAN_POINT ( 'NONE',  ( -4.969259957225206264E-17, 4.049999999999999822, 0.2749999999999986344 ) ) ;
#5319 = VERTEX_POINT ( 'NONE', #5624 ) ;
#5320 = ORIENTED_EDGE ( 'NONE', *, *, #5527, .F. ) ;
#5321 = DIRECTION ( 'NONE',  ( 0.000000000000000000, -1.000000000000000000, 2.710505431213761393E-17 ) ) ;
#5322 = EDGE_CURVE ( 'NONE', #4879, #130, #3571, .T. ) ;
#5323 = DIRECTION ( 'NONE',  ( 3.336006684570783101E-16, 1.000000000000000000, 0.000000000000000000 ) ) ;
#5324 = MANIFOLD_SOLID_BREP ( 'LPattern3[2]', #1507 ) ;
#5325 = DIRECTION ( 'NONE',  ( 0.5773502691896257311, 0.5773502691896257311, 0.5773502691896257311 ) ) ;
#5326 = EDGE_CURVE ( 'NONE', #5885, #147, #1920, .T. ) ;
#5327 = VECTOR ( 'NONE', #2981, 1000.000000000000000 ) ;
#5328 = ORIENTED_EDGE ( 'NONE', *, *, #4393, .F. ) ;
#5329 = ORIENTED_EDGE ( 'NONE', *, *, #2307, .T. ) ;
#5330 = VECTOR ( 'NONE', #4602, 1000.000000000000000 ) ;
#5331 = ORIENTED_EDGE ( 'NONE', *, *, #1929, .T. ) ;
#5332 = CARTESIAN_POINT ( 'NONE',  ( 2.624999999999999556, 0.5999999999999999778, 1.825000000000000622 ) ) ;
#5333 = LINE ( 'NONE', #489, #5686 ) ;
#5334 = VECTOR ( 'NONE', #319, 1000.000000000000000 ) ;
#5335 = PLANE ( 'NONE',  #2990 ) ;
#5336 = AXIS2_PLACEMENT_3D ( 'NONE', #3105, #312, #5543 ) ;
#5337 = VERTEX_POINT ( 'NONE', #5209 ) ;
#5338 = VERTEX_POINT ( 'NONE', #1824 ) ;
#5339 = DIRECTION ( 'NONE',  ( 0.000000000000000000, -5.421010862427526114E-15, 1.000000000000000000 ) ) ;
#5340 = CARTESIAN_POINT ( 'NONE',  ( -7.875000000000000000, 0.000000000000000000, 2.475000000000000089 ) ) ;
#5341 = CARTESIAN_POINT ( 'NONE',  ( 2.624999999999999556, 0.5999999999999999778, 1.825000000000000622 ) ) ;
#5342 = DIRECTION ( 'NONE',  ( -0.000000000000000000, -4.553649124439118623E-15, 1.000000000000000000 ) ) ;
#5343 = ORIENTED_EDGE ( 'NONE', *, *, #3906, .T. ) ;
#5344 = ORIENTED_EDGE ( 'NONE', *, *, #6044, .T. ) ;
#5346 = DIRECTION ( 'NONE',  ( -0.7071067811865475727, -0.7071067811865475727, 0.000000000000000000 ) ) ;
#5345 = DIRECTION ( 'NONE',  ( 0.000000000000000000, 3.252606517456514091E-15, -1.000000000000000000 ) ) ;
#5347 = CARTESIAN_POINT ( 'NONE',  ( -7.875000000000000000, 0.000000000000000000, -0.8249999999999997335 ) ) ;
#5348 = VECTOR ( 'NONE', #407, 1000.000000000000000 ) ;
#5349 = VECTOR ( 'NONE', #465, 1000.000000000000000 ) ;
#5350 = FILL_AREA_STYLE ('',( #3395 ) ) ;
#5351 = CARTESIAN_POINT ( 'NONE',  ( 7.875000000000000000, 1.899999999999999689, 2.475000000000000533 ) ) ;
#5352 = ORIENTED_EDGE ( 'NONE', *, *, #5715, .F. ) ;
#5353 = VERTEX_POINT ( 'NONE', #810 ) ;
#5354 = EDGE_LOOP ( 'NONE', ( #3248, #3978, #4650, #1313 ) ) ;
#5355 = VECTOR ( 'NONE', #623, 1000.000000000000000 ) ;
#5356 = VECTOR ( 'NONE', #688, 1000.000000000000000 ) ;
#5357 = ORIENTED_EDGE ( 'NONE', *, *, #4566, .F. ) ;
#5358 = DIRECTION ( 'NONE',  ( -1.000000000000000000, -0.000000000000000000, -0.000000000000000000 ) ) ;
#5359 = LINE ( 'NONE', #2100, #4676 ) ;
#5360 = DIRECTION ( 'NONE',  ( 0.000000000000000000, -1.000000000000000000, -1.355252715606880789E-16 ) ) ;
#5361 = VERTEX_POINT ( 'NONE', #5713 ) ;
#5362 = ORIENTED_EDGE ( 'NONE', *, *, #4852, .F. ) ;
#5363 = ORIENTED_EDGE ( 'NONE', *, *, #6276, .T. ) ;
#5364 = DIRECTION ( 'NONE',  ( -1.000000000000000000, 0.000000000000000000, 0.000000000000000000 ) ) ;
#5365 = CARTESIAN_POINT ( 'NONE',  ( 10.00000000000000000, 0.000000000000000000, -1.224999999999999645 ) ) ;
#5366 = CARTESIAN_POINT ( 'NONE',  ( 4.474999999999996980, 0.1500000000000032419, -2.474999999999999645 ) ) ;
#5367 = LINE ( 'NONE', #1986, #544 ) ;
#5368 = EDGE_CURVE ( 'NONE', #973, #4873, #1444, .T. ) ;
#5369 = DIRECTION ( 'NONE',  ( -1.000000000000000000, 0.000000000000000000, 0.000000000000000000 ) ) ;
#5370 = ORIENTED_EDGE ( 'NONE', *, *, #4766, .T. ) ;
#5371 = DIRECTION ( 'NONE',  ( -0.000000000000000000, 1.000000000000000000, 5.421010862427526114E-15 ) ) ;
#5372 = CARTESIAN_POINT ( 'NONE',  ( 4.274999999999997691, 0.1500000000000032419, -2.474999999999999645 ) ) ;
#5373 = CARTESIAN_POINT ( 'NONE',  ( 2.425000000000000266, 0.000000000000000000, 0.2250000000000008105 ) ) ;
#5374 = CARTESIAN_POINT ( 'NONE',  ( 5.524999999999998579, 3.050000000000000266, -0.02500000000000021302 ) ) ;
#5375 = ORIENTED_EDGE ( 'NONE', *, *, #4470, .T. ) ;
#5376 = ORIENTED_EDGE ( 'NONE', *, *, #1924, .T. ) ;
#5378 = DIRECTION ( 'NONE',  ( 0.000000000000000000, 0.000000000000000000, -1.000000000000000000 ) ) ;
#5377 = CARTESIAN_POINT ( 'NONE',  ( 5.524999999999997691, -0.04999999999999567291, -2.474999999999999645 ) ) ;
#5379 = FACE_OUTER_BOUND ( 'NONE', #4172, .T. ) ;
#5380 =( NAMED_UNIT ( * ) PLANE_ANGLE_UNIT ( ) SI_UNIT ( $, .RADIAN. ) );
#5381 = VERTEX_POINT ( 'NONE', #3734 ) ;
#5382 = ORIENTED_EDGE ( 'NONE', *, *, #62, .T. ) ;
#5383 = AXIS2_PLACEMENT_3D ( 'NONE', #3069, #5660, #4577 ) ;
#5384 = DIRECTION ( 'NONE',  ( -0.5773502691896259531, 0.5773502691896259531, 0.5773502691896253980 ) ) ;
#5385 = PLANE ( 'NONE',  #1136 ) ;
#5386 = CARTESIAN_POINT ( 'NONE',  ( 2.624999999999999556, 0.5999999999999999778, 0.2250000000000008105 ) ) ;
#5387 = VECTOR ( 'NONE', #2845, 1000.000000000000000 ) ;
#5388 = EDGE_LOOP ( 'NONE', ( #549, #4911, #1488, #2190 ) ) ;
#5389 = VERTEX_POINT ( 'NONE', #6275 ) ;
#5390 = ORIENTED_EDGE ( 'NONE', *, *, #897, .T. ) ;
#5391 = VERTEX_POINT ( 'NONE', #2756 ) ;
#5392 = EDGE_CURVE ( 'NONE', #3409, #3473, #1857, .T. ) ;
#5393 = VERTEX_POINT ( 'NONE', #5771 ) ;
#5394 = EDGE_CURVE ( 'NONE', #1180, #2625, #1322, .T. ) ;
#5395 = DIRECTION ( 'NONE',  ( 0.000000000000000000, -0.7071067811865476838, -0.7071067811865474617 ) ) ;
#5396 = CARTESIAN_POINT ( 'NONE',  ( 6.000000000000000888, 0.000000000000000000, 2.075000000000000622 ) ) ;
#5397 = CARTESIAN_POINT ( 'NONE',  ( 5.669910864525444794, 0.5999999999999999778, 1.825000000000000622 ) ) ;
#5398 = FILL_AREA_STYLE ('',( #5902 ) ) ;
#5399 = VECTOR ( 'NONE', #2495, 1000.000000000000000 ) ;
#5400 = DIRECTION ( 'NONE',  ( -1.000000000000000000, 0.000000000000000000, -0.000000000000000000 ) ) ;
#5401 = EDGE_CURVE ( 'NONE', #4401, #5648, #2338, .T. ) ;
#5402 = EDGE_CURVE ( 'NONE', #6104, #894, #4342, .T. ) ;
#5403 = VERTEX_POINT ( 'NONE', #898 ) ;
#5404 = CARTESIAN_POINT ( 'NONE',  ( 7.575000000000000178, 0.000000000000000000, 0.2250000000000008105 ) ) ;
#5405 = CARTESIAN_POINT ( 'NONE',  ( 5.724999999999998757, 2.899999999999999023, -0.7750000000000006883 ) ) ;
#5406 = LINE ( 'NONE', #1546, #157 ) ;
#5407 = CARTESIAN_POINT ( 'NONE',  ( 5.524999999999998579, 1.199999999999999734, 0.3750000000000000000 ) ) ;
#5408 = EDGE_CURVE ( 'NONE', #1656, #1061, #1351, .T. ) ;
#5410 = DIRECTION ( 'NONE',  ( 1.000000000000000000, 0.000000000000000000, 0.000000000000000000 ) ) ;
#5409 = DIRECTION ( 'NONE',  ( 0.000000000000000000, -0.7071067811865474617, -0.7071067811865474617 ) ) ;
#5411 = PLANE ( 'NONE',  #1078 ) ;
#5412 = SURFACE_STYLE_FILL_AREA ( #5350 ) ;
#5413 = CIRCLE ( 'NONE', #627, 0.05000000000000012768 ) ;
#5414 = DIRECTION ( 'NONE',  ( 0.000000000000000000, 0.000000000000000000, 1.000000000000000000 ) ) ;
#5415 = VECTOR ( 'NONE', #480, 1000.000000000000000 ) ;
#5416 = ORIENTED_EDGE ( 'NONE', *, *, #5428, .F. ) ;
#5417 = ORIENTED_EDGE ( 'NONE', *, *, #3624, .F. ) ;
#5418 = ORIENTED_EDGE ( 'NONE', *, *, #4958, .T. ) ;
#5419 = ORIENTED_EDGE ( 'NONE', *, *, #4449, .F. ) ;
#5420 = CARTESIAN_POINT ( 'NONE',  ( 4.474999999999997868, 2.575000000000000178, -1.200000000000000400 ) ) ;
#5421 = CARTESIAN_POINT ( 'NONE',  ( 5.724999999999997868, 1.016439536705160869E-17, 0.3750000000000000555 ) ) ;
#5422 = FACE_OUTER_BOUND ( 'NONE', #5465, .T. ) ;
#5423 = EDGE_CURVE ( 'NONE', #2293, #5609, #2786, .T. ) ;
#5424 = ORIENTED_EDGE ( 'NONE', *, *, #5768, .T. ) ;
#5425 = ORIENTED_EDGE ( 'NONE', *, *, #1776, .F. ) ;
#5426 = ORIENTED_EDGE ( 'NONE', *, *, #711, .F. ) ;
#5427 = EDGE_LOOP ( 'NONE', ( #1601, #2648, #3300, #2098 ) ) ;
#5428 = EDGE_CURVE ( 'NONE', #4352, #3148, #2304, .T. ) ;
#5429 = FACE_OUTER_BOUND ( 'NONE', #2748, .T. ) ;
#5430 = DIRECTION ( 'NONE',  ( 1.000000000000000000, 0.000000000000000000, 0.000000000000000000 ) ) ;
#5431 = DIRECTION ( 'NONE',  ( 0.000000000000000000, 9.054517642116248640E-16, 1.000000000000000000 ) ) ;
#5432 = FACE_BOUND ( 'NONE', #477, .T. ) ;
#5433 = CARTESIAN_POINT ( 'NONE',  ( 5.724999999999998757, 4.049999999999999822, -1.174999999999999822 ) ) ;
#5434 = EDGE_CURVE ( 'NONE', #4648, #153, #3313, .T. ) ;
#5435 = VECTOR ( 'NONE', #2727, 1000.000000000000000 ) ;
#5436 = EDGE_CURVE ( 'NONE', #3504, #6111, #5269, .T. ) ;
#5437 = ORIENTED_EDGE ( 'NONE', *, *, #5055, .F. ) ;
#5438 = VECTOR ( 'NONE', #3293, 1000.000000000000000 ) ;
#5439 = EDGE_CURVE ( 'NONE', #3325, #4949, #3282, .T. ) ;
#5440 = DIRECTION ( 'NONE',  ( 0.000000000000000000, 0.000000000000000000, -1.000000000000000000 ) ) ;
#5441 = AXIS2_PLACEMENT_3D ( 'NONE', #3502, #4945, #4849 ) ;
#5442 = LINE ( 'NONE', #111, #1787 ) ;
#5443 = DIRECTION ( 'NONE',  ( -1.000000000000000000, 0.000000000000000000, 0.000000000000000000 ) ) ;
#5444 = VECTOR ( 'NONE', #4260, 1000.000000000000000 ) ;
#5445 = CARTESIAN_POINT ( 'NONE',  ( 5.724999999999998757, 3.299999999999999822, -0.7749999999999999112 ) ) ;
#5446 = ORIENTED_EDGE ( 'NONE', *, *, #5883, .F. ) ;
#5447 = VERTEX_POINT ( 'NONE', #5241 ) ;
#5448 = VECTOR ( 'NONE', #4293, 1000.000000000000000 ) ;
#5450 = DIRECTION ( 'NONE',  ( -0.7071067811865490160, -0.000000000000000000, -0.7071067811865460184 ) ) ;
#5449 = LINE ( 'NONE', #5978, #3512 ) ;
#5451 = PLANE ( 'NONE',  #1969 ) ;
#5452 = DIRECTION ( 'NONE',  ( 1.000000000000000000, 0.000000000000000000, 0.000000000000000000 ) ) ;
#5453 = ADVANCED_FACE ( 'NONE', ( #2966 ), #2461, .T. ) ;
#5454 = EDGE_LOOP ( 'NONE', ( #5196, #3514, #2613, #2764 ) ) ;
#5455 = ORIENTED_EDGE ( 'NONE', *, *, #3587, .T. ) ;
#5456 = EDGE_LOOP ( 'NONE', ( #582, #4439, #3443, #574 ) ) ;
#5457 = AXIS2_PLACEMENT_3D ( 'NONE', #2220, #1234, #755 ) ;
#5458 = DIRECTION ( 'NONE',  ( -0.5773502691896257311, 0.5773502691896257311, -0.5773502691896257311 ) ) ;
#5459 = DIRECTION ( 'NONE',  ( 0.000000000000000000, 0.000000000000000000, -1.000000000000000000 ) ) ;
#5460 = CARTESIAN_POINT ( 'NONE',  ( 2.125000000000000000, 1.800000000000000044, -1.175000000000000044 ) ) ;
#5461 = EDGE_LOOP ( 'NONE', ( #4095, #1821, #5207, #5328, #5723, #4689, #4574, #5805, #1126, #3976, #5690, #1437 ) ) ;
#5462 = VECTOR ( 'NONE', #5973, 1000.000000000000000 ) ;
#5463 = VECTOR ( 'NONE', #4032, 1000.000000000000000 ) ;
#5464 = ORIENTED_EDGE ( 'NONE', *, *, #4499, .T. ) ;
#5465 = EDGE_LOOP ( 'NONE', ( #2709, #4850, #3137, #5950 ) ) ;
#5466 = VERTEX_POINT ( 'NONE', #4404 ) ;
#5467 = AXIS2_PLACEMENT_3D ( 'NONE', #4522, #4652, #3110 ) ;
#5468 = CARTESIAN_POINT ( 'NONE',  ( 2.225000000000000533, 4.049999999999999822, 0.6750000000000002665 ) ) ;
#5469 = DIRECTION ( 'NONE',  ( 0.000000000000000000, 1.000000000000000000, 0.000000000000000000 ) ) ;
#5470 = CARTESIAN_POINT ( 'NONE',  ( 11.25000000000000000, 2.899999999999996803, -0.7749999999999999112 ) ) ;
#5471 = CARTESIAN_POINT ( 'NONE',  ( 4.624999999999998224, 0.000000000000000000, 0.000000000000000000 ) ) ;
#5472 = CARTESIAN_POINT ( 'NONE',  ( 6.724999999999999645, 4.049999999999999822, 2.475000000000000089 ) ) ;
#5473 = DIRECTION ( 'NONE',  ( 0.000000000000000000, 0.000000000000000000, 1.000000000000000000 ) ) ;
#5474 = CARTESIAN_POINT ( 'NONE',  ( 5.669910864525444794, 1.899999999999999689, 2.475000000000000533 ) ) ;
#5475 = CARTESIAN_POINT ( 'NONE',  ( 4.474999999999996980, 0.3000000000000009881, -1.625000000000000888 ) ) ;
#5476 = EDGE_CURVE ( 'NONE', #4681, #5535, #5367, .T. ) ;
#5477 = MANIFOLD_SOLID_BREP ( 'LPattern2[18]', #4243 ) ;
#5479 = CARTESIAN_POINT ( 'NONE',  ( 5.724999999999997868, 0.1500000000000032419, -2.474999999999999645 ) ) ;
#5478 = LINE ( 'NONE', #3525, #265 ) ;
#5480 = CARTESIAN_POINT ( 'NONE',  ( 4.474999999999996980, 6.140988867593913192E-18, -0.02500000000000096242 ) ) ;
#5481 = DIRECTION ( 'NONE',  ( 1.000000000000000000, 0.000000000000000000, 0.000000000000000000 ) ) ;
#5482 = ORIENTED_EDGE ( 'NONE', *, *, #897, .F. ) ;
#5483 = EDGE_LOOP ( 'NONE', ( #1440, #2036, #5331, #2207, #2346 ) ) ;
#5484 = DIRECTION ( 'NONE',  ( 0.000000000000000000, 0.000000000000000000, 1.000000000000000000 ) ) ;
#5485 = PLANE ( 'NONE',  #2770 ) ;
#5486 = PLANE ( 'NONE',  #5537 ) ;
#5487 = EDGE_LOOP ( 'NONE', ( #5782, #2740, #614, #73 ) ) ;
#5488 = ADVANCED_FACE ( 'NONE', ( #5432, #619, #5866 ), #556, .F. ) ;
#5489 = ORIENTED_EDGE ( 'NONE', *, *, #3777, .T. ) ;
#5490 = ORIENTED_EDGE ( 'NONE', *, *, #6042, .T. ) ;
#5491 = COLOUR_RGB ( '',0.7960784313725489669, 0.8235294117647058432, 0.9372549019607843146 ) ;
#5492 = CARTESIAN_POINT ( 'NONE',  ( 7.575000000000000178, 0.5999999999999999778, 1.825000000000000622 ) ) ;
#5493 = CIRCLE ( 'NONE', #2234, 0.09999999999999982514 ) ;
#5494 = CARTESIAN_POINT ( 'NONE',  ( 4.474999999999996980, 3.050000000000000266, -0.02500000000000021302 ) ) ;
#5495 = AXIS2_PLACEMENT_3D ( 'NONE', #279, #1637, #308 ) ;
#5496 = LINE ( 'NONE', #5930, #1542 ) ;
#5497 = LINE ( 'NONE', #2723, #840 ) ;
#5498 = LINE ( 'NONE', #4687, #3191 ) ;
#5499 = VERTEX_POINT ( 'NONE', #4916 ) ;
#5500 = CARTESIAN_POINT ( 'NONE',  ( 4.274999999999999467, 1.449999999999999956, 0.3750000000000000000 ) ) ;
#5501 = DIRECTION ( 'NONE',  ( 0.7071067811865505703, -7.666467083416910134E-17, 0.7071067811865444641 ) ) ;
#5502 = LINE ( 'NONE', #5090, #4741 ) ;
#5503 = EDGE_CURVE ( 'NONE', #374, #1489, #2497, .T. ) ;
#5504 = EDGE_LOOP ( 'NONE', ( #589, #5357, #179, #1277 ) ) ;
#5505 = ADVANCED_FACE ( 'NONE', ( #5966 ), #2909, .F. ) ;
#5506 = EDGE_CURVE ( 'NONE', #3593, #4022, #78, .T. ) ;
#5508 = LINE ( 'NONE', #210, #5993 ) ;
#5507 = DIRECTION ( 'NONE',  ( -1.000000000000000000, -0.000000000000000000, -0.000000000000000000 ) ) ;
#5509 = DIRECTION ( 'NONE',  ( 0.000000000000000000, -0.000000000000000000, 1.000000000000000000 ) ) ;
#5510 = CARTESIAN_POINT ( 'NONE',  ( 2.375000000000000444, 2.899999999999999911, 0.1750000000000002387 ) ) ;
#5511 = ORIENTED_EDGE ( 'NONE', *, *, #1072, .F. ) ;
#5512 = ADVANCED_FACE ( 'NONE', ( #3376 ), #2999, .F. ) ;
#5513 = ORIENTED_EDGE ( 'NONE', *, *, #5289, .T. ) ;
#5514 = EDGE_CURVE ( 'NONE', #1867, #5917, #4471, .T. ) ;
#5515 = VERTEX_POINT ( 'NONE', #3987 ) ;
#5516 = DIRECTION ( 'NONE',  ( -0.000000000000000000, -1.000000000000000000, -0.000000000000000000 ) ) ;
#5517 = ADVANCED_FACE ( 'NONE', ( #135 ), #2433, .F. ) ;
#5518 = CARTESIAN_POINT ( 'NONE',  ( 6.875000000000000888, 0.2499999999999999445, 0.2250000000000008105 ) ) ;
#5519 = CARTESIAN_POINT ( 'NONE',  ( 7.875000000000000000, 4.049999999999999822, 2.475000000000000089 ) ) ;
#5520 = EDGE_LOOP ( 'NONE', ( #3915, #1981, #4912, #4328 ) ) ;
#5521 = EDGE_LOOP ( 'NONE', ( #4971, #1069, #4013, #858 ) ) ;
#5522 = AXIS2_PLACEMENT_3D ( 'NONE', #793, #2165, #4654 ) ;
#5523 = DIRECTION ( 'NONE',  ( -0.000000000000000000, 0.7071067811865474617, 0.7071067811865474617 ) ) ;
#5524 = DIRECTION ( 'NONE',  ( 0.000000000000000000, 0.000000000000000000, 1.000000000000000000 ) ) ;
#5525 = EDGE_CURVE ( 'NONE', #1130, #5353, #3030, .T. ) ;
#5526 = CARTESIAN_POINT ( 'NONE',  ( 6.208333333333333925, 4.116666666666667140, 0.5416666666666666297 ) ) ;
#5527 = EDGE_CURVE ( 'NONE', #3364, #486, #11, .T. ) ;
#5528 = ORIENTED_EDGE ( 'NONE', *, *, #3121, .T. ) ;
#5529 = ORIENTED_EDGE ( 'NONE', *, *, #3913, .T. ) ;
#5530 = DIRECTION ( 'NONE',  ( 0.000000000000000000, 0.000000000000000000, -1.000000000000000000 ) ) ;
#5531 = DIRECTION ( 'NONE',  ( 0.000000000000000000, -1.000000000000000000, 0.000000000000000000 ) ) ;
#5532 = PRESENTATION_LAYER_ASSIGNMENT (  '', '', ( #944 ) ) ;
#5534 = PLANE ( 'NONE',  #2609 ) ;
#5533 = CARTESIAN_POINT ( 'NONE',  ( 0.000000000000000000, 0.000000000000000000, 0.000000000000000000 ) ) ;
#5535 = VERTEX_POINT ( 'NONE', #1190 ) ;
#5536 = VECTOR ( 'NONE', #5668, 1000.000000000000227 ) ;
#5537 = AXIS2_PLACEMENT_3D ( 'NONE', #4138, #4494, #191 ) ;
#5538 = DIRECTION ( 'NONE',  ( -1.000000000000000000, 0.000000000000000000, 4.336808689942021680E-16 ) ) ;
#5539 = AXIS2_PLACEMENT_3D ( 'NONE', #2063, #4000, #5948 ) ;
#5541 = CARTESIAN_POINT ( 'NONE',  ( 5.524999999999997691, 3.950000000000000178, -1.174999999999999822 ) ) ;
#5540 = FACE_OUTER_BOUND ( 'NONE', #5309, .T. ) ;
#5542 = FACE_OUTER_BOUND ( 'NONE', #3203, .T. ) ;
#5543 = DIRECTION ( 'NONE',  ( 0.000000000000000000, 0.000000000000000000, 1.000000000000000000 ) ) ;
#5544 = VECTOR ( 'NONE', #2869, 1000.000000000000000 ) ;
#5545 = VERTEX_POINT ( 'NONE', #1599 ) ;
#5546 = VERTEX_POINT ( 'NONE', #3638 ) ;
#5547 = VECTOR ( 'NONE', #290, 1000.000000000000000 ) ;
#5548 = ORIENTED_EDGE ( 'NONE', *, *, #245, .T. ) ;
#5549 = EDGE_LOOP ( 'NONE', ( #1748, #4649, #2612, #3438 ) ) ;
#5550 = LINE ( 'NONE', #1176, #5156 ) ;
#5551 = CARTESIAN_POINT ( 'NONE',  ( 5.669910864525444794, 0.5999999999999999778, 0.2250000000000008105 ) ) ;
#5552 = FACE_OUTER_BOUND ( 'NONE', #2191, .T. ) ;
#5553 = ORIENTED_EDGE ( 'NONE', *, *, #682, .F. ) ;
#5554 = ORIENTED_EDGE ( 'NONE', *, *, #3040, .F. ) ;
#5555 = ORIENTED_EDGE ( 'NONE', *, *, #2115, .F. ) ;
#5556 = ORIENTED_EDGE ( 'NONE', *, *, #618, .F. ) ;
#5557 = FACE_OUTER_BOUND ( 'NONE', #4842, .T. ) ;
#5558 = CARTESIAN_POINT ( 'NONE',  ( 7.375000000000000888, 1.899999999999999689, 2.375000000000000888 ) ) ;
#5559 = CARTESIAN_POINT ( 'NONE',  ( 6.591666666666665009, 2.683333333333328685, 3.158333333333329662 ) ) ;
#5560 = CARTESIAN_POINT ( 'NONE',  ( 2.625000000000000444, 3.950000000000000178, -1.374999999999997558 ) ) ;
#5561 = AXIS2_PLACEMENT_3D ( 'NONE', #150, #5912, #5877 ) ;
#5562 = VECTOR ( 'NONE', #693, 1000.000000000000000 ) ;
#5563 = ORIENTED_EDGE ( 'NONE', *, *, #1606, .F. ) ;
#5564 = VECTOR ( 'NONE', #5903, 1000.000000000000000 ) ;
#5565 = DIRECTION ( 'NONE',  ( -0.7071067811865505703, -7.666467083416910134E-17, 0.7071067811865444641 ) ) ;
#5566 = CARTESIAN_POINT ( 'NONE',  ( 2.624999999999999556, 1.899999999999999911, 1.825000000000000622 ) ) ;
#5567 = DIRECTION ( 'NONE',  ( 0.000000000000000000, 0.000000000000000000, 1.000000000000000000 ) ) ;
#5568 = ORIENTED_EDGE ( 'NONE', *, *, #2587, .F. ) ;
#5569 = VERTEX_POINT ( 'NONE', #5560 ) ;
#5570 = CARTESIAN_POINT ( 'NONE',  ( 4.274999999999998579, 3.050000000000000266, 0.000000000000000000 ) ) ;
#5572 = LINE ( 'NONE', #1203, #5783 ) ;
#5571 = DIRECTION ( 'NONE',  ( -0.000000000000000000, 1.000000000000000000, 0.000000000000000000 ) ) ;
#5573 = CARTESIAN_POINT ( 'NONE',  ( 7.375000000000000888, 0.2500000000000000000, 2.375000000000000888 ) ) ;
#5574 = SURFACE_STYLE_FILL_AREA ( #3619 ) ;
#5575 = ORIENTED_EDGE ( 'NONE', *, *, #4845, .F. ) ;
#5576 = ORIENTED_EDGE ( 'NONE', *, *, #1886, .F. ) ;
#5577 = ORIENTED_EDGE ( 'NONE', *, *, #2085, .F. ) ;
#5578 = ORIENTED_EDGE ( 'NONE', *, *, #5048, .F. ) ;
#5579 = PLANE ( 'NONE',  #3009 ) ;
#5580 = DIRECTION ( 'NONE',  ( 0.000000000000000000, -3.336006684570783101E-16, 1.000000000000000000 ) ) ;
#5581 = PLANE ( 'NONE',  #3697 ) ;
#5582 = ORIENTED_EDGE ( 'NONE', *, *, #4661, .T. ) ;
#5583 = ORIENTED_EDGE ( 'NONE', *, *, #1739, .T. ) ;
#5584 = LINE ( 'NONE', #4173, #4171 ) ;
#5585 = CARTESIAN_POINT ( 'NONE',  ( 4.624999999999998224, 2.250000000000000000, 0.6750000000000004885 ) ) ;
#5586 = FACE_OUTER_BOUND ( 'NONE', #1305, .T. ) ;
#5587 = LINE ( 'NONE', #1224, #6231 ) ;
#5588 = EDGE_CURVE ( 'NONE', #6016, #5403, #1627, .T. ) ;
#5589 = EDGE_CURVE ( 'NONE', #3170, #405, #5497, .T. ) ;
#5590 = AXIS2_PLACEMENT_3D ( 'NONE', #281, #1235, #4061 ) ;
#5591 = ORIENTED_EDGE ( 'NONE', *, *, #1200, .F. ) ;
#5592 = EDGE_CURVE ( 'NONE', #4582, #3938, #3091, .T. ) ;
#5593 = AXIS2_PLACEMENT_3D ( 'NONE', #3350, #2308, #4244 ) ;
#5594 = LINE ( 'NONE', #234, #192 ) ;
#5595 = DIRECTION ( 'NONE',  ( 0.000000000000000000, 1.000000000000000000, 0.000000000000000000 ) ) ;
#5596 = EDGE_CURVE ( 'NONE', #4329, #1353, #2212, .T. ) ;
#5598 = CARTESIAN_POINT ( 'NONE',  ( 7.575000000000000178, -0.1499999999999963862, 2.324999999999999734 ) ) ;
#5597 =( LENGTH_UNIT ( ) NAMED_UNIT ( * ) SI_UNIT ( .MILLI., .METRE. ) );
#5599 = VECTOR ( 'NONE', #5742, 1000.000000000000000 ) ;
#5600 = ORIENTED_EDGE ( 'NONE', *, *, #5017, .T. ) ;
#5601 = CARTESIAN_POINT ( 'NONE',  ( -6.875000000000000000, 3.950000000000000178, 0.3750000000000001110 ) ) ;
#5603 = DIRECTION ( 'NONE',  ( -1.000000000000000000, 0.000000000000000000, 0.000000000000000000 ) ) ;
#5602 = CARTESIAN_POINT ( 'NONE',  ( -4.969259957225201950E-17, 4.049999999999999822, 0.2749999999999984679 ) ) ;
#5604 = CARTESIAN_POINT ( 'NONE',  ( 10.00000000000000000, 0.000000000000000000, -1.224999999999999645 ) ) ;
#5605 = EDGE_CURVE ( 'NONE', #4041, #1015, #4564, .T. ) ;
#5606 = VECTOR ( 'NONE', #2076, 1000.000000000000000 ) ;
#5607 = CARTESIAN_POINT ( 'NONE',  ( 4.474999999999996980, 0.09999999999999999167, -0.8250000000000010658 ) ) ;
#5608 = VERTEX_POINT ( 'NONE', #3061 ) ;
#5609 = VERTEX_POINT ( 'NONE', #1152 ) ;
#5610 = ORIENTED_EDGE ( 'NONE', *, *, #4179, .T. ) ;
#5611 = LINE ( 'NONE', #1243, #136 ) ;
#5612 = CARTESIAN_POINT ( 'NONE',  ( 4.624999999999998224, 2.649999999999998135, 1.075000000000000400 ) ) ;
#5613 = DIRECTION ( 'NONE',  ( 0.000000000000000000, -3.336006684570783101E-16, 1.000000000000000000 ) ) ;
#5614 = CARTESIAN_POINT ( 'NONE',  ( 4.474999999999996980, 0.3500000000000009215, -1.374999999999999778 ) ) ;
#5615 = VERTEX_POINT ( 'NONE', #2144 ) ;
#5616 = CARTESIAN_POINT ( 'NONE',  ( 7.575000000000000178, 1.899999999999999911, 1.825000000000000622 ) ) ;
#5617 = CARTESIAN_POINT ( 'NONE',  ( 5.524999999999997691, 0.1792893218813484957, -1.745710678118654657 ) ) ;
#5618 = FACE_OUTER_BOUND ( 'NONE', #4832, .T. ) ;
#5619 = EDGE_CURVE ( 'NONE', #1845, #323, #5083, .T. ) ;
#5620 = DIRECTION ( 'NONE',  ( 1.000000000000000000, 0.000000000000000000, 0.000000000000000000 ) ) ;
#5621 = ORIENTED_EDGE ( 'NONE', *, *, #3513, .F. ) ;
#5622 = EDGE_CURVE ( 'NONE', #4975, #5163, #269, .T. ) ;
#5623 = LINE ( 'NONE', #6025, #3451 ) ;
#5624 = CARTESIAN_POINT ( 'NONE',  ( 5.724999999999997868, 1.449999999999999956, 0.3750000000000000000 ) ) ;
#5626 = FACE_OUTER_BOUND ( 'NONE', #1901, .T. ) ;
#5625 = SHAPE_DEFINITION_REPRESENTATION ( #5064, #4530 ) ;
#5627 = EDGE_CURVE ( 'NONE', #1780, #2946, #4596, .T. ) ;
#5628 = ORIENTED_EDGE ( 'NONE', *, *, #3218, .F. ) ;
#5629 = EDGE_LOOP ( 'NONE', ( #1721, #4004, #4380, #4939 ) ) ;
#5630 = EDGE_CURVE ( 'NONE', #5615, #147, #712, .T. ) ;
#5631 = CARTESIAN_POINT ( 'NONE',  ( 5.524999999999998579, 3.299999999999999822, -1.224999999999999645 ) ) ;
#5632 = DIRECTION ( 'NONE',  ( -1.000000000000000000, -0.000000000000000000, -0.000000000000000000 ) ) ;
#5633 = LINE ( 'NONE', #1269, #6058 ) ;
#5634 = CARTESIAN_POINT ( 'NONE',  ( 5.374999999999999112, 3.950000000000000178, 0.3750000000000001110 ) ) ;
#5635 = ORIENTED_EDGE ( 'NONE', *, *, #1665, .T. ) ;
#5636 = ORIENTED_EDGE ( 'NONE', *, *, #3480, .F. ) ;
#5637 = VECTOR ( 'NONE', #203, 1000.000000000000000 ) ;
#5638 = VERTEX_POINT ( 'NONE', #3540 ) ;
#5639 = DIRECTION ( 'NONE',  ( 0.000000000000000000, -1.000000000000000000, -2.282530889443167515E-16 ) ) ;
#5640 = VECTOR ( 'NONE', #5652, 1000.000000000000000 ) ;
#5641 = ADVANCED_FACE ( 'NONE', ( #2623 ), #4080, .F. ) ;
#5642 = CARTESIAN_POINT ( 'NONE',  ( 5.524999999999998579, 2.899999999999996803, -0.7749999999999999112 ) ) ;
#5643 = DIRECTION ( 'NONE',  ( 0.000000000000000000, 0.000000000000000000, 1.000000000000000000 ) ) ;
#5644 = DIRECTION ( 'NONE',  ( -1.000000000000000000, 0.000000000000000000, 0.000000000000000000 ) ) ;
#5645 = VECTOR ( 'NONE', #3834, 1000.000000000000000 ) ;
#5646 = ORIENTED_EDGE ( 'NONE', *, *, #3823, .T. ) ;
#5647 = ORIENTED_EDGE ( 'NONE', *, *, #3316, .T. ) ;
#5648 = VERTEX_POINT ( 'NONE', #6056 ) ;
#5649 = AXIS2_PLACEMENT_3D ( 'NONE', #441, #2381, #4324 ) ;
#5650 = CARTESIAN_POINT ( 'NONE',  ( 5.874999999999997335, 2.575000000000000178, -1.200000000000000178 ) ) ;
#5651 = CARTESIAN_POINT ( 'NONE',  ( 3.624999999999999556, 3.950000000000000178, 0.8749999999999996669 ) ) ;
#5652 = DIRECTION ( 'NONE',  ( 0.000000000000000000, -1.000000000000000000, -3.252606517456514091E-15 ) ) ;
#5653 = DIRECTION ( 'NONE',  ( -1.000000000000000000, 0.000000000000000000, 0.000000000000000000 ) ) ;
#5654 = VECTOR ( 'NONE', #267, 1000.000000000000000 ) ;
#5655 = DIRECTION ( 'NONE',  ( -1.000000000000000000, 0.000000000000000000, 0.000000000000000000 ) ) ;
#5656 = DIRECTION ( 'NONE',  ( 0.000000000000000000, 1.000000000000000000, 0.000000000000000000 ) ) ;
#5657 = VERTEX_POINT ( 'NONE', #1124 ) ;
#5658 = VECTOR ( 'NONE', #1960, 1000.000000000000000 ) ;
#5659 = AXIS2_PLACEMENT_3D ( 'NONE', #2126, #4547, #4517 ) ;
#5660 = DIRECTION ( 'NONE',  ( -1.000000000000000000, -0.000000000000000000, 0.000000000000000000 ) ) ;
#5662 = CARTESIAN_POINT ( 'NONE',  ( 5.524999999999998579, 2.575000000000000178, -1.200000000000000622 ) ) ;
#5661 = FACE_OUTER_BOUND ( 'NONE', #849, .T. ) ;
#5663 = CARTESIAN_POINT ( 'NONE',  ( 5.524999999999997691, -0.04999999999999636680, -2.375000000000000000 ) ) ;
#5664 = DIRECTION ( 'NONE',  ( -4.336808689942021680E-16, 0.000000000000000000, 1.000000000000000000 ) ) ;
#5665 = ADVANCED_FACE ( 'NONE', ( #647 ), #199, .F. ) ;
#5666 = ORIENTED_EDGE ( 'NONE', *, *, #493, .F. ) ;
#5667 = LINE ( 'NONE', #2286, #649 ) ;
#5668 = DIRECTION ( 'NONE',  ( 0.000000000000000000, -0.8944271909999174097, -0.4472135954999548191 ) ) ;
#5669 = CARTESIAN_POINT ( 'NONE',  ( 7.875000000000000000, 3.950000000000000178, 0.1750000000000002387 ) ) ;
#5670 = ADVANCED_FACE ( 'NONE', ( #2688 ), #2592, .F. ) ;
#5671 = CARTESIAN_POINT ( 'NONE',  ( 5.374999999999999112, 1.449999999999999956, 0.1750000000000000999 ) ) ;
#5672 = ORIENTED_EDGE ( 'NONE', *, *, #5776, .F. ) ;
#5673 = CARTESIAN_POINT ( 'NONE',  ( 4.474999999999998757, 3.299999999999999822, -0.9349999999999998312 ) ) ;
#5674 = DIRECTION ( 'NONE',  ( 0.000000000000000000, 0.7071067811865519026, -0.7071067811865432429 ) ) ;
#5675 = CARTESIAN_POINT ( 'NONE',  ( 6.531793621149187601, 3.449999999999999734, 0.2950000000000000400 ) ) ;
#5676 = EDGE_CURVE ( 'NONE', #263, #1628, #5587, .T. ) ;
#5677 = DIRECTION ( 'NONE',  ( 0.000000000000000000, -0.000000000000000000, 1.000000000000000000 ) ) ;
#5678 = CARTESIAN_POINT ( 'NONE',  ( 4.274999999999999467, 1.449999999999999956, 0.1750000000000000722 ) ) ;
#5679 = DIRECTION ( 'NONE',  ( 0.000000000000000000, -0.000000000000000000, -1.000000000000000000 ) ) ;
#5680 = ORIENTED_EDGE ( 'NONE', *, *, #47, .F. ) ;
#5681 = VECTOR ( 'NONE', #3570, 1000.000000000000114 ) ;
#5682 = FACE_OUTER_BOUND ( 'NONE', #1749, .T. ) ;
#5683 = ADVANCED_FACE ( 'NONE', ( #4531 ), #172, .F. ) ;
#5685 =( NAMED_UNIT ( * ) SI_UNIT ( $, .STERADIAN. ) SOLID_ANGLE_UNIT ( ) );
#5684 = DIRECTION ( 'NONE',  ( -1.000000000000000000, 0.000000000000000000, 0.000000000000000000 ) ) ;
#5686 = VECTOR ( 'NONE', #3477, 1000.000000000000000 ) ;
#5687 = CARTESIAN_POINT ( 'NONE',  ( 4.274999999999997691, -0.04999999999999636680, -2.375000000000000000 ) ) ;
#5688 = EDGE_CURVE ( 'NONE', #4860, #1780, #3184, .T. ) ;
#5689 = CARTESIAN_POINT ( 'NONE',  ( 6.375000000000000888, 0.7428932188134522718, 0.8749999999999996669 ) ) ;
#5690 = ORIENTED_EDGE ( 'NONE', *, *, #5630, .F. ) ;
#5691 = ORIENTED_EDGE ( 'NONE', *, *, #3875, .T. ) ;
#5692 = EDGE_CURVE ( 'NONE', #1472, #911, #4752, .T. ) ;
#5693 = CARTESIAN_POINT ( 'NONE',  ( 4.474999999999996980, 0.1792893218813484679, -1.745710678118654657 ) ) ;
#5694 = DIRECTION ( 'NONE',  ( 0.000000000000000000, -2.456395547037470490E-16, 1.000000000000000000 ) ) ;
#5695 = FACE_OUTER_BOUND ( 'NONE', #3178, .T. ) ;
#5696 = EDGE_CURVE ( 'NONE', #4041, #4068, #891, .T. ) ;
#5697 = CARTESIAN_POINT ( 'NONE',  ( 2.125000000000000000, 4.049999999999999822, 0.2749999999999996336 ) ) ;
#5698 = EDGE_CURVE ( 'NONE', #4648, #1215, #3732, .T. ) ;
#5699 = VERTEX_POINT ( 'NONE', #4302 ) ;
#5700 = UNCERTAINTY_MEASURE_WITH_UNIT (LENGTH_MEASURE( 1.000000000000000082E-05 ), #5847, 'distance_accuracy_value', 'NONE');
#5701 = ORIENTED_EDGE ( 'NONE', *, *, #1229, .F. ) ;
#5702 = ORIENTED_EDGE ( 'NONE', *, *, #4371, .T. ) ;
#5703 = ORIENTED_EDGE ( 'NONE', *, *, #206, .T. ) ;
#5704 = EDGE_CURVE ( 'NONE', #1215, #6218, #2753, .T. ) ;
#5705 = EDGE_CURVE ( 'NONE', #730, #2374, #6117, .T. ) ;
#5706 = LINE ( 'NONE', #2389, #5415 ) ;
#5707 = LINE ( 'NONE', #3305, #3338 ) ;
#5708 = DIRECTION ( 'NONE',  ( -0.000000000000000000, -0.7071067811865474617, -0.7071067811865474617 ) ) ;
#5709 = ADVANCED_FACE ( 'NONE', ( #1761 ), #6236, .F. ) ;
#5710 = ORIENTED_EDGE ( 'NONE', *, *, #641, .T. ) ;
#5711 = DIRECTION ( 'NONE',  ( -0.5773502691896266192, 0.5773502691896266192, -0.5773502691896240657 ) ) ;
#5712 = LINE ( 'NONE', #3344, #504 ) ;
#5713 = CARTESIAN_POINT ( 'NONE',  ( 2.624999999999999556, -0.1499999999999963862, 0.3749999999999942268 ) ) ;
#5714 = VECTOR ( 'NONE', #5174, 1000.000000000000000 ) ;
#5715 = EDGE_CURVE ( 'NONE', #625, #3752, #5292, .T. ) ;
#5716 = CARTESIAN_POINT ( 'NONE',  ( 6.875000000000000888, -6.123233995736742617E-17, -0.3340169943749460302 ) ) ;
#5717 = ORIENTED_EDGE ( 'NONE', *, *, #3437, .T. ) ;
#5718 = CARTESIAN_POINT ( 'NONE',  ( 2.125000000000000000, 4.049999999999999822, 2.475000000000000089 ) ) ;
#5719 = VECTOR ( 'NONE', #4555, 1000.000000000000000 ) ;
#5720 = LINE ( 'NONE', #3384, #3721 ) ;
#5721 = CARTESIAN_POINT ( 'NONE',  ( 4.624999999999998224, 1.199999999999999734, 0.1750000000000000999 ) ) ;
#5722 = LINE ( 'NONE', #879, #4003 ) ;
#5723 = ORIENTED_EDGE ( 'NONE', *, *, #4115, .F. ) ;
#5725 = DIRECTION ( 'NONE',  ( 0.000000000000000000, -1.000000000000000000, 0.000000000000000000 ) ) ;
#5724 = DIRECTION ( 'NONE',  ( -0.000000000000000000, 0.000000000000000000, 1.000000000000000000 ) ) ;
#5726 = DIRECTION ( 'NONE',  ( 1.807003620809174632E-16, 0.000000000000000000, -1.000000000000000000 ) ) ;
#5727 = FACE_OUTER_BOUND ( 'NONE', #2345, .T. ) ;
#5728 = FACE_OUTER_BOUND ( 'NONE', #1552, .T. ) ;
#5729 = VECTOR ( 'NONE', #458, 1000.000000000000000 ) ;
#5730 = ORIENTED_EDGE ( 'NONE', *, *, #2962, .T. ) ;
#5731 = VECTOR ( 'NONE', #5788, 1000.000000000000000 ) ;
#5732 = EDGE_LOOP ( 'NONE', ( #3106, #3908, #6242, #389 ) ) ;
#5733 = AXIS2_PLACEMENT_3D ( 'NONE', #2109, #5998, #4630 ) ;
#5734 = CARTESIAN_POINT ( 'NONE',  ( 5.524999999999998579, 3.950000000000000178, 0.3750000000000000000 ) ) ;
#5735 = PRESENTATION_LAYER_ASSIGNMENT (  '', '', ( #5231 ) ) ;
#5736 = DIRECTION ( 'NONE',  ( 0.000000000000000000, -0.7071067811865515695, 0.7071067811865435759 ) ) ;
#5737 = DIRECTION ( 'NONE',  ( 0.000000000000000000, 1.000000000000000000, 0.000000000000000000 ) ) ;
#5738 = ADVANCED_FACE ( 'NONE', ( #3307 ), #1376, .F. ) ;
#5739 = AXIS2_PLACEMENT_3D ( 'NONE', #1309, #4020, #3541 ) ;
#5740 = EDGE_LOOP ( 'NONE', ( #6207, #2353, #2611, #2864, #2903, #4759 ) ) ;
#5741 = CARTESIAN_POINT ( 'NONE',  ( 7.774999999999999467, 2.349999999999999645, 1.675000000000000266 ) ) ;
#5742 = DIRECTION ( 'NONE',  ( -1.000000000000000000, 0.000000000000000000, 1.807003620809174632E-16 ) ) ;
#5743 = DIRECTION ( 'NONE',  ( 0.000000000000000000, -1.000000000000000000, -0.000000000000000000 ) ) ;
#5744 = PLANE ( 'NONE',  #3308 ) ;
#5745 = EDGE_LOOP ( 'NONE', ( #3749, #4585, #3759, #797 ) ) ;
#5746 = ORIENTED_EDGE ( 'NONE', *, *, #2035, .F. ) ;
#5747 = VECTOR ( 'NONE', #4578, 999.9999999999998863 ) ;
#5748 = CARTESIAN_POINT ( 'NONE',  ( 4.124999999999999112, 2.574999999999999734, -1.200000000000000178 ) ) ;
#5749 = LINE ( 'NONE', #3832, #4639 ) ;
#5750 = DIRECTION ( 'NONE',  ( -1.000000000000000000, -0.000000000000000000, -0.000000000000000000 ) ) ;
#5751 = FACE_OUTER_BOUND ( 'NONE', #1934, .T. ) ;
#5752 = VECTOR ( 'NONE', #1830, 1000.000000000000000 ) ;
#5753 = VECTOR ( 'NONE', #4637, 1000.000000000000000 ) ;
#5754 = EDGE_LOOP ( 'NONE', ( #2137, #3631, #1310, #3459 ) ) ;
#5755 = VECTOR ( 'NONE', #5639, 1000.000000000000000 ) ;
#5756 = VECTOR ( 'NONE', #3644, 1000.000000000000000 ) ;
#5757 = VERTEX_POINT ( 'NONE', #2358 ) ;
#5759 = FACE_OUTER_BOUND ( 'NONE', #613, .T. ) ;
#5758 = DIRECTION ( 'NONE',  ( -1.000000000000000000, -0.000000000000000000, -0.000000000000000000 ) ) ;
#5760 = DIRECTION ( 'NONE',  ( -1.000000000000000000, 0.000000000000000000, 0.000000000000000000 ) ) ;
#5761 = CARTESIAN_POINT ( 'NONE',  ( 6.000000000000000888, 0.000000000000000000, 2.075000000000000622 ) ) ;
#5762 = CARTESIAN_POINT ( 'NONE',  ( 5.724999999999997868, 0.1500000000000032419, -2.474999999999999645 ) ) ;
#5763 = ORIENTED_EDGE ( 'NONE', *, *, #5974, .F. ) ;
#5764 = LINE ( 'NONE', #2837, #1032 ) ;
#5765 = FACE_OUTER_BOUND ( 'NONE', #4872, .T. ) ;
#5766 = DIRECTION ( 'NONE',  ( 0.000000000000000000, 0.000000000000000000, -1.000000000000000000 ) ) ;
#5767 = ORIENTED_EDGE ( 'NONE', *, *, #4959, .F. ) ;
#5768 = EDGE_CURVE ( 'NONE', #4550, #130, #3337, .T. ) ;
#5769 = CARTESIAN_POINT ( 'NONE',  ( 4.624999999999998224, 2.250000000000000000, 0.6750000000000004885 ) ) ;
#5770 = DIRECTION ( 'NONE',  ( 3.336006684570783101E-16, 1.000000000000000000, 0.000000000000000000 ) ) ;
#5771 = CARTESIAN_POINT ( 'NONE',  ( 6.375000000000000888, 1.449999999999999956, 0.3749999999999998335 ) ) ;
#5772 = EDGE_CURVE ( 'NONE', #2373, #2104, #4722, .T. ) ;
#5773 = CARTESIAN_POINT ( 'NONE',  ( 7.875000000000000000, 3.399999999999999911, 0.1750000000000001554 ) ) ;
#5774 = ADVANCED_FACE ( 'NONE', ( #360 ), #1317, .F. ) ;
#5775 = ORIENTED_EDGE ( 'NONE', *, *, #3777, .F. ) ;
#5776 = EDGE_CURVE ( 'NONE', #1405, #965, #923, .T. ) ;
#5777 = EDGE_CURVE ( 'NONE', #894, #4222, #6177, .T. ) ;
#5778 = CARTESIAN_POINT ( 'NONE',  ( 2.125000000000000000, 0.5999999999999999778, 0.2250000000000008105 ) ) ;
#5779 = LINE ( 'NONE', #4314, #5752 ) ;
#5780 = FACE_OUTER_BOUND ( 'NONE', #3002, .T. ) ;
#5781 = LINE ( 'NONE', #3354, #2075 ) ;
#5782 = ORIENTED_EDGE ( 'NONE', *, *, #2710, .F. ) ;
#5783 = VECTOR ( 'NONE', #3650, 1000.000000000000000 ) ;
#5784 = VECTOR ( 'NONE', #1979, 1000.000000000000000 ) ;
#5785 = CIRCLE ( 'NONE', #5383, 0.1000000000000000472 ) ;
#5786 = EDGE_CURVE ( 'NONE', #3503, #1070, #1344, .T. ) ;
#5788 = DIRECTION ( 'NONE',  ( 1.000000000000000000, -0.000000000000000000, -0.000000000000000000 ) ) ;
#5787 = DIRECTION ( 'NONE',  ( -1.000000000000000000, -0.000000000000000000, -0.000000000000000000 ) ) ;
#5789 = DIRECTION ( 'NONE',  ( -1.000000000000000000, -0.000000000000000000, -0.000000000000000000 ) ) ;
#5790 = DIRECTION ( 'NONE',  ( 1.000000000000000000, 0.000000000000000000, 0.000000000000000000 ) ) ;
#5791 = CARTESIAN_POINT ( 'NONE',  ( 4.474999999999998757, 3.950000000000000178, 0.3750000000000001110 ) ) ;
#5792 = ORIENTED_EDGE ( 'NONE', *, *, #4861, .T. ) ;
#5793 = ORIENTED_EDGE ( 'NONE', *, *, #307, .F. ) ;
#5794 = DIRECTION ( 'NONE',  ( 0.000000000000000000, -1.000000000000000000, -0.000000000000000000 ) ) ;
#5795 = CARTESIAN_POINT ( 'NONE',  ( 4.274999999999998579, 3.450000000000001510, 1.870248747537497357E-14 ) ) ;
#5796 = DIRECTION ( 'NONE',  ( -0.000000000000000000, -0.000000000000000000, -1.000000000000000000 ) ) ;
#5797 = ORIENTED_EDGE ( 'NONE', *, *, #3919, .F. ) ;
#5798 = EDGE_LOOP ( 'NONE', ( #705, #5575, #4317, #2412 ) ) ;
#5799 = ORIENTED_EDGE ( 'NONE', *, *, #5592, .T. ) ;
#5800 = DIRECTION ( 'NONE',  ( -1.000000000000000000, -0.000000000000000000, -0.000000000000000000 ) ) ;
#5801 = DIRECTION ( 'NONE',  ( 0.000000000000000000, 0.000000000000000000, -1.000000000000000000 ) ) ;
#5802 = ADVANCED_FACE ( 'NONE', ( #5233 ), #4693, .T. ) ;
#5803 = DIRECTION ( 'NONE',  ( -0.000000000000000000, 2.710505431213761393E-17, 1.000000000000000000 ) ) ;
#5804 = EDGE_CURVE ( 'NONE', #3213, #3084, #4268, .T. ) ;
#5805 = ORIENTED_EDGE ( 'NONE', *, *, #3095, .F. ) ;
#5806 = CARTESIAN_POINT ( 'NONE',  ( 3.808333333333333570, 3.266666666666667052, 0.1916666666666670127 ) ) ;
#5807 = LINE ( 'NONE', #5405, #1890 ) ;
#5808 = CARTESIAN_POINT ( 'NONE',  ( 6.875000000000000000, -13.83708784390703705, -1.174999999999999822 ) ) ;
#5809 = CARTESIAN_POINT ( 'NONE',  ( 6.875000000000000888, -6.123233995736742617E-17, 0.2250000000000008105 ) ) ;
#5810 = ORIENTED_EDGE ( 'NONE', *, *, #1692, .T. ) ;
#5811 = VERTEX_POINT ( 'NONE', #1852 ) ;
#5813 = CARTESIAN_POINT ( 'NONE',  ( 5.724999999999997868, 0.3500000000000009215, -1.324999999999999512 ) ) ;
#5812 = LINE ( 'NONE', #5256, #3406 ) ;
#5814 = LINE ( 'NONE', #3492, #3888 ) ;
#5815 = DIRECTION ( 'NONE',  ( 0.000000000000000000, 0.000000000000000000, 1.000000000000000000 ) ) ;
#5816 = CARTESIAN_POINT ( 'NONE',  ( -6.875000000000000000, 1.449999999999999956, 0.3750000000000001110 ) ) ;
#5817 = ORIENTED_EDGE ( 'NONE', *, *, #5439, .T. ) ;
#5818 = ORIENTED_EDGE ( 'NONE', *, *, #31, .T. ) ;
#5819 = EDGE_CURVE ( 'NONE', #5466, #3866, #3784, .T. ) ;
#5820 = LINE ( 'NONE', #1945, #632 ) ;
#5821 = CARTESIAN_POINT ( 'NONE',  ( 2.125000000000000000, 3.399999999999999911, 0.1750000000000001554 ) ) ;
#5822 = CARTESIAN_POINT ( 'NONE',  ( 4.274999999999999467, 1.449999999999999956, 0.1750000000000000722 ) ) ;
#5823 = AXIS2_PLACEMENT_3D ( 'NONE', #2830, #3807, #5760 ) ;
#5824 = ORIENTED_EDGE ( 'NONE', *, *, #5856, .T. ) ;
#5825 = VECTOR ( 'NONE', #5189, 1000.000000000000000 ) ;
#5826 = ORIENTED_EDGE ( 'NONE', *, *, #5211, .F. ) ;
#5827 = VECTOR ( 'NONE', #1387, 1000.000000000000000 ) ;
#5828 = EDGE_LOOP ( 'NONE', ( #728, #2360, #5556, #5717 ) ) ;
#5829 = CARTESIAN_POINT ( 'NONE',  ( 7.375000000000000000, 2.899999999999999911, 0.1750000000000002387 ) ) ;
#5830 = DIRECTION ( 'NONE',  ( 0.000000000000000000, 0.000000000000000000, 1.000000000000000000 ) ) ;
#5831 =( NAMED_UNIT ( * ) PLANE_ANGLE_UNIT ( ) SI_UNIT ( $, .RADIAN. ) );
#5832 = CARTESIAN_POINT ( 'NONE',  ( 3.999999999999999112, 0.7699999999999888045, 0.5350000000000094680 ) ) ;
#5833 = VECTOR ( 'NONE', #3247, 1000.000000000000000 ) ;
#5834 = DIRECTION ( 'NONE',  ( -4.688441826964343312E-16, -1.000000000000000000, 0.000000000000000000 ) ) ;
#5835 = VECTOR ( 'NONE', #52, 1000.000000000000000 ) ;
#5836 = ORIENTED_EDGE ( 'NONE', *, *, #2276, .T. ) ;
#5837 = CARTESIAN_POINT ( 'NONE',  ( 5.724999999999997868, 0.5000000000000022204, -1.324999999999999734 ) ) ;
#5838 = LINE ( 'NONE', #5907, #2401 ) ;
#5839 = DIRECTION ( 'NONE',  ( 0.000000000000000000, 0.000000000000000000, -1.000000000000000000 ) ) ;
#5840 = PLANE ( 'NONE',  #2636 ) ;
#5841 = ORIENTED_EDGE ( 'NONE', *, *, #5126, .F. ) ;
#5843 = CARTESIAN_POINT ( 'NONE',  ( 4.274999999999998579, 6.140988867593913192E-18, -0.02500000000000096242 ) ) ;
#5842 = CARTESIAN_POINT ( 'NONE',  ( 7.174999999999999822, 3.149999999999999911, 2.375000000000000444 ) ) ;
#5844 = CARTESIAN_POINT ( 'NONE',  ( 7.375000000000000000, 1.800000000000000044, -1.175000000000000044 ) ) ;
#5845 = VECTOR ( 'NONE', #3667, 1000.000000000000000 ) ;
#5846 = VECTOR ( 'NONE', #3158, 1000.000000000000000 ) ;
#5847 =( LENGTH_UNIT ( ) NAMED_UNIT ( * ) SI_UNIT ( .MILLI., .METRE. ) );
#5848 = ADVANCED_FACE ( 'NONE', ( #4787 ), #2010, .F. ) ;
#5849 = CARTESIAN_POINT ( 'NONE',  ( 4.474999999999996980, -0.04999999999999636680, -2.375000000000000000 ) ) ;
#5850 = ADVANCED_FACE ( 'NONE', ( #2928 ), #4458, .F. ) ;
#5851 = ORIENTED_EDGE ( 'NONE', *, *, #4536, .F. ) ;
#5852 = VERTEX_POINT ( 'NONE', #4907 ) ;
#5853 = EDGE_LOOP ( 'NONE', ( #1494, #3584, #3611, #3931 ) ) ;
#5854 = VECTOR ( 'NONE', #4758, 1000.000000000000000 ) ;
#5855 = LINE ( 'NONE', #3401, #5962 ) ;
#5856 = EDGE_CURVE ( 'NONE', #4938, #3255, #2453, .T. ) ;
#5857 = LINE ( 'NONE', #5421, #24 ) ;
#5858 = CARTESIAN_POINT ( 'NONE',  ( 7.781793621149187601, 3.050000000000000266, 0.000000000000000000 ) ) ;
#5859 = VERTEX_POINT ( 'NONE', #1947 ) ;
#5860 = ORIENTED_EDGE ( 'NONE', *, *, #4371, .F. ) ;
#5861 = ORIENTED_EDGE ( 'NONE', *, *, #1847, .F. ) ;
#5862 = LINE ( 'NONE', #1024, #2848 ) ;
#5863 = DIRECTION ( 'NONE',  ( 0.000000000000000000, 0.000000000000000000, 1.000000000000000000 ) ) ;
#5864 = DIRECTION ( 'NONE',  ( 0.000000000000000000, 1.000000000000000000, 0.000000000000000000 ) ) ;
#5865 = EDGE_CURVE ( 'NONE', #4056, #1180, #580, .T. ) ;
#5866 = FACE_OUTER_BOUND ( 'NONE', #3622, .T. ) ;
#5867 = DIRECTION ( 'NONE',  ( 0.000000000000000000, 0.000000000000000000, -1.000000000000000000 ) ) ;
#5868 = ORIENTED_EDGE ( 'NONE', *, *, #6171, .T. ) ;
#5869 = VERTEX_POINT ( 'NONE', #2043 ) ;
#5870 = DIRECTION ( 'NONE',  ( -1.000000000000000000, 0.000000000000000000, -0.000000000000000000 ) ) ;
#5871 = DIRECTION ( 'NONE',  ( 0.000000000000000000, 0.000000000000000000, -1.000000000000000000 ) ) ;
#5872 = LINE ( 'NONE', #1004, #468 ) ;
#5873 = LINE ( 'NONE', #4443, #3339 ) ;
#5874 = EDGE_LOOP ( 'NONE', ( #3742, #1854, #3859, #2419 ) ) ;
#5875 = AXIS2_PLACEMENT_3D ( 'NONE', #3825, #1952, #4726 ) ;
#5876 = ADVANCED_FACE ( 'NONE', ( #3974 ), #546, .F. ) ;
#5878 = LINE ( 'NONE', #1518, #600 ) ;
#5877 = DIRECTION ( 'NONE',  ( 1.000000000000000000, 0.000000000000000000, 4.336808689942021680E-16 ) ) ;
#5879 = LINE ( 'NONE', #5480, #1153 ) ;
#5880 = DIRECTION ( 'NONE',  ( -1.000000000000000000, -0.000000000000000000, -0.000000000000000000 ) ) ;
#5881 = AXIS2_PLACEMENT_3D ( 'NONE', #4705, #6102, #3680 ) ;
#5882 = EDGE_LOOP ( 'NONE', ( #4802, #4242, #4613, #4631 ) ) ;
#5883 = EDGE_CURVE ( 'NONE', #4162, #306, #1914, .T. ) ;
#5884 = ORIENTED_EDGE ( 'NONE', *, *, #2550, .F. ) ;
#5885 = VERTEX_POINT ( 'NONE', #35 ) ;
#5886 = AXIS2_PLACEMENT_3D ( 'NONE', #2878, #1895, #1793 ) ;
#5887 = VERTEX_POINT ( 'NONE', #3944 ) ;
#5888 = LINE ( 'NONE', #2519, #1391 ) ;
#5889 = EDGE_CURVE ( 'NONE', #5917, #1588, #610, .T. ) ;
#5890 = CARTESIAN_POINT ( 'NONE',  ( 3.025000000000000799, 4.049999999999999822, 0.000000000000000000 ) ) ;
#5891 = DIRECTION ( 'NONE',  ( 0.000000000000000000, -0.4472135954999548191, 0.8944271909999175207 ) ) ;
#5892 = ADVANCED_FACE ( 'NONE', ( #1980 ), #3912, .F. ) ;
#5893 = AXIS2_PLACEMENT_3D ( 'NONE', #2726, #5148, #3065 ) ;
#5894 = ORIENTED_EDGE ( 'NONE', *, *, #3899, .F. ) ;
#5895 = ORIENTED_EDGE ( 'NONE', *, *, #4455, .F. ) ;
#5896 = ORIENTED_EDGE ( 'NONE', *, *, #3587, .F. ) ;
#5897 = EDGE_CURVE ( 'NONE', #768, #405, #1499, .T. ) ;
#5898 = ORIENTED_EDGE ( 'NONE', *, *, #1692, .F. ) ;
#5899 = CARTESIAN_POINT ( 'NONE',  ( 5.524999999999998579, 3.299999999999999822, -0.7749999999999999112 ) ) ;
#5900 = DIRECTION ( 'NONE',  ( 1.000000000000000000, 0.000000000000000000, 0.000000000000000000 ) ) ;
#5901 = DIRECTION ( 'NONE',  ( -1.000000000000000000, -0.000000000000000000, -0.000000000000000000 ) ) ;
#5902 = FILL_AREA_STYLE_COLOUR ( '', #1972 ) ;
#5903 = DIRECTION ( 'NONE',  ( 1.000000000000000000, 0.000000000000000000, 0.000000000000000000 ) ) ;
#5904 = ORIENTED_EDGE ( 'NONE', *, *, #5627, .F. ) ;
#5905 = LINE ( 'NONE', #1543, #2747 ) ;
#5906 = ADVANCED_FACE ( 'NONE', ( #5922 ), #1557, .T. ) ;
#5907 = CARTESIAN_POINT ( 'NONE',  ( 2.125000000000000000, 4.049999999999999822, 2.475000000000000089 ) ) ;
#5908 = DIRECTION ( 'NONE',  ( -0.000000000000000000, 1.000000000000000000, 5.421010862427526114E-15 ) ) ;
#5909 = CARTESIAN_POINT ( 'NONE',  ( 5.724999999999997868, 1.449999999999999956, 0.3750000000000000000 ) ) ;
#5910 = ORIENTED_EDGE ( 'NONE', *, *, #4484, .F. ) ;
#5911 = ORIENTED_EDGE ( 'NONE', *, *, #5311, .T. ) ;
#5913 = FACE_OUTER_BOUND ( 'NONE', #4809, .T. ) ;
#5912 = DIRECTION ( 'NONE',  ( -3.066586833366752221E-16, -0.7071067811865473507, 0.7071067811865477948 ) ) ;
#5914 = DIRECTION ( 'NONE',  ( 0.000000000000000000, -1.000000000000000000, -0.000000000000000000 ) ) ;
#5915 = LINE ( 'NONE', #2544, #2691 ) ;
#5916 = EDGE_LOOP ( 'NONE', ( #284, #2254, #900, #4073 ) ) ;
#5917 = VERTEX_POINT ( 'NONE', #2491 ) ;
#5918 = EDGE_LOOP ( 'NONE', ( #5836, #1746, #2847, #2843 ) ) ;
#5919 = ORIENTED_EDGE ( 'NONE', *, *, #4742, .F. ) ;
#5920 = LINE ( 'NONE', #1044, #4643 ) ;
#5921 = CARTESIAN_POINT ( 'NONE',  ( 7.575000000000000178, 0.5999999999999999778, 1.825000000000000622 ) ) ;
#5922 = FACE_OUTER_BOUND ( 'NONE', #1398, .T. ) ;
#5923 = ORIENTED_EDGE ( 'NONE', *, *, #6052, .T. ) ;
#5924 = EDGE_LOOP ( 'NONE', ( #4002, #2545, #2326, #2765, #1117, #5949 ) ) ;
#5925 = ORIENTED_EDGE ( 'NONE', *, *, #341, .F. ) ;
#5926 = ORIENTED_EDGE ( 'NONE', *, *, #3562, .F. ) ;
#5927 = ORIENTED_EDGE ( 'NONE', *, *, #3154, .F. ) ;
#5928 = DIRECTION ( 'NONE',  ( 0.000000000000000000, 0.000000000000000000, 1.000000000000000000 ) ) ;
#5929 = CARTESIAN_POINT ( 'NONE',  ( 2.625000000000000444, 3.950000000000000178, 0.1750000000000002387 ) ) ;
#5930 = CARTESIAN_POINT ( 'NONE',  ( 6.452032961426903412, 3.250000000000000000, 0.6750000000000004885 ) ) ;
#5931 = DIRECTION ( 'NONE',  ( 0.000000000000000000, -0.000000000000000000, -1.000000000000000000 ) ) ;
#5932 = PLANE ( 'NONE',  #5739 ) ;
#5933 = ADVANCED_FACE ( 'NONE', ( #4427 ), #70, .F. ) ;
#5934 = VECTOR ( 'NONE', #1726, 1000.000000000000114 ) ;
#5935 = VERTEX_POINT ( 'NONE', #5460 ) ;
#5936 = CARTESIAN_POINT ( 'NONE',  ( 2.425000000000000266, 0.000000000000000000, 2.475000000000000089 ) ) ;
#5937 = VECTOR ( 'NONE', #2679, 1000.000000000000000 ) ;
#5938 = CARTESIAN_POINT ( 'NONE',  ( 5.524999999999998579, 3.299999999999999822, -1.224999999999999645 ) ) ;
#5939 = DIRECTION ( 'NONE',  ( 0.000000000000000000, 1.000000000000000000, -1.445602896647327084E-15 ) ) ;
#5940 = AXIS2_PLACEMENT_3D ( 'NONE', #3198, #1237, #2671 ) ;
#5941 = ORIENTED_EDGE ( 'NONE', *, *, #2285, .T. ) ;
#5942 = VECTOR ( 'NONE', #657, 1000.000000000000000 ) ;
#5943 = AXIS2_PLACEMENT_3D ( 'NONE', #4824, #522, #5369 ) ;
#5945 = CARTESIAN_POINT ( 'NONE',  ( 5.724999999999997868, 1.449999999999999956, 0.1750000000000000722 ) ) ;
#5944 = DIRECTION ( 'NONE',  ( 1.000000000000000000, -0.000000000000000000, -0.000000000000000000 ) ) ;
#5946 = DIRECTION ( 'NONE',  ( 0.000000000000000000, 0.000000000000000000, -1.000000000000000000 ) ) ;
#5947 = EDGE_CURVE ( 'NONE', #4370, #2102, #1527, .T. ) ;
#5948 = DIRECTION ( 'NONE',  ( 0.000000000000000000, 0.000000000000000000, 1.000000000000000000 ) ) ;
#5949 = ORIENTED_EDGE ( 'NONE', *, *, #3310, .T. ) ;
#5950 = ORIENTED_EDGE ( 'NONE', *, *, #5035, .T. ) ;
#5951 = VERTEX_POINT ( 'NONE', #953 ) ;
#5952 = VECTOR ( 'NONE', #1723, 1000.000000000000000 ) ;
#5953 = CARTESIAN_POINT ( 'NONE',  ( 6.375000000000000888, 3.950000000000000178, 0.8749999999999996669 ) ) ;
#5954 = CARTESIAN_POINT ( 'NONE',  ( 4.274999999999997691, -0.1499999999999963862, -1.474999999999999645 ) ) ;
#5955 = CARTESIAN_POINT ( 'NONE',  ( 4.274999999999998579, 3.449999999999999289, 0.3749999999999999445 ) ) ;
#5956 = ORIENTED_EDGE ( 'NONE', *, *, #1192, .F. ) ;
#5957 = EDGE_LOOP ( 'NONE', ( #2398, #2393, #80, #1348 ) ) ;
#5958 = VECTOR ( 'NONE', #5501, 1000.000000000000000 ) ;
#5959 = VECTOR ( 'NONE', #2058, 1000.000000000000000 ) ;
#5960 = ORIENTED_EDGE ( 'NONE', *, *, #2681, .T. ) ;
#5961 = EDGE_LOOP ( 'NONE', ( #4360, #4512, #1017, #1937 ) ) ;
#5962 = VECTOR ( 'NONE', #4363, 1000.000000000000114 ) ;
#5963 = PLANE ( 'NONE',  #3458 ) ;
#5964 = DIRECTION ( 'NONE',  ( 0.000000000000000000, -1.000000000000000000, -3.252606517456514091E-15 ) ) ;
#5965 = FILL_AREA_STYLE ('',( #617 ) ) ;
#5966 = FACE_OUTER_BOUND ( 'NONE', #6041, .T. ) ;
#5967 = CARTESIAN_POINT ( 'NONE',  ( 5.874999999999997335, 3.950000000000000178, 0.1750000000000000999 ) ) ;
#5968 = EDGE_LOOP ( 'NONE', ( #125, #3883, #678, #4904, #1808 ) ) ;
#5969 = ADVANCED_FACE ( 'NONE', ( #5422 ), #1047, .F. ) ;
#5970 = ORIENTED_EDGE ( 'NONE', *, *, #4732, .F. ) ;
#5971 = EDGE_CURVE ( 'NONE', #4611, #436, #1469, .T. ) ;
#5972 = CARTESIAN_POINT ( 'NONE',  ( 7.275000000000000355, 0.2500000000000002220, 2.475000000000000089 ) ) ;
#5973 = DIRECTION ( 'NONE',  ( -0.000000000000000000, -1.000000000000000000, -0.000000000000000000 ) ) ;
#5974 = EDGE_CURVE ( 'NONE', #5811, #147, #988, .T. ) ;
#5975 = CARTESIAN_POINT ( 'NONE',  ( -7.875000000000000000, 0.4999999999999998890, -1.574999999999999512 ) ) ;
#5976 = ORIENTED_EDGE ( 'NONE', *, *, #1097, .T. ) ;
#5977 = ADVANCED_FACE ( 'NONE', ( #3143 ), #6015, .F. ) ;
#5979 = SURFACE_STYLE_FILL_AREA ( #5122 ) ;
#5978 = CARTESIAN_POINT ( 'NONE',  ( 2.125000000000000000, 0.000000000000000000, 2.475000000000000089 ) ) ;
#5980 = DIRECTION ( 'NONE',  ( -1.000000000000000000, -0.000000000000000000, -0.000000000000000000 ) ) ;
#5981 = SURFACE_STYLE_USAGE ( .BOTH. , #4486 ) ;
#5982 = VERTEX_POINT ( 'NONE', #5133 ) ;
#5983 = ORIENTED_EDGE ( 'NONE', *, *, #6240, .T. ) ;
#5984 = ORIENTED_EDGE ( 'NONE', *, *, #4309, .F. ) ;
#5985 = EDGE_CURVE ( 'NONE', #1199, #5078, #4590, .T. ) ;
#5986 = CARTESIAN_POINT ( 'NONE',  ( 4.474999999999998757, 3.299999999999999822, -0.7749999999999999112 ) ) ;
#5987 = PLANE ( 'NONE',  #1925 ) ;
#5988 = CARTESIAN_POINT ( 'NONE',  ( 7.275000000000000355, 4.049999999999999822, -1.474999999999996536 ) ) ;
#5989 = AXIS2_PLACEMENT_3D ( 'NONE', #2914, #4440, #2083 ) ;
#5990 = ORIENTED_EDGE ( 'NONE', *, *, #4807, .T. ) ;
#5991 = ORIENTED_EDGE ( 'NONE', *, *, #5040, .F. ) ;
#5992 = ORIENTED_EDGE ( 'NONE', *, *, #5503, .T. ) ;
#5993 = VECTOR ( 'NONE', #1675, 1000.000000000000000 ) ;
#5994 = FACE_OUTER_BOUND ( 'NONE', #6163, .T. ) ;
#5995 = CARTESIAN_POINT ( 'NONE',  ( 5.724999999999997868, 0.4999999999999998890, -0.8249999999999997335 ) ) ;
#5996 = VECTOR ( 'NONE', #369, 1000.000000000000000 ) ;
#5997 = SURFACE_SIDE_STYLE ('',( #44 ) ) ;
#5998 = DIRECTION ( 'NONE',  ( 0.000000000000000000, 1.000000000000000000, 0.000000000000000000 ) ) ;
#5999 = ORIENTED_EDGE ( 'NONE', *, *, #6121, .T. ) ;
#6000 = AXIS2_PLACEMENT_3D ( 'NONE', #3410, #4881, #4985 ) ;
#6001 = DIRECTION ( 'NONE',  ( 1.000000000000000000, 0.000000000000000000, 0.000000000000000000 ) ) ;
#6002 = FACE_OUTER_BOUND ( 'NONE', #1605, .T. ) ;
#6003 = LINE ( 'NONE', #5116, #6061 ) ;
#6004 = PLANE ( 'NONE',  #5495 ) ;
#6006 = LINE ( 'NONE', #4156, #3950 ) ;
#6005 = LINE ( 'NONE', #1639, #2712 ) ;
#6007 = FACE_OUTER_BOUND ( 'NONE', #1964, .T. ) ;
#6008 = FACE_OUTER_BOUND ( 'NONE', #5740, .T. ) ;
#6009 = ORIENTED_EDGE ( 'NONE', *, *, #792, .T. ) ;
#6010 = VERTEX_POINT ( 'NONE', #5955 ) ;
#6011 = ORIENTED_EDGE ( 'NONE', *, *, #2594, .T. ) ;
#6012 = FACE_OUTER_BOUND ( 'NONE', #5454, .T. ) ;
#6013 = AXIS2_PLACEMENT_3D ( 'NONE', #4113, #5674, #2654 ) ;
#6014 = DIRECTION ( 'NONE',  ( 0.000000000000000000, -0.000000000000000000, 1.000000000000000000 ) ) ;
#6015 = PLANE ( 'NONE',  #5131 ) ;
#6016 = VERTEX_POINT ( 'NONE', #5105 ) ;
#6017 = VERTEX_POINT ( 'NONE', #3081 ) ;
#6018 = ORIENTED_EDGE ( 'NONE', *, *, #5897, .F. ) ;
#6019 = AXIS2_PLACEMENT_3D ( 'NONE', #2068, #4007, #5006 ) ;
#6020 = DIRECTION ( 'NONE',  ( 0.000000000000000000, 1.000000000000000000, 2.282530889443167515E-16 ) ) ;
#6021 = CARTESIAN_POINT ( 'NONE',  ( 4.474999999999996980, 0.4999999999999998890, -0.8249999999999997335 ) ) ;
#6022 = CARTESIAN_POINT ( 'NONE',  ( 4.274999999999997691, -0.1499999999999963862, -2.374999999999999112 ) ) ;
#6023 = DIRECTION ( 'NONE',  ( 0.000000000000000000, 1.000000000000000000, 0.000000000000000000 ) ) ;
#6024 = ORIENTED_EDGE ( 'NONE', *, *, #2285, .F. ) ;
#6025 = CARTESIAN_POINT ( 'NONE',  ( 5.724999999999996980, 3.950000000000000178, 0.3750000000000001110 ) ) ;
#6026 = DIRECTION ( 'NONE',  ( 0.000000000000000000, 0.000000000000000000, -1.000000000000000000 ) ) ;
#6027 = VECTOR ( 'NONE', #5531, 1000.000000000000000 ) ;
#6029 = DIRECTION ( 'NONE',  ( 0.000000000000000000, 0.000000000000000000, 1.000000000000000000 ) ) ;
#6028 = APPLICATION_PROTOCOL_DEFINITION ( 'draft international standard', 'automotive_design', 1998, #4018 ) ;
#6030 = VECTOR ( 'NONE', #3176, 1000.000000000000114 ) ;
#6031 = LINE ( 'NONE', #3614, #302 ) ;
#6032 = AXIS2_PLACEMENT_3D ( 'NONE', #5187, #4768, #6217 ) ;
#6034 = CARTESIAN_POINT ( 'NONE',  ( 4.274999999999997691, 0.3500000000000009215, -1.324999999999999512 ) ) ;
#6033 = CARTESIAN_POINT ( 'NONE',  ( 5.524999999999997691, 0.1500000000000032419, -2.474999999999999645 ) ) ;
#6035 = DIRECTION ( 'NONE',  ( -0.000000000000000000, 1.000000000000000000, -0.000000000000000000 ) ) ;
#6036 = LINE ( 'NONE', #4549, #3699 ) ;
#6037 = VERTEX_POINT ( 'NONE', #5039 ) ;
#6038 = ORIENTED_EDGE ( 'NONE', *, *, #4807, .F. ) ;
#6039 = VECTOR ( 'NONE', #2382, 1000.000000000000000 ) ;
#6040 = ORIENTED_EDGE ( 'NONE', *, *, #1762, .T. ) ;
#6041 = EDGE_LOOP ( 'NONE', ( #1119, #2893, #5217, #3107 ) ) ;
#6042 = EDGE_CURVE ( 'NONE', #4680, #3486, #1245, .T. ) ;
#6043 = DIRECTION ( 'NONE',  ( 0.000000000000000000, 0.000000000000000000, -1.000000000000000000 ) ) ;
#6044 = EDGE_CURVE ( 'NONE', #4796, #6294, #4620, .T. ) ;
#6045 = DIRECTION ( 'NONE',  ( -0.000000000000000000, 1.000000000000000000, 0.000000000000000000 ) ) ;
#6046 = LINE ( 'NONE', #1178, #6030 ) ;
#6047 = ADVANCED_FACE ( 'NONE', ( #5552 ), #2101, .F. ) ;
#6048 = ORIENTED_EDGE ( 'NONE', *, *, #3989, .T. ) ;
#6049 = ORIENTED_EDGE ( 'NONE', *, *, #2121, .T. ) ;
#6050 = ORIENTED_EDGE ( 'NONE', *, *, #1622, .T. ) ;
#6051 = EDGE_CURVE ( 'NONE', #2625, #1130, #4556, .T. ) ;
#6052 = EDGE_CURVE ( 'NONE', #5031, #4074, #6046, .T. ) ;
#6053 = DIRECTION ( 'NONE',  ( -1.000000000000000000, -0.000000000000000000, -0.000000000000000000 ) ) ;
#6054 = CARTESIAN_POINT ( 'NONE',  ( 2.425000000000000266, 1.899999999999999911, 1.825000000000000622 ) ) ;
#6055 = CARTESIAN_POINT ( 'NONE',  ( 7.575000000000000178, -0.1499999999999963862, 2.324999999999999734 ) ) ;
#6056 = CARTESIAN_POINT ( 'NONE',  ( 5.524999999999998579, 3.449999999999999289, 0.3749999999999999445 ) ) ;
#6057 = VECTOR ( 'NONE', #2413, 1000.000000000000000 ) ;
#6058 = VECTOR ( 'NONE', #151, 1000.000000000000000 ) ;
#6059 = VERTEX_POINT ( 'NONE', #3113 ) ;
#6060 = VECTOR ( 'NONE', #5384, 999.9999999999998863 ) ;
#6061 = VECTOR ( 'NONE', #1632, 1000.000000000000000 ) ;
#6062 = DIRECTION ( 'NONE',  ( 1.000000000000000000, 0.000000000000000000, -0.000000000000000000 ) ) ;
#6063 = DIRECTION ( 'NONE',  ( 0.000000000000000000, -1.000000000000000000, -2.456395547037470490E-16 ) ) ;
#6064 = CARTESIAN_POINT ( 'NONE',  ( 7.375000000000000888, 1.899999999999999911, 1.825000000000000622 ) ) ;
#6065 = ORIENTED_EDGE ( 'NONE', *, *, #2822, .T. ) ;
#6066 = DIRECTION ( 'NONE',  ( 0.000000000000000000, 0.000000000000000000, 1.000000000000000000 ) ) ;
#6068 = CARTESIAN_POINT ( 'NONE',  ( 4.124999999999999112, 3.950000000000000178, 0.1750000000000000999 ) ) ;
#6067 = DIRECTION ( 'NONE',  ( -1.000000000000000000, 0.000000000000000000, 0.000000000000000000 ) ) ;
#6069 = CARTESIAN_POINT ( 'NONE',  ( 5.524999999999998579, 1.449999999999999956, -0.7749999999999999112 ) ) ;
#6070 = CARTESIAN_POINT ( 'NONE',  ( 5.724999999999997868, 3.050000000000000266, -0.02500000000000021302 ) ) ;
#6071 = ORIENTED_EDGE ( 'NONE', *, *, #3980, .T. ) ;
#6072 = ORIENTED_EDGE ( 'NONE', *, *, #1832, .T. ) ;
#6073 = VERTEX_POINT ( 'NONE', #161 ) ;
#6074 = ORIENTED_EDGE ( 'NONE', *, *, #2787, .F. ) ;
#6075 = ADVANCED_FACE ( 'NONE', ( #123 ), #3558, .T. ) ;
#6076 = CARTESIAN_POINT ( 'NONE',  ( 5.374999999999999112, 3.950000000000000178, 0.1750000000000000999 ) ) ;
#6077 = DIRECTION ( 'NONE',  ( -0.000000000000000000, 0.000000000000000000, -1.000000000000000000 ) ) ;
#6078 = LINE ( 'NONE', #3660, #1158 ) ;
#6079 = CARTESIAN_POINT ( 'NONE',  ( -4.228388472693454967E-16, 4.049999999999999822, 0.9749999999999963141 ) ) ;
#6080 = ADVANCED_FACE ( 'NONE', ( #3627 ), #5581, .F. ) ;
#6081 = PRODUCT_DEFINITION_CONTEXT ( 'detailed design', #4345, 'design' ) ;
#6082 = VERTEX_POINT ( 'NONE', #2616 ) ;
#6083 = ORIENTED_EDGE ( 'NONE', *, *, #3758, .F. ) ;
#6084 = EDGE_CURVE ( 'NONE', #3937, #1331, #1591, .T. ) ;
#6085 = ADVANCED_FACE ( 'NONE', ( #2200 ), #5486, .F. ) ;
#6086 = CARTESIAN_POINT ( 'NONE',  ( 3.999999999999999112, 3.849999999999997424, 2.075000000000000622 ) ) ;
#6087 = DIRECTION ( 'NONE',  ( 0.000000000000000000, -0.7071067811865472397, -0.7071067811865479058 ) ) ;
#6088 = PLANE ( 'NONE',  #6211 ) ;
#6089 = CARTESIAN_POINT ( 'NONE',  ( 5.724999999999999645, 3.949999999999998845, -1.174999999999997602 ) ) ;
#6090 = EDGE_CURVE ( 'NONE', #4714, #3897, #6078, .T. ) ;
#6091 = AXIS2_PLACEMENT_3D ( 'NONE', #3998, #4870, #3902 ) ;
#6092 = ORIENTED_EDGE ( 'NONE', *, *, #4382, .F. ) ;
#6093 = VECTOR ( 'NONE', #2331, 1000.000000000000000 ) ;
#6094 = AXIS2_PLACEMENT_3D ( 'NONE', #4606, #5155, #2633 ) ;
#6095 = CARTESIAN_POINT ( 'NONE',  ( 2.425000000000000266, 1.899999999999999911, 1.825000000000000622 ) ) ;
#6096 = DIRECTION ( 'NONE',  ( -1.000000000000000000, 0.000000000000000000, 0.000000000000000000 ) ) ;
#6097 = CARTESIAN_POINT ( 'NONE',  ( 4.330089135474556095, 1.899999999999999911, 1.825000000000000622 ) ) ;
#6098 = EDGE_LOOP ( 'NONE', ( #976, #1431, #5817, #6112, #5041 ) ) ;
#6099 = ADVANCED_FACE ( 'NONE', ( #3534 ), #1115, .F. ) ;
#6100 = DIRECTION ( 'NONE',  ( 1.000000000000000000, 0.000000000000000000, 0.000000000000000000 ) ) ;
#6102 = DIRECTION ( 'NONE',  ( 1.000000000000000000, 0.000000000000000000, 0.000000000000000000 ) ) ;
#6101 = LINE ( 'NONE', #5094, #5250 ) ;
#6103 = LINE ( 'NONE', #3552, #2502 ) ;
#6104 = VERTEX_POINT ( 'NONE', #2581 ) ;
#6105 = ORIENTED_EDGE ( 'NONE', *, *, #332, .F. ) ;
#6106 = ORIENTED_EDGE ( 'NONE', *, *, #2201, .T. ) ;
#6107 = CARTESIAN_POINT ( 'NONE',  ( 2.375000000000000444, 2.899999999999999911, 0.1750000000000002387 ) ) ;
#6108 = CARTESIAN_POINT ( 'NONE',  ( 5.524999999999998579, 3.950000000000000178, -1.174999999999999822 ) ) ;
#6109 = CARTESIAN_POINT ( 'NONE',  ( 2.125000000000000000, 4.049999999999999822, -1.775000000000000355 ) ) ;
#6110 = FACE_OUTER_BOUND ( 'NONE', #1496, .T. ) ;
#6111 = VERTEX_POINT ( 'NONE', #5988 ) ;
#6112 = ORIENTED_EDGE ( 'NONE', *, *, #448, .F. ) ;
#6113 = ORIENTED_EDGE ( 'NONE', *, *, #5408, .F. ) ;
#6114 = COLOUR_RGB ( '',0.7960784313725489669, 0.8235294117647058432, 0.9372549019607843146 ) ;
#6115 = DIRECTION ( 'NONE',  ( 0.000000000000000000, -1.000000000000000000, -3.336006684570783101E-16 ) ) ;
#6116 = LINE ( 'NONE', #1725, #2663 ) ;
#6117 = LINE ( 'NONE', #831, #2481 ) ;
#6118 = ORIENTED_EDGE ( 'NONE', *, *, #1829, .T. ) ;
#6119 = DIRECTION ( 'NONE',  ( 1.000000000000000000, -0.000000000000000000, -0.000000000000000000 ) ) ;
#6120 = CARTESIAN_POINT ( 'NONE',  ( 17.87500000000000355, 1.999999999999999112, 2.475000000000000089 ) ) ;
#6121 = EDGE_CURVE ( 'NONE', #6017, #188, #4072, .T. ) ;
#6123 = CARTESIAN_POINT ( 'NONE',  ( 5.724999999999997868, 3.950000000000000178, 0.3750000000000000000 ) ) ;
#6122 = DIRECTION ( 'NONE',  ( 0.000000000000000000, 0.000000000000000000, 1.000000000000000000 ) ) ;
#6124 = ORIENTED_EDGE ( 'NONE', *, *, #3634, .T. ) ;
#6125 = EDGE_CURVE ( 'NONE', #4233, #2373, #4686, .T. ) ;
#6126 = FACE_OUTER_BOUND ( 'NONE', #5874, .T. ) ;
#6127 = DIRECTION ( 'NONE',  ( -0.000000000000000000, 0.000000000000000000, -1.000000000000000000 ) ) ;
#6128 = DIRECTION ( 'NONE',  ( 0.000000000000000000, 0.000000000000000000, -1.000000000000000000 ) ) ;
#6129 = VECTOR ( 'NONE', #5314, 1000.000000000000000 ) ;
#6130 = CARTESIAN_POINT ( 'NONE',  ( 7.375000000000000888, 0.2500000000000000000, 0.2250000000000008105 ) ) ;
#6131 = VECTOR ( 'NONE', #5743, 1000.000000000000000 ) ;
#6132 = VERTEX_POINT ( 'NONE', #6168 ) ;
#6133 = EDGE_CURVE ( 'NONE', #964, #730, #2807, .T. ) ;
#6134 = DIRECTION ( 'NONE',  ( -1.000000000000000000, -0.000000000000000000, -0.000000000000000000 ) ) ;
#6135 = VECTOR ( 'NONE', #6197, 1000.000000000000000 ) ;
#6136 = CARTESIAN_POINT ( 'NONE',  ( 5.874999999999997335, 1.449999999999999956, 0.3750000000000000000 ) ) ;
#6137 = LINE ( 'NONE', #5669, #242 ) ;
#6138 = LINE ( 'NONE', #2054, #1161 ) ;
#6139 = UNCERTAINTY_MEASURE_WITH_UNIT (LENGTH_MEASURE( 1.000000000000000082E-05 ), #1598, 'distance_accuracy_value', 'NONE');
#6140 = ORIENTED_EDGE ( 'NONE', *, *, #5054, .T. ) ;
#6141 = CARTESIAN_POINT ( 'NONE',  ( 4.274999999999998579, 3.299999999999999822, -0.9349999999999998312 ) ) ;
#6142 = LINE ( 'NONE', #3183, #5004 ) ;
#6143 = DIRECTION ( 'NONE',  ( 0.000000000000000000, 0.000000000000000000, -1.000000000000000000 ) ) ;
#6144 = EDGE_CURVE ( 'NONE', #3255, #3503, #822, .T. ) ;
#6145 = EDGE_CURVE ( 'NONE', #965, #1909, #1335, .T. ) ;
#6146 = DIRECTION ( 'NONE',  ( 0.000000000000000000, -9.054517642116248640E-16, -1.000000000000000000 ) ) ;
#6147 = VECTOR ( 'NONE', #5409, 1000.000000000000114 ) ;
#6148 = VECTOR ( 'NONE', #4412, 1000.000000000000000 ) ;
#6149 = DIRECTION ( 'NONE',  ( -1.000000000000000000, 0.000000000000000000, 0.000000000000000000 ) ) ;
#6150 = LINE ( 'NONE', #3735, #2508 ) ;
#6151 = ORIENTED_EDGE ( 'NONE', *, *, #4033, .T. ) ;
#6152 = EDGE_CURVE ( 'NONE', #4638, #6226, #4655, .T. ) ;
#6153 = VECTOR ( 'NONE', #6215, 1000.000000000000000 ) ;
#6154 = VECTOR ( 'NONE', #5656, 1000.000000000000000 ) ;
#6155 = EDGE_CURVE ( 'NONE', #3019, #2454, #6137, .T. ) ;
#6156 = CARTESIAN_POINT ( 'NONE',  ( 7.875000000000000000, 4.049999999999999822, -1.775000000000000355 ) ) ;
#6158 = DIRECTION ( 'NONE',  ( 4.688441826964343312E-16, 1.000000000000000000, -0.000000000000000000 ) ) ;
#6157 = DIRECTION ( 'NONE',  ( 1.000000000000000000, -0.000000000000000000, -0.000000000000000000 ) ) ;
#6159 = EDGE_CURVE ( 'NONE', #3830, #2959, #2831, .T. ) ;
#6160 = CARTESIAN_POINT ( 'NONE',  ( 5.724999999999997868, 0.3000000000000009881, -1.625000000000000888 ) ) ;
#6161 = CARTESIAN_POINT ( 'NONE',  ( 7.575000000000000178, 0.5999999999999999778, 1.825000000000000622 ) ) ;
#6162 = EDGE_CURVE ( 'NONE', #5609, #564, #3234, .T. ) ;
#6163 = EDGE_LOOP ( 'NONE', ( #2522, #1559, #2524, #3690 ) ) ;
#6164 = ORIENTED_EDGE ( 'NONE', *, *, #1798, .F. ) ;
#6165 = ORIENTED_EDGE ( 'NONE', *, *, #523, .T. ) ;
#6166 = CARTESIAN_POINT ( 'NONE',  ( 2.425000000000000266, -0.1499999999999963862, 2.324999999999999734 ) ) ;
#6167 = PLANE ( 'NONE',  #5823 ) ;
#6168 = CARTESIAN_POINT ( 'NONE',  ( 5.374999999999999112, 1.449999999999999956, 0.1750000000000000999 ) ) ;
#6169 = PLANE ( 'NONE',  #1368 ) ;
#6170 = ORIENTED_EDGE ( 'NONE', *, *, #5865, .F. ) ;
#6171 = EDGE_CURVE ( 'NONE', #6073, #3056, #1752, .T. ) ;
#6172 = ORIENTED_EDGE ( 'NONE', *, *, #4015, .T. ) ;
#6173 = ORIENTED_EDGE ( 'NONE', *, *, #4091, .T. ) ;
#6174 = ADVANCED_FACE ( 'NONE', ( #5695 ), #3688, .F. ) ;
#6175 = LINE ( 'NONE', #417, #4187 ) ;
#6176 = DIRECTION ( 'NONE',  ( 0.000000000000000000, -1.000000000000000000, -4.336808689941999494E-16 ) ) ;
#6177 = LINE ( 'NONE', #4236, #4823 ) ;
#6178 = CLOSED_SHELL ( 'NONE', ( #2008, #720, #801, #4575, #2780, #4378, #4149, #3894, #1389, #1418, #6174, #402, #1381, #528, #577 ) ) ;
#6179 = ORIENTED_EDGE ( 'NONE', *, *, #4252, .T. ) ;
#6180 = LINE ( 'NONE', #390, #4885 ) ;
#6181 = FACE_OUTER_BOUND ( 'NONE', #3212, .T. ) ;
#6182 = DIRECTION ( 'NONE',  ( 0.000000000000000000, 0.000000000000000000, -1.000000000000000000 ) ) ;
#6183 = AXIS2_PLACEMENT_3D ( 'NONE', #5299, #3712, #929 ) ;
#6184 = LINE ( 'NONE', #2846, #3011 ) ;
#6185 = VERTEX_POINT ( 'NONE', #1403 ) ;
#6186 = VECTOR ( 'NONE', #5342, 1000.000000000000000 ) ;
#6187 = CARTESIAN_POINT ( 'NONE',  ( 2.425000000000000266, 0.000000000000000000, 0.000000000000000000 ) ) ;
#6188 = FACE_OUTER_BOUND ( 'NONE', #2284, .T. ) ;
#6189 = AXIS2_PLACEMENT_3D ( 'NONE', #2178, #6062, #4633 ) ;
#6190 = CARTESIAN_POINT ( 'NONE',  ( 2.125000000000000000, 4.049999999999999822, 2.475000000000000089 ) ) ;
#6191 = CARTESIAN_POINT ( 'NONE',  ( 7.625000000000000000, 2.899999999999999911, -0.3249999999999997891 ) ) ;
#6192 = ORIENTED_EDGE ( 'NONE', *, *, #61, .T. ) ;
#6193 = ORIENTED_EDGE ( 'NONE', *, *, #5402, .F. ) ;
#6195 = CARTESIAN_POINT ( 'NONE',  ( 5.524999999999997691, 0.09999999999999999167, -0.8250000000000010658 ) ) ;
#6194 = CARTESIAN_POINT ( 'NONE',  ( -6.875000000000000000, -13.83708784390703705, 0.3750000000000001110 ) ) ;
#6196 = DIRECTION ( 'NONE',  ( 0.000000000000000000, 1.000000000000000000, 0.000000000000000000 ) ) ;
#6197 = DIRECTION ( 'NONE',  ( -1.000000000000000000, -0.000000000000000000, -0.000000000000000000 ) ) ;
#6198 = EDGE_CURVE ( 'NONE', #1691, #3153, #2260, .T. ) ;
#6199 = DIRECTION ( 'NONE',  ( 0.000000000000000000, 0.000000000000000000, -1.000000000000000000 ) ) ;
#6200 = VERTEX_POINT ( 'NONE', #1280 ) ;
#6201 = VERTEX_POINT ( 'NONE', #3208 ) ;
#6202 = ORIENTED_EDGE ( 'NONE', *, *, #2698, .T. ) ;
#6203 = FACE_OUTER_BOUND ( 'NONE', #4210, .T. ) ;
#6204 = CARTESIAN_POINT ( 'NONE',  ( 4.474999999999996980, -0.1499999999999963862, -1.474999999999999645 ) ) ;
#6205 = DIRECTION ( 'NONE',  ( -1.000000000000000000, -0.000000000000000000, -0.000000000000000000 ) ) ;
#6206 = ORIENTED_EDGE ( 'NONE', *, *, #5308, .T. ) ;
#6207 = ORIENTED_EDGE ( 'NONE', *, *, #3994, .F. ) ;
#6208 = LINE ( 'NONE', #1822, #5293 ) ;
#6209 = DIRECTION ( 'NONE',  ( 0.000000000000000000, 0.000000000000000000, -1.000000000000000000 ) ) ;
#6210 = SURFACE_STYLE_FILL_AREA ( #869 ) ;
#6211 = AXIS2_PLACEMENT_3D ( 'NONE', #1251, #5145, #771 ) ;
#6212 = DIRECTION ( 'NONE',  ( 0.000000000000000000, -1.000000000000000000, 0.000000000000000000 ) ) ;
#6213 = VERTEX_POINT ( 'NONE', #5168 ) ;
#6214 = DIRECTION ( 'NONE',  ( 0.4472135954999579277, 0.8944271909999158554, -0.000000000000000000 ) ) ;
#6215 = DIRECTION ( 'NONE',  ( -0.000000000000000000, -1.000000000000000000, -0.000000000000000000 ) ) ;
#6216 = DIRECTION ( 'NONE',  ( 0.000000000000000000, -1.000000000000000000, -4.553649124439118623E-15 ) ) ;
#6217 = DIRECTION ( 'NONE',  ( 1.000000000000000000, 0.000000000000000000, 0.000000000000000000 ) ) ;
#6218 = VERTEX_POINT ( 'NONE', #2288 ) ;
#6219 = ORIENTED_EDGE ( 'NONE', *, *, #2094, .T. ) ;
#6221 = LINE ( 'NONE', #5282, #5731 ) ;
#6220 = DIRECTION ( 'NONE',  ( 0.000000000000000000, -0.000000000000000000, 1.000000000000000000 ) ) ;
#6222 = LINE ( 'NONE', #6260, #5213 ) ;
#6223 = DIRECTION ( 'NONE',  ( 0.000000000000000000, 1.000000000000000000, 0.000000000000000000 ) ) ;
#6224 = CARTESIAN_POINT ( 'NONE',  ( 2.125000000000000000, 0.000000000000000000, -0.8249999999999997335 ) ) ;
#6225 = AXIS2_PLACEMENT_3D ( 'NONE', #5471, #1095, #4505 ) ;
#6226 = VERTEX_POINT ( 'NONE', #3330 ) ;
#6227 = ADVANCED_FACE ( 'NONE', ( #3725 ), #380, .F. ) ;
#6228 = AXIS2_PLACEMENT_3D ( 'NONE', #3839, #4684, #317 ) ;
#6229 = VERTEX_POINT ( 'NONE', #1805 ) ;
#6230 = EDGE_CURVE ( 'NONE', #2449, #2792, #3747, .T. ) ;
#6231 = VECTOR ( 'NONE', #5112, 1000.000000000000000 ) ;
#6232 = DIRECTION ( 'NONE',  ( 0.5773502691896257311, 0.5773502691896257311, 0.5773502691896257311 ) ) ;
#6233 = EDGE_CURVE ( 'NONE', #4525, #3372, #5222, .T. ) ;
#6234 = MECHANICAL_DESIGN_GEOMETRIC_PRESENTATION_REPRESENTATION (  '', ( #5231 ), #3794 ) ;
#6235 = PLANE ( 'NONE',  #4157 ) ;
#6236 = PLANE ( 'NONE',  #2274 ) ;
#6237 = PRESENTATION_LAYER_ASSIGNMENT (  '', '', ( #2283 ) ) ;
#6238 = ORIENTED_EDGE ( 'NONE', *, *, #4667, .T. ) ;
#6239 = ADVANCED_FACE ( 'NONE', ( #5727 ), #3809, .F. ) ;
#6240 = EDGE_CURVE ( 'NONE', #3214, #2556, #4257, .T. ) ;
#6241 = AXIS2_PLACEMENT_3D ( 'NONE', #5318, #886, #2892 ) ;
#6242 = ORIENTED_EDGE ( 'NONE', *, *, #3121, .F. ) ;
#6243 = DIRECTION ( 'NONE',  ( 1.000000000000000000, -0.000000000000000000, -0.000000000000000000 ) ) ;
#6244 = CARTESIAN_POINT ( 'NONE',  ( 3.408333333333335435, 2.683333333333328685, 3.158333333333329662 ) ) ;
#6245 = DIRECTION ( 'NONE',  ( 0.000000000000000000, -5.421010862427526114E-15, 1.000000000000000000 ) ) ;
#6246 = DIRECTION ( 'NONE',  ( 0.000000000000000000, 1.000000000000000000, 0.000000000000000000 ) ) ;
#6247 = EDGE_CURVE ( 'NONE', #3743, #5648, #4898, .T. ) ;
#6248 = VECTOR ( 'NONE', #3130, 1000.000000000000000 ) ;
#6249 = CARTESIAN_POINT ( 'NONE',  ( 7.174999999999999822, 3.149999999999999911, 2.475000000000000089 ) ) ;
#6250 = DIRECTION ( 'NONE',  ( -1.000000000000000000, -0.000000000000000000, -0.000000000000000000 ) ) ;
#6251 = FACE_OUTER_BOUND ( 'NONE', #3751, .T. ) ;
#6252 = CARTESIAN_POINT ( 'NONE',  ( 5.524999999999998579, 4.049999999999999822, 0.4749999999999995337 ) ) ;
#6253 = VECTOR ( 'NONE', #6280, 1000.000000000000000 ) ;
#6254 = AXIS2_PLACEMENT_3D ( 'NONE', #2447, #5914, #3427 ) ;
#6255 = ORIENTED_EDGE ( 'NONE', *, *, #2249, .F. ) ;
#6256 = ORIENTED_EDGE ( 'NONE', *, *, #5692, .F. ) ;
#6257 = VECTOR ( 'NONE', #5074, 1000.000000000000000 ) ;
#6259 = CARTESIAN_POINT ( 'NONE',  ( 4.624999999999998224, 1.449999999999999956, 0.3750000000000000000 ) ) ;
#6258 = CARTESIAN_POINT ( 'NONE',  ( 7.875000000000000000, 2.349999999999999645, 1.675000000000000266 ) ) ;
#6260 = CARTESIAN_POINT ( 'NONE',  ( 7.375000000000000000, 3.399999999999999911, -1.174999999999999822 ) ) ;
#6261 = CARTESIAN_POINT ( 'NONE',  ( -5.000000000000000000, 0.000000000000000000, -0.3499999999999999223 ) ) ;
#6262 = CARTESIAN_POINT ( 'NONE',  ( 6.974999999999995204, 1.800000000000000044, -1.774999999999999689 ) ) ;
#6263 = ORIENTED_EDGE ( 'NONE', *, *, #2589, .F. ) ;
#6264 = ORIENTED_EDGE ( 'NONE', *, *, #295, .T. ) ;
#6265 = ORIENTED_EDGE ( 'NONE', *, *, #1399, .T. ) ;
#6266 = EDGE_CURVE ( 'NONE', #2494, #6132, #5315, .T. ) ;
#6267 = CARTESIAN_POINT ( 'NONE',  ( 5.669910864525444794, 0.5999999999999999778, 1.825000000000000622 ) ) ;
#6268 = CARTESIAN_POINT ( 'NONE',  ( 5.524999999999997691, 0.1000000000000020872, -1.224999999999998312 ) ) ;
#6269 = CARTESIAN_POINT ( 'NONE',  ( 5.724999999999997868, 3.050000000000000266, 0.000000000000000000 ) ) ;
#6270 = EDGE_CURVE ( 'NONE', #837, #3084, #2593, .T. ) ;
#6271 = ORIENTED_EDGE ( 'NONE', *, *, #1354, .T. ) ;
#6272 = ORIENTED_EDGE ( 'NONE', *, *, #4388, .F. ) ;
#6273 = DIRECTION ( 'NONE',  ( 0.000000000000000000, 0.000000000000000000, -1.000000000000000000 ) ) ;
#6274 = LINE ( 'NONE', #2964, #1724 ) ;
#6275 = CARTESIAN_POINT ( 'NONE',  ( 5.724999999999997868, 4.049999999999999822, 0.4749999999999995337 ) ) ;
#6276 = EDGE_CURVE ( 'NONE', #1900, #1338, #2861, .T. ) ;
#6277 = DIRECTION ( 'NONE',  ( 0.000000000000000000, 0.7071067811865405783, 0.7071067811865545671 ) ) ;
#6278 = ORIENTED_EDGE ( 'NONE', *, *, #4183, .F. ) ;
#6279 = CARTESIAN_POINT ( 'NONE',  ( 6.000000000000000888, 0.000000000000000000, 0.6750000000000004885 ) ) ;
#6280 = DIRECTION ( 'NONE',  ( 0.000000000000000000, -1.000000000000000000, 0.000000000000000000 ) ) ;
#6281 = DIRECTION ( 'NONE',  ( 0.000000000000000000, -5.421010862427526114E-15, 1.000000000000000000 ) ) ;
#6282 = PLANE ( 'NONE',  #6032 ) ;
#6283 = EDGE_LOOP ( 'NONE', ( #2720, #2082, #3422, #3047, #2012, #5960 ) ) ;
#6284 = ORIENTED_EDGE ( 'NONE', *, *, #295, .F. ) ;
#6285 = VECTOR ( 'NONE', #4321, 1000.000000000000000 ) ;
#6286 = EDGE_CURVE ( 'NONE', #3111, #3752, #2116, .T. ) ;
#6287 = VECTOR ( 'NONE', #2391, 1000.000000000000000 ) ;
#6288 = VERTEX_POINT ( 'NONE', #3463 ) ;
#6290 = CARTESIAN_POINT ( 'NONE',  ( -6.875000000000000000, 3.950000000000000178, 0.3750000000000001110 ) ) ;
#6289 = DIRECTION ( 'NONE',  ( 0.000000000000000000, -1.000000000000000000, 0.000000000000000000 ) ) ;
#6291 = PLANE ( 'NONE',  #4716 ) ;
#6292 = DIRECTION ( 'NONE',  ( -1.000000000000000000, -0.000000000000000000, 0.000000000000000000 ) ) ;
#6293 = LINE ( 'NONE', #2808, #6039 ) ;
#6294 = VERTEX_POINT ( 'NONE', #475 ) ;
#6295 = NEXT_ASSEMBLY_USAGE_OCCURRENCE ( 'NAUO1', ' ', ' ', #2573, #783, $ ) ;
ENDSEC;
END-ISO-10303-21;
