ISO-10303-21;
HEADER;
FILE_DESCRIPTION(('CAx-IF Rec.Pracs.---Model Styling and Organization---1.5---2016-08-15','CAx-IF Rec.Pracs.---Geometric and Assembly Validation Properties---4.4---2016-08-17','CAx-IF Rec.Pracs.---User Defined Attributes---1.5---2016-08-15','CAx-IF Rec.Pracs.---External References---2.1---2005-01-19'),'2;1');
FILE_NAME('18952678.step','2024-07-28T17:27:34',('Unspecified'),('Unspecified'),'CAD Exchanger 3.10.2 (cadexchanger.com)','Unspecified','');
FILE_SCHEMA(('AUTOMOTIVE_DESIGN { 1 0 10303 214 1 1 1 1 }'));
ENDSEC;
DATA;
#1=APPLICATION_CONTEXT('core data for automotive mechanical design processes');
#2=APPLICATION_PROTOCOL_DEFINITION('international standard','automotive_design',2000,#1);
#3=PRODUCT_CONTEXT('',#1,'mechanical');
#4=PRODUCT('LM393LVDSGR','LM393LVDSGR',$,(#3));
#5=PRODUCT_DEFINITION_FORMATION('',$,#4);
#6=PRODUCT_DEFINITION_CONTEXT('part definition',#1,'design');
#7=PRODUCT_DEFINITION('design',$,#5,#6);
#8=PRODUCT_DEFINITION_SHAPE('',$,#7);
#9=MANIFOLD_SOLID_BREP('Cut-Extrude1',#10);
#10=CLOSED_SHELL('NONE',(#11,#179,#210,#369,#391,#629,#641,#672,#696,#720,#744,#761,#774,#798,#822,#839,#851,#875,#899,#916,#928,#952,#976,#993,#1005,#1029,#1053,#1070,#1082,#1106,#1130,#1147,#1159,#1183,#1207,#1224,#1236,#1260,#1284,#1301,#1313,#1337,#1361,#1378));
#11=ADVANCED_FACE('NONE',(#12),#174,.F.);
#12=FACE_BOUND('NONE',#13,.T.);
#13=EDGE_LOOP('',(#14,#24,#32,#40,#48,#56,#64,#72,#80,#88,#96,#104,#112,#120,#128,#136,#144,#152,#160,#168));
#14=ORIENTED_EDGE('',*,*,#15,.T.);
#15=EDGE_CURVE('NONE',#16,#18,#20,.F.);
#16=VERTEX_POINT('NONE',#17);
#17=CARTESIAN_POINT('',(1.05,0.6,0.652418595));
#18=VERTEX_POINT('NONE',#19);
#19=CARTESIAN_POINT('',(1.05,0.6,0.917498475));
#20=LINE('',#21,#22);
#21=CARTESIAN_POINT('',(1.05,0.6,0.917498475));
#22=VECTOR('',#23,1.0);
#23=DIRECTION('',(0.0,0.0,-1.0));
#24=ORIENTED_EDGE('',*,*,#25,.T.);
#25=EDGE_CURVE('NONE',#18,#26,#28,.T.);
#26=VERTEX_POINT('NONE',#27);
#27=CARTESIAN_POINT('',(1.05,0.8,0.917498475));
#28=LINE('',#29,#30);
#29=CARTESIAN_POINT('',(1.05,0.6,0.917498475));
#30=VECTOR('',#31,1.0);
#31=DIRECTION('',(0.0,1.0,0.0));
#32=ORIENTED_EDGE('',*,*,#33,.T.);
#33=EDGE_CURVE('NONE',#26,#34,#36,.F.);
#34=VERTEX_POINT('NONE',#35);
#35=CARTESIAN_POINT('',(1.05,0.8,1.05));
#36=LINE('',#37,#38);
#37=CARTESIAN_POINT('',(1.05,0.8,-1.05));
#38=VECTOR('',#39,1.0);
#39=DIRECTION('',(0.0,0.0,-1.0));
#40=ORIENTED_EDGE('',*,*,#41,.T.);
#41=EDGE_CURVE('NONE',#34,#42,#44,.T.);
#42=VERTEX_POINT('NONE',#43);
#43=CARTESIAN_POINT('',(1.05,0.0,1.05));
#44=LINE('',#45,#46);
#45=CARTESIAN_POINT('',(1.05,0.8,1.05));
#46=VECTOR('',#47,1.0);
#47=DIRECTION('',(0.0,-1.0,0.0));
#48=ORIENTED_EDGE('',*,*,#49,.T.);
#49=EDGE_CURVE('NONE',#42,#50,#52,.T.);
#50=VERTEX_POINT('NONE',#51);
#51=CARTESIAN_POINT('',(1.05,0.0,-1.05));
#52=LINE('',#53,#54);
#53=CARTESIAN_POINT('',(1.05,0.0,-1.05));
#54=VECTOR('',#55,1.0);
#55=DIRECTION('',(0.0,0.0,-1.0));
#56=ORIENTED_EDGE('',*,*,#57,.T.);
#57=EDGE_CURVE('NONE',#50,#58,#60,.F.);
#58=VERTEX_POINT('NONE',#59);
#59=CARTESIAN_POINT('',(1.05,0.8,-1.05));
#60=LINE('',#61,#62);
#61=CARTESIAN_POINT('',(1.05,0.8,-1.05));
#62=VECTOR('',#63,1.0);
#63=DIRECTION('',(0.0,-1.0,0.0));
#64=ORIENTED_EDGE('',*,*,#65,.T.);
#65=EDGE_CURVE('NONE',#58,#66,#68,.F.);
#66=VERTEX_POINT('NONE',#67);
#67=CARTESIAN_POINT('',(1.05,0.8,-0.917498475));
#68=LINE('',#69,#70);
#69=CARTESIAN_POINT('',(1.05,0.8,-1.05));
#70=VECTOR('',#71,1.0);
#71=DIRECTION('',(0.0,0.0,-1.0));
#72=ORIENTED_EDGE('',*,*,#73,.T.);
#73=EDGE_CURVE('NONE',#66,#74,#76,.F.);
#74=VERTEX_POINT('NONE',#75);
#75=CARTESIAN_POINT('',(1.05,0.6,-0.917498475));
#76=LINE('',#77,#78);
#77=CARTESIAN_POINT('',(1.05,0.6,-0.917498475));
#78=VECTOR('',#79,1.0);
#79=DIRECTION('',(0.0,1.0,0.0));
#80=ORIENTED_EDGE('',*,*,#81,.T.);
#81=EDGE_CURVE('NONE',#74,#82,#84,.F.);
#82=VERTEX_POINT('NONE',#83);
#83=CARTESIAN_POINT('',(1.05,0.6,-0.652418595));
#84=LINE('',#85,#86);
#85=CARTESIAN_POINT('',(1.05,0.6,-0.917498475));
#86=VECTOR('',#87,1.0);
#87=DIRECTION('',(0.0,0.0,-1.0));
#88=ORIENTED_EDGE('',*,*,#89,.T.);
#89=EDGE_CURVE('NONE',#82,#90,#92,.T.);
#90=VERTEX_POINT('NONE',#91);
#91=CARTESIAN_POINT('',(1.05,0.8,-0.652418595));
#92=LINE('',#93,#94);
#93=CARTESIAN_POINT('',(1.05,0.6,-0.652418595));
#94=VECTOR('',#95,1.0);
#95=DIRECTION('',(0.0,1.0,0.0));
#96=ORIENTED_EDGE('',*,*,#97,.T.);
#97=EDGE_CURVE('NONE',#90,#98,#100,.F.);
#98=VERTEX_POINT('NONE',#99);
#99=CARTESIAN_POINT('',(1.05,0.8,-0.387498475));
#100=LINE('',#101,#102);
#101=CARTESIAN_POINT('',(1.05,0.8,-1.05));
#102=VECTOR('',#103,1.0);
#103=DIRECTION('',(0.0,0.0,-1.0));
#104=ORIENTED_EDGE('',*,*,#105,.T.);
#105=EDGE_CURVE('NONE',#98,#106,#108,.F.);
#106=VERTEX_POINT('NONE',#107);
#107=CARTESIAN_POINT('',(1.05,0.6,-0.387498475));
#108=LINE('',#109,#110);
#109=CARTESIAN_POINT('',(1.05,0.6,-0.387498475));
#110=VECTOR('',#111,1.0);
#111=DIRECTION('',(0.0,1.0,0.0));
#112=ORIENTED_EDGE('',*,*,#113,.T.);
#113=EDGE_CURVE('NONE',#106,#114,#116,.F.);
#114=VERTEX_POINT('NONE',#115);
#115=CARTESIAN_POINT('',(1.05,0.6,-0.122418595));
#116=LINE('',#117,#118);
#117=CARTESIAN_POINT('',(1.05,0.6,-0.387498475));
#118=VECTOR('',#119,1.0);
#119=DIRECTION('',(0.0,0.0,-1.0));
#120=ORIENTED_EDGE('',*,*,#121,.T.);
#121=EDGE_CURVE('NONE',#114,#122,#124,.T.);
#122=VERTEX_POINT('NONE',#123);
#123=CARTESIAN_POINT('',(1.05,0.8,-0.122418595));
#124=LINE('',#125,#126);
#125=CARTESIAN_POINT('',(1.05,0.6,-0.122418595));
#126=VECTOR('',#127,1.0);
#127=DIRECTION('',(0.0,1.0,0.0));
#128=ORIENTED_EDGE('',*,*,#129,.T.);
#129=EDGE_CURVE('NONE',#122,#130,#132,.F.);
#130=VERTEX_POINT('NONE',#131);
#131=CARTESIAN_POINT('',(1.05,0.8,0.122418595));
#132=LINE('',#133,#134);
#133=CARTESIAN_POINT('',(1.05,0.8,-1.05));
#134=VECTOR('',#135,1.0);
#135=DIRECTION('',(0.0,0.0,-1.0));
#136=ORIENTED_EDGE('',*,*,#137,.T.);
#137=EDGE_CURVE('NONE',#130,#138,#140,.F.);
#138=VERTEX_POINT('NONE',#139);
#139=CARTESIAN_POINT('',(1.05,0.6,0.122418595));
#140=LINE('',#141,#142);
#141=CARTESIAN_POINT('',(1.05,0.6,0.122418595));
#142=VECTOR('',#143,1.0);
#143=DIRECTION('',(0.0,1.0,0.0));
#144=ORIENTED_EDGE('',*,*,#145,.T.);
#145=EDGE_CURVE('NONE',#138,#146,#148,.F.);
#146=VERTEX_POINT('NONE',#147);
#147=CARTESIAN_POINT('',(1.05,0.6,0.387498475));
#148=LINE('',#149,#150);
#149=CARTESIAN_POINT('',(1.05,0.6,0.387498475));
#150=VECTOR('',#151,1.0);
#151=DIRECTION('',(0.0,0.0,-1.0));
#152=ORIENTED_EDGE('',*,*,#153,.T.);
#153=EDGE_CURVE('NONE',#146,#154,#156,.T.);
#154=VERTEX_POINT('NONE',#155);
#155=CARTESIAN_POINT('',(1.05,0.8,0.387498475));
#156=LINE('',#157,#158);
#157=CARTESIAN_POINT('',(1.05,0.6,0.387498475));
#158=VECTOR('',#159,1.0);
#159=DIRECTION('',(0.0,1.0,0.0));
#160=ORIENTED_EDGE('',*,*,#161,.T.);
#161=EDGE_CURVE('NONE',#154,#162,#164,.F.);
#162=VERTEX_POINT('NONE',#163);
#163=CARTESIAN_POINT('',(1.05,0.8,0.652418595));
#164=LINE('',#165,#166);
#165=CARTESIAN_POINT('',(1.05,0.8,-1.05));
#166=VECTOR('',#167,1.0);
#167=DIRECTION('',(0.0,0.0,-1.0));
#168=ORIENTED_EDGE('',*,*,#169,.T.);
#169=EDGE_CURVE('NONE',#162,#16,#170,.F.);
#170=LINE('',#171,#172);
#171=CARTESIAN_POINT('',(1.05,0.6,0.652418595));
#172=VECTOR('',#173,1.0);
#173=DIRECTION('',(0.0,1.0,0.0));
#174=PLANE('',#175);
#175=AXIS2_PLACEMENT_3D('',#176,#177,#178);
#176=CARTESIAN_POINT('',(1.05,0.8,-1.05));
#177=DIRECTION('',(-1.0,0.0,0.0));
#178=DIRECTION('',(0.0,0.0,1.0));
#179=ADVANCED_FACE('NONE',(#180),#205,.F.);
#180=FACE_BOUND('NONE',#181,.T.);
#181=EDGE_LOOP('',(#182,#190,#198,#204));
#182=ORIENTED_EDGE('',*,*,#183,.T.);
#183=EDGE_CURVE('NONE',#50,#184,#186,.T.);
#184=VERTEX_POINT('NONE',#185);
#185=CARTESIAN_POINT('',(-1.05,0.0,-1.05));
#186=LINE('',#187,#188);
#187=CARTESIAN_POINT('',(-1.05,0.0,-1.05));
#188=VECTOR('',#189,1.0);
#189=DIRECTION('',(-1.0,0.0,0.0));
#190=ORIENTED_EDGE('',*,*,#191,.T.);
#191=EDGE_CURVE('NONE',#184,#192,#194,.F.);
#192=VERTEX_POINT('NONE',#193);
#193=CARTESIAN_POINT('',(-1.05,0.8,-1.05));
#194=LINE('',#195,#196);
#195=CARTESIAN_POINT('',(-1.05,0.8,-1.05));
#196=VECTOR('',#197,1.0);
#197=DIRECTION('',(0.0,-1.0,0.0));
#198=ORIENTED_EDGE('',*,*,#199,.T.);
#199=EDGE_CURVE('NONE',#192,#58,#200,.F.);
#200=LINE('',#201,#202);
#201=CARTESIAN_POINT('',(-1.05,0.8,-1.05));
#202=VECTOR('',#203,1.0);
#203=DIRECTION('',(-1.0,0.0,0.0));
#204=ORIENTED_EDGE('',*,*,#57,.F.);
#205=PLANE('',#206);
#206=AXIS2_PLACEMENT_3D('',#207,#208,#209);
#207=CARTESIAN_POINT('',(-1.05,0.8,-1.05));
#208=DIRECTION('',(0.0,0.0,1.0));
#209=DIRECTION('',(1.0,0.0,0.0));
#210=ADVANCED_FACE('NONE',(#211),#364,.F.);
#211=FACE_BOUND('NONE',#212,.T.);
#212=EDGE_LOOP('',(#213,#223,#231,#239,#247,#255,#263,#269,#270,#278,#286,#294,#302,#310,#318,#326,#334,#342,#350,#358));
#213=ORIENTED_EDGE('',*,*,#214,.T.);
#214=EDGE_CURVE('NONE',#215,#217,#219,.F.);
#215=VERTEX_POINT('NONE',#216);
#216=CARTESIAN_POINT('',(-1.05,0.6,-0.122418595));
#217=VERTEX_POINT('NONE',#218);
#218=CARTESIAN_POINT('',(-1.05,0.6,-0.387498475));
#219=LINE('',#220,#221);
#220=CARTESIAN_POINT('',(-1.05,0.6,-0.387498475));
#221=VECTOR('',#222,1.0);
#222=DIRECTION('',(0.0,0.0,1.0));
#223=ORIENTED_EDGE('',*,*,#224,.T.);
#224=EDGE_CURVE('NONE',#217,#225,#227,.T.);
#225=VERTEX_POINT('NONE',#226);
#226=CARTESIAN_POINT('',(-1.05,0.8,-0.387498475));
#227=LINE('',#228,#229);
#228=CARTESIAN_POINT('',(-1.05,0.6,-0.387498475));
#229=VECTOR('',#230,1.0);
#230=DIRECTION('',(0.0,1.0,0.0));
#231=ORIENTED_EDGE('',*,*,#232,.T.);
#232=EDGE_CURVE('NONE',#225,#233,#235,.F.);
#233=VERTEX_POINT('NONE',#234);
#234=CARTESIAN_POINT('',(-1.05,0.8,-0.652418595));
#235=LINE('',#236,#237);
#236=CARTESIAN_POINT('',(-1.05,0.8,-1.05));
#237=VECTOR('',#238,1.0);
#238=DIRECTION('',(0.0,0.0,1.0));
#239=ORIENTED_EDGE('',*,*,#240,.T.);
#240=EDGE_CURVE('NONE',#233,#241,#243,.F.);
#241=VERTEX_POINT('NONE',#242);
#242=CARTESIAN_POINT('',(-1.05,0.6,-0.652418595));
#243=LINE('',#244,#245);
#244=CARTESIAN_POINT('',(-1.05,0.6,-0.652418595));
#245=VECTOR('',#246,1.0);
#246=DIRECTION('',(0.0,1.0,0.0));
#247=ORIENTED_EDGE('',*,*,#248,.T.);
#248=EDGE_CURVE('NONE',#241,#249,#251,.F.);
#249=VERTEX_POINT('NONE',#250);
#250=CARTESIAN_POINT('',(-1.05,0.6,-0.917498475));
#251=LINE('',#252,#253);
#252=CARTESIAN_POINT('',(-1.05,0.6,-0.917498475));
#253=VECTOR('',#254,1.0);
#254=DIRECTION('',(0.0,0.0,1.0));
#255=ORIENTED_EDGE('',*,*,#256,.T.);
#256=EDGE_CURVE('NONE',#249,#257,#259,.T.);
#257=VERTEX_POINT('NONE',#258);
#258=CARTESIAN_POINT('',(-1.05,0.8,-0.917498475));
#259=LINE('',#260,#261);
#260=CARTESIAN_POINT('',(-1.05,0.6,-0.917498475));
#261=VECTOR('',#262,1.0);
#262=DIRECTION('',(0.0,1.0,0.0));
#263=ORIENTED_EDGE('',*,*,#264,.T.);
#264=EDGE_CURVE('NONE',#257,#192,#265,.F.);
#265=LINE('',#266,#267);
#266=CARTESIAN_POINT('',(-1.05,0.8,-1.05));
#267=VECTOR('',#268,1.0);
#268=DIRECTION('',(0.0,0.0,1.0));
#269=ORIENTED_EDGE('',*,*,#191,.F.);
#270=ORIENTED_EDGE('',*,*,#271,.T.);
#271=EDGE_CURVE('NONE',#184,#272,#274,.T.);
#272=VERTEX_POINT('NONE',#273);
#273=CARTESIAN_POINT('',(-1.05,0.0,1.05));
#274=LINE('',#275,#276);
#275=CARTESIAN_POINT('',(-1.05,0.0,-1.05));
#276=VECTOR('',#277,1.0);
#277=DIRECTION('',(0.0,0.0,1.0));
#278=ORIENTED_EDGE('',*,*,#279,.T.);
#279=EDGE_CURVE('NONE',#272,#280,#282,.F.);
#280=VERTEX_POINT('NONE',#281);
#281=CARTESIAN_POINT('',(-1.05,0.8,1.05));
#282=LINE('',#283,#284);
#283=CARTESIAN_POINT('',(-1.05,0.8,1.05));
#284=VECTOR('',#285,1.0);
#285=DIRECTION('',(0.0,-1.0,0.0));
#286=ORIENTED_EDGE('',*,*,#287,.T.);
#287=EDGE_CURVE('NONE',#280,#288,#290,.F.);
#288=VERTEX_POINT('NONE',#289);
#289=CARTESIAN_POINT('',(-1.05,0.8,0.917498475));
#290=LINE('',#291,#292);
#291=CARTESIAN_POINT('',(-1.05,0.8,-1.05));
#292=VECTOR('',#293,1.0);
#293=DIRECTION('',(0.0,0.0,1.0));
#294=ORIENTED_EDGE('',*,*,#295,.T.);
#295=EDGE_CURVE('NONE',#288,#296,#298,.F.);
#296=VERTEX_POINT('NONE',#297);
#297=CARTESIAN_POINT('',(-1.05,0.6,0.917498475));
#298=LINE('',#299,#300);
#299=CARTESIAN_POINT('',(-1.05,0.6,0.917498475));
#300=VECTOR('',#301,1.0);
#301=DIRECTION('',(0.0,1.0,0.0));
#302=ORIENTED_EDGE('',*,*,#303,.T.);
#303=EDGE_CURVE('NONE',#296,#304,#306,.F.);
#304=VERTEX_POINT('NONE',#305);
#305=CARTESIAN_POINT('',(-1.05,0.6,0.652418595));
#306=LINE('',#307,#308);
#307=CARTESIAN_POINT('',(-1.05,0.6,0.917498475));
#308=VECTOR('',#309,1.0);
#309=DIRECTION('',(0.0,0.0,1.0));
#310=ORIENTED_EDGE('',*,*,#311,.T.);
#311=EDGE_CURVE('NONE',#304,#312,#314,.T.);
#312=VERTEX_POINT('NONE',#313);
#313=CARTESIAN_POINT('',(-1.05,0.8,0.652418595));
#314=LINE('',#315,#316);
#315=CARTESIAN_POINT('',(-1.05,0.6,0.652418595));
#316=VECTOR('',#317,1.0);
#317=DIRECTION('',(0.0,1.0,0.0));
#318=ORIENTED_EDGE('',*,*,#319,.T.);
#319=EDGE_CURVE('NONE',#312,#320,#322,.F.);
#320=VERTEX_POINT('NONE',#321);
#321=CARTESIAN_POINT('',(-1.05,0.8,0.387498475));
#322=LINE('',#323,#324);
#323=CARTESIAN_POINT('',(-1.05,0.8,-1.05));
#324=VECTOR('',#325,1.0);
#325=DIRECTION('',(0.0,0.0,1.0));
#326=ORIENTED_EDGE('',*,*,#327,.T.);
#327=EDGE_CURVE('NONE',#320,#328,#330,.F.);
#328=VERTEX_POINT('NONE',#329);
#329=CARTESIAN_POINT('',(-1.05,0.6,0.387498475));
#330=LINE('',#331,#332);
#331=CARTESIAN_POINT('',(-1.05,0.6,0.387498475));
#332=VECTOR('',#333,1.0);
#333=DIRECTION('',(0.0,1.0,0.0));
#334=ORIENTED_EDGE('',*,*,#335,.T.);
#335=EDGE_CURVE('NONE',#328,#336,#338,.F.);
#336=VERTEX_POINT('NONE',#337);
#337=CARTESIAN_POINT('',(-1.05,0.6,0.122418595));
#338=LINE('',#339,#340);
#339=CARTESIAN_POINT('',(-1.05,0.6,0.387498475));
#340=VECTOR('',#341,1.0);
#341=DIRECTION('',(0.0,0.0,1.0));
#342=ORIENTED_EDGE('',*,*,#343,.T.);
#343=EDGE_CURVE('NONE',#336,#344,#346,.T.);
#344=VERTEX_POINT('NONE',#345);
#345=CARTESIAN_POINT('',(-1.05,0.8,0.122418595));
#346=LINE('',#347,#348);
#347=CARTESIAN_POINT('',(-1.05,0.6,0.122418595));
#348=VECTOR('',#349,1.0);
#349=DIRECTION('',(0.0,1.0,0.0));
#350=ORIENTED_EDGE('',*,*,#351,.T.);
#351=EDGE_CURVE('NONE',#344,#352,#354,.F.);
#352=VERTEX_POINT('NONE',#353);
#353=CARTESIAN_POINT('',(-1.05,0.8,-0.122418595));
#354=LINE('',#355,#356);
#355=CARTESIAN_POINT('',(-1.05,0.8,-1.05));
#356=VECTOR('',#357,1.0);
#357=DIRECTION('',(0.0,0.0,1.0));
#358=ORIENTED_EDGE('',*,*,#359,.T.);
#359=EDGE_CURVE('NONE',#352,#215,#360,.F.);
#360=LINE('',#361,#362);
#361=CARTESIAN_POINT('',(-1.05,0.6,-0.122418595));
#362=VECTOR('',#363,1.0);
#363=DIRECTION('',(0.0,1.0,0.0));
#364=PLANE('',#365);
#365=AXIS2_PLACEMENT_3D('',#366,#367,#368);
#366=CARTESIAN_POINT('',(-1.05,0.8,-1.05));
#367=DIRECTION('',(1.0,0.0,0.0));
#368=DIRECTION('',(0.0,0.0,-1.0));
#369=ADVANCED_FACE('NONE',(#370),#386,.F.);
#370=FACE_BOUND('NONE',#371,.T.);
#371=EDGE_LOOP('',(#372,#378,#379,#385));
#372=ORIENTED_EDGE('',*,*,#373,.T.);
#373=EDGE_CURVE('NONE',#272,#42,#374,.T.);
#374=LINE('',#375,#376);
#375=CARTESIAN_POINT('',(-1.05,0.0,1.05));
#376=VECTOR('',#377,1.0);
#377=DIRECTION('',(1.0,0.0,0.0));
#378=ORIENTED_EDGE('',*,*,#41,.F.);
#379=ORIENTED_EDGE('',*,*,#380,.T.);
#380=EDGE_CURVE('NONE',#34,#280,#381,.F.);
#381=LINE('',#382,#383);
#382=CARTESIAN_POINT('',(-1.05,0.8,1.05));
#383=VECTOR('',#384,1.0);
#384=DIRECTION('',(1.0,0.0,0.0));
#385=ORIENTED_EDGE('',*,*,#279,.F.);
#386=PLANE('',#387);
#387=AXIS2_PLACEMENT_3D('',#388,#389,#390);
#388=CARTESIAN_POINT('',(-1.05,0.8,1.05));
#389=DIRECTION('',(0.0,0.0,-1.0));
#390=DIRECTION('',(-1.0,0.0,0.0));
#391=ADVANCED_FACE('NONE',(#392,#582),#624,.T.);
#392=FACE_BOUND('NONE',#393,.T.);
#393=EDGE_LOOP('',(#394,#402,#410,#416,#417,#425,#433,#439,#440,#448,#456,#462,#463,#471,#479,#485,#486,#487,#488,#496,#504,#510,#511,#519,#527,#533,#534,#542,#550,#556,#557,#565,#573,#579,#580,#581));
#394=ORIENTED_EDGE('',*,*,#395,.T.);
#395=EDGE_CURVE('NONE',#26,#396,#398,.F.);
#396=VERTEX_POINT('NONE',#397);
#397=CARTESIAN_POINT('',(0.730871353,0.8,0.917498475));
#398=LINE('',#399,#400);
#399=CARTESIAN_POINT('',(1.05,0.8,0.917498475));
#400=VECTOR('',#401,1.0);
#401=DIRECTION('',(1.0,0.0,0.0));
#402=ORIENTED_EDGE('',*,*,#403,.T.);
#403=EDGE_CURVE('NONE',#396,#404,#406,.F.);
#404=VERTEX_POINT('NONE',#405);
#405=CARTESIAN_POINT('',(0.730871353,0.8,0.652418595));
#406=LINE('',#407,#408);
#407=CARTESIAN_POINT('',(0.730871353,0.8,0.917498475));
#408=VECTOR('',#409,1.0);
#409=DIRECTION('',(0.0,0.0,1.0));
#410=ORIENTED_EDGE('',*,*,#411,.T.);
#411=EDGE_CURVE('NONE',#404,#162,#412,.F.);
#412=LINE('',#413,#414);
#413=CARTESIAN_POINT('',(1.05,0.8,0.652418595));
#414=VECTOR('',#415,1.0);
#415=DIRECTION('',(-1.0,0.0,0.0));
#416=ORIENTED_EDGE('',*,*,#161,.F.);
#417=ORIENTED_EDGE('',*,*,#418,.T.);
#418=EDGE_CURVE('NONE',#154,#419,#421,.F.);
#419=VERTEX_POINT('NONE',#420);
#420=CARTESIAN_POINT('',(0.730871353,0.8,0.387498475));
#421=LINE('',#422,#423);
#422=CARTESIAN_POINT('',(1.05,0.8,0.387498475));
#423=VECTOR('',#424,1.0);
#424=DIRECTION('',(1.0,0.0,0.0));
#425=ORIENTED_EDGE('',*,*,#426,.T.);
#426=EDGE_CURVE('NONE',#419,#427,#429,.F.);
#427=VERTEX_POINT('NONE',#428);
#428=CARTESIAN_POINT('',(0.730871353,0.8,0.122418595));
#429=LINE('',#430,#431);
#430=CARTESIAN_POINT('',(0.730871353,0.8,0.387498475));
#431=VECTOR('',#432,1.0);
#432=DIRECTION('',(0.0,0.0,1.0));
#433=ORIENTED_EDGE('',*,*,#434,.T.);
#434=EDGE_CURVE('NONE',#427,#130,#435,.F.);
#435=LINE('',#436,#437);
#436=CARTESIAN_POINT('',(1.05,0.8,0.122418595));
#437=VECTOR('',#438,1.0);
#438=DIRECTION('',(-1.0,0.0,0.0));
#439=ORIENTED_EDGE('',*,*,#129,.F.);
#440=ORIENTED_EDGE('',*,*,#441,.T.);
#441=EDGE_CURVE('NONE',#122,#442,#444,.F.);
#442=VERTEX_POINT('NONE',#443);
#443=CARTESIAN_POINT('',(0.730871353,0.8,-0.122418595));
#444=LINE('',#445,#446);
#445=CARTESIAN_POINT('',(1.05,0.8,-0.122418595));
#446=VECTOR('',#447,1.0);
#447=DIRECTION('',(1.0,0.0,0.0));
#448=ORIENTED_EDGE('',*,*,#449,.T.);
#449=EDGE_CURVE('NONE',#442,#450,#452,.F.);
#450=VERTEX_POINT('NONE',#451);
#451=CARTESIAN_POINT('',(0.730871353,0.8,-0.387498475));
#452=LINE('',#453,#454);
#453=CARTESIAN_POINT('',(0.730871353,0.8,-0.387498475));
#454=VECTOR('',#455,1.0);
#455=DIRECTION('',(0.0,0.0,1.0));
#456=ORIENTED_EDGE('',*,*,#457,.T.);
#457=EDGE_CURVE('NONE',#450,#98,#458,.F.);
#458=LINE('',#459,#460);
#459=CARTESIAN_POINT('',(1.05,0.8,-0.387498475));
#460=VECTOR('',#461,1.0);
#461=DIRECTION('',(-1.0,0.0,0.0));
#462=ORIENTED_EDGE('',*,*,#97,.F.);
#463=ORIENTED_EDGE('',*,*,#464,.T.);
#464=EDGE_CURVE('NONE',#90,#465,#467,.F.);
#465=VERTEX_POINT('NONE',#466);
#466=CARTESIAN_POINT('',(0.730871353,0.8,-0.652418595));
#467=LINE('',#468,#469);
#468=CARTESIAN_POINT('',(1.05,0.8,-0.652418595));
#469=VECTOR('',#470,1.0);
#470=DIRECTION('',(1.0,0.0,0.0));
#471=ORIENTED_EDGE('',*,*,#472,.T.);
#472=EDGE_CURVE('NONE',#465,#473,#475,.F.);
#473=VERTEX_POINT('NONE',#474);
#474=CARTESIAN_POINT('',(0.730871353,0.8,-0.917498475));
#475=LINE('',#476,#477);
#476=CARTESIAN_POINT('',(0.730871353,0.8,-0.917498475));
#477=VECTOR('',#478,1.0);
#478=DIRECTION('',(0.0,0.0,1.0));
#479=ORIENTED_EDGE('',*,*,#480,.T.);
#480=EDGE_CURVE('NONE',#473,#66,#481,.F.);
#481=LINE('',#482,#483);
#482=CARTESIAN_POINT('',(1.05,0.8,-0.917498475));
#483=VECTOR('',#484,1.0);
#484=DIRECTION('',(-1.0,0.0,0.0));
#485=ORIENTED_EDGE('',*,*,#65,.F.);
#486=ORIENTED_EDGE('',*,*,#199,.F.);
#487=ORIENTED_EDGE('',*,*,#264,.F.);
#488=ORIENTED_EDGE('',*,*,#489,.T.);
#489=EDGE_CURVE('NONE',#257,#490,#492,.F.);
#490=VERTEX_POINT('NONE',#491);
#491=CARTESIAN_POINT('',(-0.730871353,0.8,-0.917498475));
#492=LINE('',#493,#494);
#493=CARTESIAN_POINT('',(-1.05,0.8,-0.917498475));
#494=VECTOR('',#495,1.0);
#495=DIRECTION('',(-1.0,0.0,0.0));
#496=ORIENTED_EDGE('',*,*,#497,.T.);
#497=EDGE_CURVE('NONE',#490,#498,#500,.F.);
#498=VERTEX_POINT('NONE',#499);
#499=CARTESIAN_POINT('',(-0.730871353,0.8,-0.652418595));
#500=LINE('',#501,#502);
#501=CARTESIAN_POINT('',(-0.730871353,0.8,-0.917498475));
#502=VECTOR('',#503,1.0);
#503=DIRECTION('',(0.0,0.0,-1.0));
#504=ORIENTED_EDGE('',*,*,#505,.T.);
#505=EDGE_CURVE('NONE',#498,#233,#506,.F.);
#506=LINE('',#507,#508);
#507=CARTESIAN_POINT('',(-1.05,0.8,-0.652418595));
#508=VECTOR('',#509,1.0);
#509=DIRECTION('',(1.0,0.0,0.0));
#510=ORIENTED_EDGE('',*,*,#232,.F.);
#511=ORIENTED_EDGE('',*,*,#512,.T.);
#512=EDGE_CURVE('NONE',#225,#513,#515,.F.);
#513=VERTEX_POINT('NONE',#514);
#514=CARTESIAN_POINT('',(-0.730871353,0.8,-0.387498475));
#515=LINE('',#516,#517);
#516=CARTESIAN_POINT('',(-1.05,0.8,-0.387498475));
#517=VECTOR('',#518,1.0);
#518=DIRECTION('',(-1.0,0.0,0.0));
#519=ORIENTED_EDGE('',*,*,#520,.T.);
#520=EDGE_CURVE('NONE',#513,#521,#523,.F.);
#521=VERTEX_POINT('NONE',#522);
#522=CARTESIAN_POINT('',(-0.730871353,0.8,-0.122418595));
#523=LINE('',#524,#525);
#524=CARTESIAN_POINT('',(-0.730871353,0.8,-0.387498475));
#525=VECTOR('',#526,1.0);
#526=DIRECTION('',(0.0,0.0,-1.0));
#527=ORIENTED_EDGE('',*,*,#528,.T.);
#528=EDGE_CURVE('NONE',#521,#352,#529,.F.);
#529=LINE('',#530,#531);
#530=CARTESIAN_POINT('',(-1.05,0.8,-0.122418595));
#531=VECTOR('',#532,1.0);
#532=DIRECTION('',(1.0,0.0,0.0));
#533=ORIENTED_EDGE('',*,*,#351,.F.);
#534=ORIENTED_EDGE('',*,*,#535,.T.);
#535=EDGE_CURVE('NONE',#344,#536,#538,.F.);
#536=VERTEX_POINT('NONE',#537);
#537=CARTESIAN_POINT('',(-0.730871353,0.8,0.122418595));
#538=LINE('',#539,#540);
#539=CARTESIAN_POINT('',(-1.05,0.8,0.122418595));
#540=VECTOR('',#541,1.0);
#541=DIRECTION('',(-1.0,0.0,0.0));
#542=ORIENTED_EDGE('',*,*,#543,.T.);
#543=EDGE_CURVE('NONE',#536,#544,#546,.F.);
#544=VERTEX_POINT('NONE',#545);
#545=CARTESIAN_POINT('',(-0.730871353,0.8,0.387498475));
#546=LINE('',#547,#548);
#547=CARTESIAN_POINT('',(-0.730871353,0.8,0.387498475));
#548=VECTOR('',#549,1.0);
#549=DIRECTION('',(0.0,0.0,-1.0));
#550=ORIENTED_EDGE('',*,*,#551,.T.);
#551=EDGE_CURVE('NONE',#544,#320,#552,.F.);
#552=LINE('',#553,#554);
#553=CARTESIAN_POINT('',(-1.05,0.8,0.387498475));
#554=VECTOR('',#555,1.0);
#555=DIRECTION('',(1.0,0.0,0.0));
#556=ORIENTED_EDGE('',*,*,#319,.F.);
#557=ORIENTED_EDGE('',*,*,#558,.T.);
#558=EDGE_CURVE('NONE',#312,#559,#561,.F.);
#559=VERTEX_POINT('NONE',#560);
#560=CARTESIAN_POINT('',(-0.730871353,0.8,0.652418595));
#561=LINE('',#562,#563);
#562=CARTESIAN_POINT('',(-1.05,0.8,0.652418595));
#563=VECTOR('',#564,1.0);
#564=DIRECTION('',(-1.0,0.0,0.0));
#565=ORIENTED_EDGE('',*,*,#566,.T.);
#566=EDGE_CURVE('NONE',#559,#567,#569,.F.);
#567=VERTEX_POINT('NONE',#568);
#568=CARTESIAN_POINT('',(-0.730871353,0.8,0.917498475));
#569=LINE('',#570,#571);
#570=CARTESIAN_POINT('',(-0.730871353,0.8,0.917498475));
#571=VECTOR('',#572,1.0);
#572=DIRECTION('',(0.0,0.0,-1.0));
#573=ORIENTED_EDGE('',*,*,#574,.T.);
#574=EDGE_CURVE('NONE',#567,#288,#575,.F.);
#575=LINE('',#576,#577);
#576=CARTESIAN_POINT('',(-1.05,0.8,0.917498475));
#577=VECTOR('',#578,1.0);
#578=DIRECTION('',(1.0,0.0,0.0));
#579=ORIENTED_EDGE('',*,*,#287,.F.);
#580=ORIENTED_EDGE('',*,*,#380,.F.);
#581=ORIENTED_EDGE('',*,*,#33,.F.);
#582=FACE_BOUND('NONE',#583,.T.);
#583=EDGE_LOOP('',(#584,#594,#602,#610,#618));
#584=ORIENTED_EDGE('',*,*,#585,.T.);
#585=EDGE_CURVE('NONE',#586,#588,#590,.F.);
#586=VERTEX_POINT('NONE',#587);
#587=CARTESIAN_POINT('',(0.472303285,0.8,-0.840175846));
#588=VERTEX_POINT('NONE',#589);
#589=CARTESIAN_POINT('',(0.472303285,0.8,0.840175846));
#590=LINE('',#591,#592);
#591=CARTESIAN_POINT('',(0.472303285,0.8,-0.840175846));
#592=VECTOR('',#593,1.0);
#593=DIRECTION('',(0.0,0.0,-1.0));
#594=ORIENTED_EDGE('',*,*,#595,.T.);
#595=EDGE_CURVE('NONE',#588,#596,#598,.F.);
#596=VERTEX_POINT('NONE',#597);
#597=CARTESIAN_POINT('',(-0.202303285,0.8,0.840175846));
#598=LINE('',#599,#600);
#599=CARTESIAN_POINT('',(-0.202303285,0.8,0.840175846));
#600=VECTOR('',#601,1.0);
#601=DIRECTION('',(1.0,0.0,0.0));
#602=ORIENTED_EDGE('',*,*,#603,.T.);
#603=EDGE_CURVE('NONE',#596,#604,#606,.F.);
#604=VERTEX_POINT('NONE',#605);
#605=CARTESIAN_POINT('',(-0.472303285,0.8,0.570175846));
#606=LINE('',#607,#608);
#607=CARTESIAN_POINT('',(-0.472303285,0.8,0.570175846));
#608=VECTOR('',#609,1.0);
#609=DIRECTION('',(0.707106781,0.0,0.707106781));
#610=ORIENTED_EDGE('',*,*,#611,.T.);
#611=EDGE_CURVE('NONE',#604,#612,#614,.F.);
#612=VERTEX_POINT('NONE',#613);
#613=CARTESIAN_POINT('',(-0.472303285,0.8,-0.840175846));
#614=LINE('',#615,#616);
#615=CARTESIAN_POINT('',(-0.472303285,0.8,-0.840175846));
#616=VECTOR('',#617,1.0);
#617=DIRECTION('',(0.0,0.0,1.0));
#618=ORIENTED_EDGE('',*,*,#619,.T.);
#619=EDGE_CURVE('NONE',#612,#586,#620,.F.);
#620=LINE('',#621,#622);
#621=CARTESIAN_POINT('',(-0.472303285,0.8,-0.840175846));
#622=VECTOR('',#623,1.0);
#623=DIRECTION('',(-1.0,0.0,0.0));
#624=PLANE('',#625);
#625=AXIS2_PLACEMENT_3D('',#626,#627,#628);
#626=CARTESIAN_POINT('',(0.0,0.8,0.0));
#627=DIRECTION('',(0.0,1.0,0.0));
#628=DIRECTION('',(0.0,0.0,1.0));
#629=ADVANCED_FACE('NONE',(#630),#636,.F.);
#630=FACE_BOUND('NONE',#631,.T.);
#631=EDGE_LOOP('',(#632,#633,#634,#635));
#632=ORIENTED_EDGE('',*,*,#49,.F.);
#633=ORIENTED_EDGE('',*,*,#373,.F.);
#634=ORIENTED_EDGE('',*,*,#271,.F.);
#635=ORIENTED_EDGE('',*,*,#183,.F.);
#636=PLANE('',#637);
#637=AXIS2_PLACEMENT_3D('',#638,#639,#640);
#638=CARTESIAN_POINT('',(0.0,0.0,0.0));
#639=DIRECTION('',(0.0,1.0,0.0));
#640=DIRECTION('',(0.0,0.0,1.0));
#641=ADVANCED_FACE('NONE',(#642),#667,.F.);
#642=FACE_BOUND('NONE',#643,.T.);
#643=EDGE_LOOP('',(#644,#645,#653,#661));
#644=ORIENTED_EDGE('',*,*,#585,.F.);
#645=ORIENTED_EDGE('',*,*,#646,.T.);
#646=EDGE_CURVE('NONE',#586,#647,#649,.F.);
#647=VERTEX_POINT('NONE',#648);
#648=CARTESIAN_POINT('',(0.472303285,0.81,-0.840175846));
#649=LINE('',#650,#651);
#650=CARTESIAN_POINT('',(0.472303285,0.81,-0.840175846));
#651=VECTOR('',#652,1.0);
#652=DIRECTION('',(0.0,-1.0,0.0));
#653=ORIENTED_EDGE('',*,*,#654,.T.);
#654=EDGE_CURVE('NONE',#647,#655,#657,.F.);
#655=VERTEX_POINT('NONE',#656);
#656=CARTESIAN_POINT('',(0.472303285,0.81,0.840175846));
#657=LINE('',#658,#659);
#658=CARTESIAN_POINT('',(0.472303285,0.81,-0.840175846));
#659=VECTOR('',#660,1.0);
#660=DIRECTION('',(0.0,0.0,-1.0));
#661=ORIENTED_EDGE('',*,*,#662,.T.);
#662=EDGE_CURVE('NONE',#655,#588,#663,.T.);
#663=LINE('',#664,#665);
#664=CARTESIAN_POINT('',(0.472303285,0.81,0.840175846));
#665=VECTOR('',#666,1.0);
#666=DIRECTION('',(0.0,-1.0,0.0));
#667=PLANE('',#668);
#668=AXIS2_PLACEMENT_3D('',#669,#670,#671);
#669=CARTESIAN_POINT('',(0.472303285,0.81,-0.840175846));
#670=DIRECTION('',(-1.0,0.0,0.0));
#671=DIRECTION('',(0.0,0.0,1.0));
#672=ADVANCED_FACE('NONE',(#673),#691,.F.);
#673=FACE_BOUND('NONE',#674,.T.);
#674=EDGE_LOOP('',(#675,#676,#684,#690));
#675=ORIENTED_EDGE('',*,*,#619,.F.);
#676=ORIENTED_EDGE('',*,*,#677,.T.);
#677=EDGE_CURVE('NONE',#612,#678,#680,.F.);
#678=VERTEX_POINT('NONE',#679);
#679=CARTESIAN_POINT('',(-0.472303285,0.81,-0.840175846));
#680=LINE('',#681,#682);
#681=CARTESIAN_POINT('',(-0.472303285,0.81,-0.840175846));
#682=VECTOR('',#683,1.0);
#683=DIRECTION('',(0.0,-1.0,0.0));
#684=ORIENTED_EDGE('',*,*,#685,.T.);
#685=EDGE_CURVE('NONE',#678,#647,#686,.F.);
#686=LINE('',#687,#688);
#687=CARTESIAN_POINT('',(-0.472303285,0.81,-0.840175846));
#688=VECTOR('',#689,1.0);
#689=DIRECTION('',(-1.0,0.0,0.0));
#690=ORIENTED_EDGE('',*,*,#646,.F.);
#691=PLANE('',#692);
#692=AXIS2_PLACEMENT_3D('',#693,#694,#695);
#693=CARTESIAN_POINT('',(-0.472303285,0.81,-0.840175846));
#694=DIRECTION('',(0.0,0.0,1.0));
#695=DIRECTION('',(1.0,0.0,0.0));
#696=ADVANCED_FACE('NONE',(#697),#715,.F.);
#697=FACE_BOUND('NONE',#698,.T.);
#698=EDGE_LOOP('',(#699,#700,#708,#714));
#699=ORIENTED_EDGE('',*,*,#611,.F.);
#700=ORIENTED_EDGE('',*,*,#701,.T.);
#701=EDGE_CURVE('NONE',#604,#702,#704,.F.);
#702=VERTEX_POINT('NONE',#703);
#703=CARTESIAN_POINT('',(-0.472303285,0.81,0.570175846));
#704=LINE('',#705,#706);
#705=CARTESIAN_POINT('',(-0.472303285,0.81,0.570175846));
#706=VECTOR('',#707,1.0);
#707=DIRECTION('',(0.0,-1.0,0.0));
#708=ORIENTED_EDGE('',*,*,#709,.T.);
#709=EDGE_CURVE('NONE',#702,#678,#710,.F.);
#710=LINE('',#711,#712);
#711=CARTESIAN_POINT('',(-0.472303285,0.81,-0.840175846));
#712=VECTOR('',#713,1.0);
#713=DIRECTION('',(0.0,0.0,1.0));
#714=ORIENTED_EDGE('',*,*,#677,.F.);
#715=PLANE('',#716);
#716=AXIS2_PLACEMENT_3D('',#717,#718,#719);
#717=CARTESIAN_POINT('',(-0.472303285,0.81,-0.840175846));
#718=DIRECTION('',(1.0,0.0,0.0));
#719=DIRECTION('',(0.0,0.0,-1.0));
#720=ADVANCED_FACE('NONE',(#721),#739,.F.);
#721=FACE_BOUND('NONE',#722,.T.);
#722=EDGE_LOOP('',(#723,#724,#732,#738));
#723=ORIENTED_EDGE('',*,*,#603,.F.);
#724=ORIENTED_EDGE('',*,*,#725,.T.);
#725=EDGE_CURVE('NONE',#596,#726,#728,.F.);
#726=VERTEX_POINT('NONE',#727);
#727=CARTESIAN_POINT('',(-0.202303285,0.81,0.840175846));
#728=LINE('',#729,#730);
#729=CARTESIAN_POINT('',(-0.202303285,0.81,0.840175846));
#730=VECTOR('',#731,1.0);
#731=DIRECTION('',(0.0,-1.0,0.0));
#732=ORIENTED_EDGE('',*,*,#733,.T.);
#733=EDGE_CURVE('NONE',#726,#702,#734,.F.);
#734=LINE('',#735,#736);
#735=CARTESIAN_POINT('',(-0.472303285,0.81,0.570175846));
#736=VECTOR('',#737,1.0);
#737=DIRECTION('',(0.707106781,0.0,0.707106781));
#738=ORIENTED_EDGE('',*,*,#701,.F.);
#739=PLANE('',#740);
#740=AXIS2_PLACEMENT_3D('',#741,#742,#743);
#741=CARTESIAN_POINT('',(-0.472303285,0.81,0.570175846));
#742=DIRECTION('',(0.707106781,0.0,-0.707106781));
#743=DIRECTION('',(-0.707106781,0.0,-0.707106781));
#744=ADVANCED_FACE('NONE',(#745),#756,.F.);
#745=FACE_BOUND('NONE',#746,.T.);
#746=EDGE_LOOP('',(#747,#748,#749,#755));
#747=ORIENTED_EDGE('',*,*,#595,.F.);
#748=ORIENTED_EDGE('',*,*,#662,.F.);
#749=ORIENTED_EDGE('',*,*,#750,.T.);
#750=EDGE_CURVE('NONE',#655,#726,#751,.F.);
#751=LINE('',#752,#753);
#752=CARTESIAN_POINT('',(-0.202303285,0.81,0.840175846));
#753=VECTOR('',#754,1.0);
#754=DIRECTION('',(1.0,0.0,0.0));
#755=ORIENTED_EDGE('',*,*,#725,.F.);
#756=PLANE('',#757);
#757=AXIS2_PLACEMENT_3D('',#758,#759,#760);
#758=CARTESIAN_POINT('',(-0.202303285,0.81,0.840175846));
#759=DIRECTION('',(0.0,0.0,-1.0));
#760=DIRECTION('',(-1.0,0.0,0.0));
#761=ADVANCED_FACE('NONE',(#762),#769,.T.);
#762=FACE_BOUND('NONE',#763,.T.);
#763=EDGE_LOOP('',(#764,#765,#766,#767,#768));
#764=ORIENTED_EDGE('',*,*,#654,.F.);
#765=ORIENTED_EDGE('',*,*,#685,.F.);
#766=ORIENTED_EDGE('',*,*,#709,.F.);
#767=ORIENTED_EDGE('',*,*,#733,.F.);
#768=ORIENTED_EDGE('',*,*,#750,.F.);
#769=PLANE('',#770);
#770=AXIS2_PLACEMENT_3D('',#771,#772,#773);
#771=CARTESIAN_POINT('',(0.0,0.81,0.0));
#772=DIRECTION('',(0.0,1.0,0.0));
#773=DIRECTION('',(0.0,0.0,1.0));
#774=ADVANCED_FACE('NONE',(#775),#793,.F.);
#775=FACE_BOUND('NONE',#776,.T.);
#776=EDGE_LOOP('',(#777,#778,#779,#787));
#777=ORIENTED_EDGE('',*,*,#489,.F.);
#778=ORIENTED_EDGE('',*,*,#256,.F.);
#779=ORIENTED_EDGE('',*,*,#780,.T.);
#780=EDGE_CURVE('NONE',#249,#781,#783,.F.);
#781=VERTEX_POINT('NONE',#782);
#782=CARTESIAN_POINT('',(-0.730871353,0.6,-0.917498475));
#783=LINE('',#784,#785);
#784=CARTESIAN_POINT('',(-1.05,0.6,-0.917498475));
#785=VECTOR('',#786,1.0);
#786=DIRECTION('',(-1.0,0.0,0.0));
#787=ORIENTED_EDGE('',*,*,#788,.T.);
#788=EDGE_CURVE('NONE',#781,#490,#789,.T.);
#789=LINE('',#790,#791);
#790=CARTESIAN_POINT('',(-0.730871353,0.6,-0.917498475));
#791=VECTOR('',#792,1.0);
#792=DIRECTION('',(0.0,1.0,0.0));
#793=PLANE('',#794);
#794=AXIS2_PLACEMENT_3D('',#795,#796,#797);
#795=CARTESIAN_POINT('',(-1.05,0.6,-0.917498475));
#796=DIRECTION('',(0.0,0.0,-1.0));
#797=DIRECTION('',(-1.0,0.0,0.0));
#798=ADVANCED_FACE('NONE',(#799),#817,.F.);
#799=FACE_BOUND('NONE',#800,.T.);
#800=EDGE_LOOP('',(#801,#802,#803,#811));
#801=ORIENTED_EDGE('',*,*,#497,.F.);
#802=ORIENTED_EDGE('',*,*,#788,.F.);
#803=ORIENTED_EDGE('',*,*,#804,.T.);
#804=EDGE_CURVE('NONE',#781,#805,#807,.F.);
#805=VERTEX_POINT('NONE',#806);
#806=CARTESIAN_POINT('',(-0.730871353,0.6,-0.652418595));
#807=LINE('',#808,#809);
#808=CARTESIAN_POINT('',(-0.730871353,0.6,-0.917498475));
#809=VECTOR('',#810,1.0);
#810=DIRECTION('',(0.0,0.0,-1.0));
#811=ORIENTED_EDGE('',*,*,#812,.T.);
#812=EDGE_CURVE('NONE',#805,#498,#813,.T.);
#813=LINE('',#814,#815);
#814=CARTESIAN_POINT('',(-0.730871353,0.6,-0.652418595));
#815=VECTOR('',#816,1.0);
#816=DIRECTION('',(0.0,1.0,0.0));
#817=PLANE('',#818);
#818=AXIS2_PLACEMENT_3D('',#819,#820,#821);
#819=CARTESIAN_POINT('',(-0.730871353,0.6,-0.917498475));
#820=DIRECTION('',(1.0,0.0,0.0));
#821=DIRECTION('',(0.0,0.0,-1.0));
#822=ADVANCED_FACE('NONE',(#823),#834,.F.);
#823=FACE_BOUND('NONE',#824,.T.);
#824=EDGE_LOOP('',(#825,#826,#827,#833));
#825=ORIENTED_EDGE('',*,*,#505,.F.);
#826=ORIENTED_EDGE('',*,*,#812,.F.);
#827=ORIENTED_EDGE('',*,*,#828,.T.);
#828=EDGE_CURVE('NONE',#805,#241,#829,.F.);
#829=LINE('',#830,#831);
#830=CARTESIAN_POINT('',(-1.05,0.6,-0.652418595));
#831=VECTOR('',#832,1.0);
#832=DIRECTION('',(1.0,0.0,0.0));
#833=ORIENTED_EDGE('',*,*,#240,.F.);
#834=PLANE('',#835);
#835=AXIS2_PLACEMENT_3D('',#836,#837,#838);
#836=CARTESIAN_POINT('',(-1.05,0.6,-0.652418595));
#837=DIRECTION('',(0.0,0.0,1.0));
#838=DIRECTION('',(1.0,0.0,0.0));
#839=ADVANCED_FACE('NONE',(#840),#846,.T.);
#840=FACE_BOUND('NONE',#841,.T.);
#841=EDGE_LOOP('',(#842,#843,#844,#845));
#842=ORIENTED_EDGE('',*,*,#248,.F.);
#843=ORIENTED_EDGE('',*,*,#828,.F.);
#844=ORIENTED_EDGE('',*,*,#804,.F.);
#845=ORIENTED_EDGE('',*,*,#780,.F.);
#846=PLANE('',#847);
#847=AXIS2_PLACEMENT_3D('',#848,#849,#850);
#848=CARTESIAN_POINT('',(0.0,0.6,0.0));
#849=DIRECTION('',(0.0,1.0,0.0));
#850=DIRECTION('',(0.0,0.0,1.0));
#851=ADVANCED_FACE('NONE',(#852),#870,.F.);
#852=FACE_BOUND('NONE',#853,.T.);
#853=EDGE_LOOP('',(#854,#855,#863,#869));
#854=ORIENTED_EDGE('',*,*,#574,.F.);
#855=ORIENTED_EDGE('',*,*,#856,.T.);
#856=EDGE_CURVE('NONE',#567,#857,#859,.F.);
#857=VERTEX_POINT('NONE',#858);
#858=CARTESIAN_POINT('',(-0.730871353,0.6,0.917498475));
#859=LINE('',#860,#861);
#860=CARTESIAN_POINT('',(-0.730871353,0.6,0.917498475));
#861=VECTOR('',#862,1.0);
#862=DIRECTION('',(0.0,1.0,0.0));
#863=ORIENTED_EDGE('',*,*,#864,.T.);
#864=EDGE_CURVE('NONE',#857,#296,#865,.F.);
#865=LINE('',#866,#867);
#866=CARTESIAN_POINT('',(-1.05,0.6,0.917498475));
#867=VECTOR('',#868,1.0);
#868=DIRECTION('',(1.0,0.0,0.0));
#869=ORIENTED_EDGE('',*,*,#295,.F.);
#870=PLANE('',#871);
#871=AXIS2_PLACEMENT_3D('',#872,#873,#874);
#872=CARTESIAN_POINT('',(-1.05,0.6,0.917498475));
#873=DIRECTION('',(0.0,0.0,1.0));
#874=DIRECTION('',(1.0,0.0,0.0));
#875=ADVANCED_FACE('NONE',(#876),#894,.F.);
#876=FACE_BOUND('NONE',#877,.T.);
#877=EDGE_LOOP('',(#878,#879,#880,#888));
#878=ORIENTED_EDGE('',*,*,#558,.F.);
#879=ORIENTED_EDGE('',*,*,#311,.F.);
#880=ORIENTED_EDGE('',*,*,#881,.T.);
#881=EDGE_CURVE('NONE',#304,#882,#884,.F.);
#882=VERTEX_POINT('NONE',#883);
#883=CARTESIAN_POINT('',(-0.730871353,0.6,0.652418595));
#884=LINE('',#885,#886);
#885=CARTESIAN_POINT('',(-1.05,0.6,0.652418595));
#886=VECTOR('',#887,1.0);
#887=DIRECTION('',(-1.0,0.0,0.0));
#888=ORIENTED_EDGE('',*,*,#889,.T.);
#889=EDGE_CURVE('NONE',#882,#559,#890,.T.);
#890=LINE('',#891,#892);
#891=CARTESIAN_POINT('',(-0.730871353,0.6,0.652418595));
#892=VECTOR('',#893,1.0);
#893=DIRECTION('',(0.0,1.0,0.0));
#894=PLANE('',#895);
#895=AXIS2_PLACEMENT_3D('',#896,#897,#898);
#896=CARTESIAN_POINT('',(-1.05,0.6,0.652418595));
#897=DIRECTION('',(0.0,0.0,-1.0));
#898=DIRECTION('',(-1.0,0.0,0.0));
#899=ADVANCED_FACE('NONE',(#900),#911,.F.);
#900=FACE_BOUND('NONE',#901,.T.);
#901=EDGE_LOOP('',(#902,#903,#904,#910));
#902=ORIENTED_EDGE('',*,*,#566,.F.);
#903=ORIENTED_EDGE('',*,*,#889,.F.);
#904=ORIENTED_EDGE('',*,*,#905,.T.);
#905=EDGE_CURVE('NONE',#882,#857,#906,.F.);
#906=LINE('',#907,#908);
#907=CARTESIAN_POINT('',(-0.730871353,0.6,0.917498475));
#908=VECTOR('',#909,1.0);
#909=DIRECTION('',(0.0,0.0,-1.0));
#910=ORIENTED_EDGE('',*,*,#856,.F.);
#911=PLANE('',#912);
#912=AXIS2_PLACEMENT_3D('',#913,#914,#915);
#913=CARTESIAN_POINT('',(-0.730871353,0.6,0.917498475));
#914=DIRECTION('',(1.0,0.0,0.0));
#915=DIRECTION('',(0.0,0.0,-1.0));
#916=ADVANCED_FACE('NONE',(#917),#923,.T.);
#917=FACE_BOUND('NONE',#918,.T.);
#918=EDGE_LOOP('',(#919,#920,#921,#922));
#919=ORIENTED_EDGE('',*,*,#864,.F.);
#920=ORIENTED_EDGE('',*,*,#905,.F.);
#921=ORIENTED_EDGE('',*,*,#881,.F.);
#922=ORIENTED_EDGE('',*,*,#303,.F.);
#923=PLANE('',#924);
#924=AXIS2_PLACEMENT_3D('',#925,#926,#927);
#925=CARTESIAN_POINT('',(0.0,0.6,0.0));
#926=DIRECTION('',(0.0,1.0,0.0));
#927=DIRECTION('',(0.0,0.0,1.0));
#928=ADVANCED_FACE('NONE',(#929),#947,.F.);
#929=FACE_BOUND('NONE',#930,.T.);
#930=EDGE_LOOP('',(#931,#932,#940,#946));
#931=ORIENTED_EDGE('',*,*,#551,.F.);
#932=ORIENTED_EDGE('',*,*,#933,.T.);
#933=EDGE_CURVE('NONE',#544,#934,#936,.F.);
#934=VERTEX_POINT('NONE',#935);
#935=CARTESIAN_POINT('',(-0.730871353,0.6,0.387498475));
#936=LINE('',#937,#938);
#937=CARTESIAN_POINT('',(-0.730871353,0.6,0.387498475));
#938=VECTOR('',#939,1.0);
#939=DIRECTION('',(0.0,1.0,0.0));
#940=ORIENTED_EDGE('',*,*,#941,.T.);
#941=EDGE_CURVE('NONE',#934,#328,#942,.F.);
#942=LINE('',#943,#944);
#943=CARTESIAN_POINT('',(-1.05,0.6,0.387498475));
#944=VECTOR('',#945,1.0);
#945=DIRECTION('',(1.0,0.0,0.0));
#946=ORIENTED_EDGE('',*,*,#327,.F.);
#947=PLANE('',#948);
#948=AXIS2_PLACEMENT_3D('',#949,#950,#951);
#949=CARTESIAN_POINT('',(-1.05,0.6,0.387498475));
#950=DIRECTION('',(0.0,0.0,1.0));
#951=DIRECTION('',(1.0,0.0,0.0));
#952=ADVANCED_FACE('NONE',(#953),#971,.F.);
#953=FACE_BOUND('NONE',#954,.T.);
#954=EDGE_LOOP('',(#955,#956,#957,#965));
#955=ORIENTED_EDGE('',*,*,#535,.F.);
#956=ORIENTED_EDGE('',*,*,#343,.F.);
#957=ORIENTED_EDGE('',*,*,#958,.T.);
#958=EDGE_CURVE('NONE',#336,#959,#961,.F.);
#959=VERTEX_POINT('NONE',#960);
#960=CARTESIAN_POINT('',(-0.730871353,0.6,0.122418595));
#961=LINE('',#962,#963);
#962=CARTESIAN_POINT('',(-1.05,0.6,0.122418595));
#963=VECTOR('',#964,1.0);
#964=DIRECTION('',(-1.0,0.0,0.0));
#965=ORIENTED_EDGE('',*,*,#966,.T.);
#966=EDGE_CURVE('NONE',#959,#536,#967,.T.);
#967=LINE('',#968,#969);
#968=CARTESIAN_POINT('',(-0.730871353,0.6,0.122418595));
#969=VECTOR('',#970,1.0);
#970=DIRECTION('',(0.0,1.0,0.0));
#971=PLANE('',#972);
#972=AXIS2_PLACEMENT_3D('',#973,#974,#975);
#973=CARTESIAN_POINT('',(-1.05,0.6,0.122418595));
#974=DIRECTION('',(0.0,0.0,-1.0));
#975=DIRECTION('',(-1.0,0.0,0.0));
#976=ADVANCED_FACE('NONE',(#977),#988,.F.);
#977=FACE_BOUND('NONE',#978,.T.);
#978=EDGE_LOOP('',(#979,#980,#981,#987));
#979=ORIENTED_EDGE('',*,*,#543,.F.);
#980=ORIENTED_EDGE('',*,*,#966,.F.);
#981=ORIENTED_EDGE('',*,*,#982,.T.);
#982=EDGE_CURVE('NONE',#959,#934,#983,.F.);
#983=LINE('',#984,#985);
#984=CARTESIAN_POINT('',(-0.730871353,0.6,0.387498475));
#985=VECTOR('',#986,1.0);
#986=DIRECTION('',(0.0,0.0,-1.0));
#987=ORIENTED_EDGE('',*,*,#933,.F.);
#988=PLANE('',#989);
#989=AXIS2_PLACEMENT_3D('',#990,#991,#992);
#990=CARTESIAN_POINT('',(-0.730871353,0.6,0.387498475));
#991=DIRECTION('',(1.0,0.0,0.0));
#992=DIRECTION('',(0.0,0.0,-1.0));
#993=ADVANCED_FACE('NONE',(#994),#1000,.T.);
#994=FACE_BOUND('NONE',#995,.T.);
#995=EDGE_LOOP('',(#996,#997,#998,#999));
#996=ORIENTED_EDGE('',*,*,#941,.F.);
#997=ORIENTED_EDGE('',*,*,#982,.F.);
#998=ORIENTED_EDGE('',*,*,#958,.F.);
#999=ORIENTED_EDGE('',*,*,#335,.F.);
#1000=PLANE('',#1001);
#1001=AXIS2_PLACEMENT_3D('',#1002,#1003,#1004);
#1002=CARTESIAN_POINT('',(0.0,0.6,0.0));
#1003=DIRECTION('',(0.0,1.0,0.0));
#1004=DIRECTION('',(0.0,0.0,1.0));
#1005=ADVANCED_FACE('NONE',(#1006),#1024,.F.);
#1006=FACE_BOUND('NONE',#1007,.T.);
#1007=EDGE_LOOP('',(#1008,#1009,#1010,#1018));
#1008=ORIENTED_EDGE('',*,*,#418,.F.);
#1009=ORIENTED_EDGE('',*,*,#153,.F.);
#1010=ORIENTED_EDGE('',*,*,#1011,.T.);
#1011=EDGE_CURVE('NONE',#146,#1012,#1014,.F.);
#1012=VERTEX_POINT('NONE',#1013);
#1013=CARTESIAN_POINT('',(0.730871353,0.6,0.387498475));
#1014=LINE('',#1015,#1016);
#1015=CARTESIAN_POINT('',(1.05,0.6,0.387498475));
#1016=VECTOR('',#1017,1.0);
#1017=DIRECTION('',(1.0,0.0,0.0));
#1018=ORIENTED_EDGE('',*,*,#1019,.T.);
#1019=EDGE_CURVE('NONE',#1012,#419,#1020,.T.);
#1020=LINE('',#1021,#1022);
#1021=CARTESIAN_POINT('',(0.730871353,0.6,0.387498475));
#1022=VECTOR('',#1023,1.0);
#1023=DIRECTION('',(0.0,1.0,0.0));
#1024=PLANE('',#1025);
#1025=AXIS2_PLACEMENT_3D('',#1026,#1027,#1028);
#1026=CARTESIAN_POINT('',(1.05,0.6,0.387498475));
#1027=DIRECTION('',(0.0,0.0,1.0));
#1028=DIRECTION('',(1.0,0.0,0.0));
#1029=ADVANCED_FACE('NONE',(#1030),#1048,.F.);
#1030=FACE_BOUND('NONE',#1031,.T.);
#1031=EDGE_LOOP('',(#1032,#1033,#1034,#1042));
#1032=ORIENTED_EDGE('',*,*,#426,.F.);
#1033=ORIENTED_EDGE('',*,*,#1019,.F.);
#1034=ORIENTED_EDGE('',*,*,#1035,.T.);
#1035=EDGE_CURVE('NONE',#1012,#1036,#1038,.F.);
#1036=VERTEX_POINT('NONE',#1037);
#1037=CARTESIAN_POINT('',(0.730871353,0.6,0.122418595));
#1038=LINE('',#1039,#1040);
#1039=CARTESIAN_POINT('',(0.730871353,0.6,0.387498475));
#1040=VECTOR('',#1041,1.0);
#1041=DIRECTION('',(0.0,0.0,1.0));
#1042=ORIENTED_EDGE('',*,*,#1043,.T.);
#1043=EDGE_CURVE('NONE',#1036,#427,#1044,.T.);
#1044=LINE('',#1045,#1046);
#1045=CARTESIAN_POINT('',(0.730871353,0.6,0.122418595));
#1046=VECTOR('',#1047,1.0);
#1047=DIRECTION('',(0.0,1.0,0.0));
#1048=PLANE('',#1049);
#1049=AXIS2_PLACEMENT_3D('',#1050,#1051,#1052);
#1050=CARTESIAN_POINT('',(0.730871353,0.6,0.387498475));
#1051=DIRECTION('',(-1.0,0.0,0.0));
#1052=DIRECTION('',(0.0,0.0,1.0));
#1053=ADVANCED_FACE('NONE',(#1054),#1065,.F.);
#1054=FACE_BOUND('NONE',#1055,.T.);
#1055=EDGE_LOOP('',(#1056,#1057,#1058,#1064));
#1056=ORIENTED_EDGE('',*,*,#434,.F.);
#1057=ORIENTED_EDGE('',*,*,#1043,.F.);
#1058=ORIENTED_EDGE('',*,*,#1059,.T.);
#1059=EDGE_CURVE('NONE',#1036,#138,#1060,.F.);
#1060=LINE('',#1061,#1062);
#1061=CARTESIAN_POINT('',(1.05,0.6,0.122418595));
#1062=VECTOR('',#1063,1.0);
#1063=DIRECTION('',(-1.0,0.0,0.0));
#1064=ORIENTED_EDGE('',*,*,#137,.F.);
#1065=PLANE('',#1066);
#1066=AXIS2_PLACEMENT_3D('',#1067,#1068,#1069);
#1067=CARTESIAN_POINT('',(1.05,0.6,0.122418595));
#1068=DIRECTION('',(0.0,0.0,-1.0));
#1069=DIRECTION('',(-1.0,0.0,0.0));
#1070=ADVANCED_FACE('NONE',(#1071),#1077,.T.);
#1071=FACE_BOUND('NONE',#1072,.T.);
#1072=EDGE_LOOP('',(#1073,#1074,#1075,#1076));
#1073=ORIENTED_EDGE('',*,*,#145,.F.);
#1074=ORIENTED_EDGE('',*,*,#1059,.F.);
#1075=ORIENTED_EDGE('',*,*,#1035,.F.);
#1076=ORIENTED_EDGE('',*,*,#1011,.F.);
#1077=PLANE('',#1078);
#1078=AXIS2_PLACEMENT_3D('',#1079,#1080,#1081);
#1079=CARTESIAN_POINT('',(0.0,0.6,0.0));
#1080=DIRECTION('',(0.0,1.0,0.0));
#1081=DIRECTION('',(0.0,0.0,1.0));
#1082=ADVANCED_FACE('NONE',(#1083),#1101,.F.);
#1083=FACE_BOUND('NONE',#1084,.T.);
#1084=EDGE_LOOP('',(#1085,#1086,#1094,#1100));
#1085=ORIENTED_EDGE('',*,*,#457,.F.);
#1086=ORIENTED_EDGE('',*,*,#1087,.T.);
#1087=EDGE_CURVE('NONE',#450,#1088,#1090,.F.);
#1088=VERTEX_POINT('NONE',#1089);
#1089=CARTESIAN_POINT('',(0.730871353,0.6,-0.387498475));
#1090=LINE('',#1091,#1092);
#1091=CARTESIAN_POINT('',(0.730871353,0.6,-0.387498475));
#1092=VECTOR('',#1093,1.0);
#1093=DIRECTION('',(0.0,1.0,0.0));
#1094=ORIENTED_EDGE('',*,*,#1095,.T.);
#1095=EDGE_CURVE('NONE',#1088,#106,#1096,.F.);
#1096=LINE('',#1097,#1098);
#1097=CARTESIAN_POINT('',(1.05,0.6,-0.387498475));
#1098=VECTOR('',#1099,1.0);
#1099=DIRECTION('',(-1.0,0.0,0.0));
#1100=ORIENTED_EDGE('',*,*,#105,.F.);
#1101=PLANE('',#1102);
#1102=AXIS2_PLACEMENT_3D('',#1103,#1104,#1105);
#1103=CARTESIAN_POINT('',(1.05,0.6,-0.387498475));
#1104=DIRECTION('',(0.0,0.0,-1.0));
#1105=DIRECTION('',(-1.0,0.0,0.0));
#1106=ADVANCED_FACE('NONE',(#1107),#1125,.F.);
#1107=FACE_BOUND('NONE',#1108,.T.);
#1108=EDGE_LOOP('',(#1109,#1110,#1111,#1119));
#1109=ORIENTED_EDGE('',*,*,#441,.F.);
#1110=ORIENTED_EDGE('',*,*,#121,.F.);
#1111=ORIENTED_EDGE('',*,*,#1112,.T.);
#1112=EDGE_CURVE('NONE',#114,#1113,#1115,.F.);
#1113=VERTEX_POINT('NONE',#1114);
#1114=CARTESIAN_POINT('',(0.730871353,0.6,-0.122418595));
#1115=LINE('',#1116,#1117);
#1116=CARTESIAN_POINT('',(1.05,0.6,-0.122418595));
#1117=VECTOR('',#1118,1.0);
#1118=DIRECTION('',(1.0,0.0,0.0));
#1119=ORIENTED_EDGE('',*,*,#1120,.T.);
#1120=EDGE_CURVE('NONE',#1113,#442,#1121,.T.);
#1121=LINE('',#1122,#1123);
#1122=CARTESIAN_POINT('',(0.730871353,0.6,-0.122418595));
#1123=VECTOR('',#1124,1.0);
#1124=DIRECTION('',(0.0,1.0,0.0));
#1125=PLANE('',#1126);
#1126=AXIS2_PLACEMENT_3D('',#1127,#1128,#1129);
#1127=CARTESIAN_POINT('',(1.05,0.6,-0.122418595));
#1128=DIRECTION('',(0.0,0.0,1.0));
#1129=DIRECTION('',(1.0,0.0,0.0));
#1130=ADVANCED_FACE('NONE',(#1131),#1142,.F.);
#1131=FACE_BOUND('NONE',#1132,.T.);
#1132=EDGE_LOOP('',(#1133,#1134,#1135,#1141));
#1133=ORIENTED_EDGE('',*,*,#449,.F.);
#1134=ORIENTED_EDGE('',*,*,#1120,.F.);
#1135=ORIENTED_EDGE('',*,*,#1136,.T.);
#1136=EDGE_CURVE('NONE',#1113,#1088,#1137,.F.);
#1137=LINE('',#1138,#1139);
#1138=CARTESIAN_POINT('',(0.730871353,0.6,-0.387498475));
#1139=VECTOR('',#1140,1.0);
#1140=DIRECTION('',(0.0,0.0,1.0));
#1141=ORIENTED_EDGE('',*,*,#1087,.F.);
#1142=PLANE('',#1143);
#1143=AXIS2_PLACEMENT_3D('',#1144,#1145,#1146);
#1144=CARTESIAN_POINT('',(0.730871353,0.6,-0.387498475));
#1145=DIRECTION('',(-1.0,0.0,0.0));
#1146=DIRECTION('',(0.0,0.0,1.0));
#1147=ADVANCED_FACE('NONE',(#1148),#1154,.T.);
#1148=FACE_BOUND('NONE',#1149,.T.);
#1149=EDGE_LOOP('',(#1150,#1151,#1152,#1153));
#1150=ORIENTED_EDGE('',*,*,#1095,.F.);
#1151=ORIENTED_EDGE('',*,*,#1136,.F.);
#1152=ORIENTED_EDGE('',*,*,#1112,.F.);
#1153=ORIENTED_EDGE('',*,*,#113,.F.);
#1154=PLANE('',#1155);
#1155=AXIS2_PLACEMENT_3D('',#1156,#1157,#1158);
#1156=CARTESIAN_POINT('',(0.0,0.6,0.0));
#1157=DIRECTION('',(0.0,1.0,0.0));
#1158=DIRECTION('',(0.0,0.0,1.0));
#1159=ADVANCED_FACE('NONE',(#1160),#1178,.F.);
#1160=FACE_BOUND('NONE',#1161,.T.);
#1161=EDGE_LOOP('',(#1162,#1163,#1164,#1172));
#1162=ORIENTED_EDGE('',*,*,#512,.F.);
#1163=ORIENTED_EDGE('',*,*,#224,.F.);
#1164=ORIENTED_EDGE('',*,*,#1165,.T.);
#1165=EDGE_CURVE('NONE',#217,#1166,#1168,.F.);
#1166=VERTEX_POINT('NONE',#1167);
#1167=CARTESIAN_POINT('',(-0.730871353,0.6,-0.387498475));
#1168=LINE('',#1169,#1170);
#1169=CARTESIAN_POINT('',(-1.05,0.6,-0.387498475));
#1170=VECTOR('',#1171,1.0);
#1171=DIRECTION('',(-1.0,0.0,0.0));
#1172=ORIENTED_EDGE('',*,*,#1173,.T.);
#1173=EDGE_CURVE('NONE',#1166,#513,#1174,.T.);
#1174=LINE('',#1175,#1176);
#1175=CARTESIAN_POINT('',(-0.730871353,0.6,-0.387498475));
#1176=VECTOR('',#1177,1.0);
#1177=DIRECTION('',(0.0,1.0,0.0));
#1178=PLANE('',#1179);
#1179=AXIS2_PLACEMENT_3D('',#1180,#1181,#1182);
#1180=CARTESIAN_POINT('',(-1.05,0.6,-0.387498475));
#1181=DIRECTION('',(0.0,0.0,-1.0));
#1182=DIRECTION('',(-1.0,0.0,0.0));
#1183=ADVANCED_FACE('NONE',(#1184),#1202,.F.);
#1184=FACE_BOUND('NONE',#1185,.T.);
#1185=EDGE_LOOP('',(#1186,#1187,#1188,#1196));
#1186=ORIENTED_EDGE('',*,*,#520,.F.);
#1187=ORIENTED_EDGE('',*,*,#1173,.F.);
#1188=ORIENTED_EDGE('',*,*,#1189,.T.);
#1189=EDGE_CURVE('NONE',#1166,#1190,#1192,.F.);
#1190=VERTEX_POINT('NONE',#1191);
#1191=CARTESIAN_POINT('',(-0.730871353,0.6,-0.122418595));
#1192=LINE('',#1193,#1194);
#1193=CARTESIAN_POINT('',(-0.730871353,0.6,-0.387498475));
#1194=VECTOR('',#1195,1.0);
#1195=DIRECTION('',(0.0,0.0,-1.0));
#1196=ORIENTED_EDGE('',*,*,#1197,.T.);
#1197=EDGE_CURVE('NONE',#1190,#521,#1198,.T.);
#1198=LINE('',#1199,#1200);
#1199=CARTESIAN_POINT('',(-0.730871353,0.6,-0.122418595));
#1200=VECTOR('',#1201,1.0);
#1201=DIRECTION('',(0.0,1.0,0.0));
#1202=PLANE('',#1203);
#1203=AXIS2_PLACEMENT_3D('',#1204,#1205,#1206);
#1204=CARTESIAN_POINT('',(-0.730871353,0.6,-0.387498475));
#1205=DIRECTION('',(1.0,0.0,0.0));
#1206=DIRECTION('',(0.0,0.0,-1.0));
#1207=ADVANCED_FACE('NONE',(#1208),#1219,.F.);
#1208=FACE_BOUND('NONE',#1209,.T.);
#1209=EDGE_LOOP('',(#1210,#1211,#1212,#1218));
#1210=ORIENTED_EDGE('',*,*,#528,.F.);
#1211=ORIENTED_EDGE('',*,*,#1197,.F.);
#1212=ORIENTED_EDGE('',*,*,#1213,.T.);
#1213=EDGE_CURVE('NONE',#1190,#215,#1214,.F.);
#1214=LINE('',#1215,#1216);
#1215=CARTESIAN_POINT('',(-1.05,0.6,-0.122418595));
#1216=VECTOR('',#1217,1.0);
#1217=DIRECTION('',(1.0,0.0,0.0));
#1218=ORIENTED_EDGE('',*,*,#359,.F.);
#1219=PLANE('',#1220);
#1220=AXIS2_PLACEMENT_3D('',#1221,#1222,#1223);
#1221=CARTESIAN_POINT('',(-1.05,0.6,-0.122418595));
#1222=DIRECTION('',(0.0,0.0,1.0));
#1223=DIRECTION('',(1.0,0.0,0.0));
#1224=ADVANCED_FACE('NONE',(#1225),#1231,.T.);
#1225=FACE_BOUND('NONE',#1226,.T.);
#1226=EDGE_LOOP('',(#1227,#1228,#1229,#1230));
#1227=ORIENTED_EDGE('',*,*,#214,.F.);
#1228=ORIENTED_EDGE('',*,*,#1213,.F.);
#1229=ORIENTED_EDGE('',*,*,#1189,.F.);
#1230=ORIENTED_EDGE('',*,*,#1165,.F.);
#1231=PLANE('',#1232);
#1232=AXIS2_PLACEMENT_3D('',#1233,#1234,#1235);
#1233=CARTESIAN_POINT('',(0.0,0.6,0.0));
#1234=DIRECTION('',(0.0,1.0,0.0));
#1235=DIRECTION('',(0.0,0.0,1.0));
#1236=ADVANCED_FACE('NONE',(#1237),#1255,.F.);
#1237=FACE_BOUND('NONE',#1238,.T.);
#1238=EDGE_LOOP('',(#1239,#1240,#1248,#1254));
#1239=ORIENTED_EDGE('',*,*,#480,.F.);
#1240=ORIENTED_EDGE('',*,*,#1241,.T.);
#1241=EDGE_CURVE('NONE',#473,#1242,#1244,.F.);
#1242=VERTEX_POINT('NONE',#1243);
#1243=CARTESIAN_POINT('',(0.730871353,0.6,-0.917498475));
#1244=LINE('',#1245,#1246);
#1245=CARTESIAN_POINT('',(0.730871353,0.6,-0.917498475));
#1246=VECTOR('',#1247,1.0);
#1247=DIRECTION('',(0.0,1.0,0.0));
#1248=ORIENTED_EDGE('',*,*,#1249,.T.);
#1249=EDGE_CURVE('NONE',#1242,#74,#1250,.F.);
#1250=LINE('',#1251,#1252);
#1251=CARTESIAN_POINT('',(1.05,0.6,-0.917498475));
#1252=VECTOR('',#1253,1.0);
#1253=DIRECTION('',(-1.0,0.0,0.0));
#1254=ORIENTED_EDGE('',*,*,#73,.F.);
#1255=PLANE('',#1256);
#1256=AXIS2_PLACEMENT_3D('',#1257,#1258,#1259);
#1257=CARTESIAN_POINT('',(1.05,0.6,-0.917498475));
#1258=DIRECTION('',(0.0,0.0,-1.0));
#1259=DIRECTION('',(-1.0,0.0,0.0));
#1260=ADVANCED_FACE('NONE',(#1261),#1279,.F.);
#1261=FACE_BOUND('NONE',#1262,.T.);
#1262=EDGE_LOOP('',(#1263,#1264,#1265,#1273));
#1263=ORIENTED_EDGE('',*,*,#464,.F.);
#1264=ORIENTED_EDGE('',*,*,#89,.F.);
#1265=ORIENTED_EDGE('',*,*,#1266,.T.);
#1266=EDGE_CURVE('NONE',#82,#1267,#1269,.F.);
#1267=VERTEX_POINT('NONE',#1268);
#1268=CARTESIAN_POINT('',(0.730871353,0.6,-0.652418595));
#1269=LINE('',#1270,#1271);
#1270=CARTESIAN_POINT('',(1.05,0.6,-0.652418595));
#1271=VECTOR('',#1272,1.0);
#1272=DIRECTION('',(1.0,0.0,0.0));
#1273=ORIENTED_EDGE('',*,*,#1274,.T.);
#1274=EDGE_CURVE('NONE',#1267,#465,#1275,.T.);
#1275=LINE('',#1276,#1277);
#1276=CARTESIAN_POINT('',(0.730871353,0.6,-0.652418595));
#1277=VECTOR('',#1278,1.0);
#1278=DIRECTION('',(0.0,1.0,0.0));
#1279=PLANE('',#1280);
#1280=AXIS2_PLACEMENT_3D('',#1281,#1282,#1283);
#1281=CARTESIAN_POINT('',(1.05,0.6,-0.652418595));
#1282=DIRECTION('',(0.0,0.0,1.0));
#1283=DIRECTION('',(1.0,0.0,0.0));
#1284=ADVANCED_FACE('NONE',(#1285),#1296,.F.);
#1285=FACE_BOUND('NONE',#1286,.T.);
#1286=EDGE_LOOP('',(#1287,#1288,#1289,#1295));
#1287=ORIENTED_EDGE('',*,*,#472,.F.);
#1288=ORIENTED_EDGE('',*,*,#1274,.F.);
#1289=ORIENTED_EDGE('',*,*,#1290,.T.);
#1290=EDGE_CURVE('NONE',#1267,#1242,#1291,.F.);
#1291=LINE('',#1292,#1293);
#1292=CARTESIAN_POINT('',(0.730871353,0.6,-0.917498475));
#1293=VECTOR('',#1294,1.0);
#1294=DIRECTION('',(0.0,0.0,1.0));
#1295=ORIENTED_EDGE('',*,*,#1241,.F.);
#1296=PLANE('',#1297);
#1297=AXIS2_PLACEMENT_3D('',#1298,#1299,#1300);
#1298=CARTESIAN_POINT('',(0.730871353,0.6,-0.917498475));
#1299=DIRECTION('',(-1.0,0.0,0.0));
#1300=DIRECTION('',(0.0,0.0,1.0));
#1301=ADVANCED_FACE('NONE',(#1302),#1308,.T.);
#1302=FACE_BOUND('NONE',#1303,.T.);
#1303=EDGE_LOOP('',(#1304,#1305,#1306,#1307));
#1304=ORIENTED_EDGE('',*,*,#1249,.F.);
#1305=ORIENTED_EDGE('',*,*,#1290,.F.);
#1306=ORIENTED_EDGE('',*,*,#1266,.F.);
#1307=ORIENTED_EDGE('',*,*,#81,.F.);
#1308=PLANE('',#1309);
#1309=AXIS2_PLACEMENT_3D('',#1310,#1311,#1312);
#1310=CARTESIAN_POINT('',(0.0,0.6,0.0));
#1311=DIRECTION('',(0.0,1.0,0.0));
#1312=DIRECTION('',(0.0,0.0,1.0));
#1313=ADVANCED_FACE('NONE',(#1314),#1332,.F.);
#1314=FACE_BOUND('NONE',#1315,.T.);
#1315=EDGE_LOOP('',(#1316,#1317,#1318,#1326));
#1316=ORIENTED_EDGE('',*,*,#395,.F.);
#1317=ORIENTED_EDGE('',*,*,#25,.F.);
#1318=ORIENTED_EDGE('',*,*,#1319,.T.);
#1319=EDGE_CURVE('NONE',#18,#1320,#1322,.F.);
#1320=VERTEX_POINT('NONE',#1321);
#1321=CARTESIAN_POINT('',(0.730871353,0.6,0.917498475));
#1322=LINE('',#1323,#1324);
#1323=CARTESIAN_POINT('',(1.05,0.6,0.917498475));
#1324=VECTOR('',#1325,1.0);
#1325=DIRECTION('',(1.0,0.0,0.0));
#1326=ORIENTED_EDGE('',*,*,#1327,.T.);
#1327=EDGE_CURVE('NONE',#1320,#396,#1328,.T.);
#1328=LINE('',#1329,#1330);
#1329=CARTESIAN_POINT('',(0.730871353,0.6,0.917498475));
#1330=VECTOR('',#1331,1.0);
#1331=DIRECTION('',(0.0,1.0,0.0));
#1332=PLANE('',#1333);
#1333=AXIS2_PLACEMENT_3D('',#1334,#1335,#1336);
#1334=CARTESIAN_POINT('',(1.05,0.6,0.917498475));
#1335=DIRECTION('',(0.0,0.0,1.0));
#1336=DIRECTION('',(1.0,0.0,0.0));
#1337=ADVANCED_FACE('NONE',(#1338),#1356,.F.);
#1338=FACE_BOUND('NONE',#1339,.T.);
#1339=EDGE_LOOP('',(#1340,#1341,#1342,#1350));
#1340=ORIENTED_EDGE('',*,*,#403,.F.);
#1341=ORIENTED_EDGE('',*,*,#1327,.F.);
#1342=ORIENTED_EDGE('',*,*,#1343,.T.);
#1343=EDGE_CURVE('NONE',#1320,#1344,#1346,.F.);
#1344=VERTEX_POINT('NONE',#1345);
#1345=CARTESIAN_POINT('',(0.730871353,0.6,0.652418595));
#1346=LINE('',#1347,#1348);
#1347=CARTESIAN_POINT('',(0.730871353,0.6,0.917498475));
#1348=VECTOR('',#1349,1.0);
#1349=DIRECTION('',(0.0,0.0,1.0));
#1350=ORIENTED_EDGE('',*,*,#1351,.T.);
#1351=EDGE_CURVE('NONE',#1344,#404,#1352,.T.);
#1352=LINE('',#1353,#1354);
#1353=CARTESIAN_POINT('',(0.730871353,0.6,0.652418595));
#1354=VECTOR('',#1355,1.0);
#1355=DIRECTION('',(0.0,1.0,0.0));
#1356=PLANE('',#1357);
#1357=AXIS2_PLACEMENT_3D('',#1358,#1359,#1360);
#1358=CARTESIAN_POINT('',(0.730871353,0.6,0.917498475));
#1359=DIRECTION('',(-1.0,0.0,0.0));
#1360=DIRECTION('',(0.0,0.0,1.0));
#1361=ADVANCED_FACE('NONE',(#1362),#1373,.F.);
#1362=FACE_BOUND('NONE',#1363,.T.);
#1363=EDGE_LOOP('',(#1364,#1365,#1366,#1372));
#1364=ORIENTED_EDGE('',*,*,#411,.F.);
#1365=ORIENTED_EDGE('',*,*,#1351,.F.);
#1366=ORIENTED_EDGE('',*,*,#1367,.T.);
#1367=EDGE_CURVE('NONE',#1344,#16,#1368,.F.);
#1368=LINE('',#1369,#1370);
#1369=CARTESIAN_POINT('',(1.05,0.6,0.652418595));
#1370=VECTOR('',#1371,1.0);
#1371=DIRECTION('',(-1.0,0.0,0.0));
#1372=ORIENTED_EDGE('',*,*,#169,.F.);
#1373=PLANE('',#1374);
#1374=AXIS2_PLACEMENT_3D('',#1375,#1376,#1377);
#1375=CARTESIAN_POINT('',(1.05,0.6,0.652418595));
#1376=DIRECTION('',(0.0,0.0,-1.0));
#1377=DIRECTION('',(-1.0,0.0,0.0));
#1378=ADVANCED_FACE('NONE',(#1379),#1385,.T.);
#1379=FACE_BOUND('NONE',#1380,.T.);
#1380=EDGE_LOOP('',(#1381,#1382,#1383,#1384));
#1381=ORIENTED_EDGE('',*,*,#15,.F.);
#1382=ORIENTED_EDGE('',*,*,#1367,.F.);
#1383=ORIENTED_EDGE('',*,*,#1343,.F.);
#1384=ORIENTED_EDGE('',*,*,#1319,.F.);
#1385=PLANE('',#1386);
#1386=AXIS2_PLACEMENT_3D('',#1387,#1388,#1389);
#1387=CARTESIAN_POINT('',(0.0,0.6,0.0));
#1388=DIRECTION('',(0.0,1.0,0.0));
#1389=DIRECTION('',(0.0,0.0,1.0));
#1390=MANIFOLD_SOLID_BREP('Boss-Extrude3[1]',#1391);
#1391=CLOSED_SHELL('NONE',(#1392,#1432,#1463,#1494,#1516,#1528));
#1392=ADVANCED_FACE('NONE',(#1393),#1427,.F.);
#1393=FACE_BOUND('NONE',#1394,.T.);
#1394=EDGE_LOOP('',(#1395,#1405,#1413,#1421));
#1395=ORIENTED_EDGE('',*,*,#1396,.T.);
#1396=EDGE_CURVE('NONE',#1397,#1399,#1401,.T.);
#1397=VERTEX_POINT('NONE',#1398);
#1398=CARTESIAN_POINT('',(1.07,0.6,-0.917498475));
#1399=VERTEX_POINT('NONE',#1400);
#1400=CARTESIAN_POINT('',(0.730871353,0.6,-0.917498475));
#1401=LINE('',#1402,#1403);
#1402=CARTESIAN_POINT('',(0.730871353,0.6,-0.917498475));
#1403=VECTOR('',#1404,1.0);
#1404=DIRECTION('',(-1.0,0.0,0.0));
#1405=ORIENTED_EDGE('',*,*,#1406,.T.);
#1406=EDGE_CURVE('NONE',#1399,#1407,#1409,.F.);
#1407=VERTEX_POINT('NONE',#1408);
#1408=CARTESIAN_POINT('',(0.730871353,0.81,-0.917498475));
#1409=LINE('',#1410,#1411);
#1410=CARTESIAN_POINT('',(0.730871353,0.81,-0.917498475));
#1411=VECTOR('',#1412,1.0);
#1412=DIRECTION('',(0.0,-1.0,0.0));
#1413=ORIENTED_EDGE('',*,*,#1414,.T.);
#1414=EDGE_CURVE('NONE',#1407,#1415,#1417,.F.);
#1415=VERTEX_POINT('NONE',#1416);
#1416=CARTESIAN_POINT('',(1.07,0.81,-0.917498475));
#1417=LINE('',#1418,#1419);
#1418=CARTESIAN_POINT('',(0.730871353,0.81,-0.917498475));
#1419=VECTOR('',#1420,1.0);
#1420=DIRECTION('',(-1.0,0.0,0.0));
#1421=ORIENTED_EDGE('',*,*,#1422,.T.);
#1422=EDGE_CURVE('NONE',#1415,#1397,#1423,.T.);
#1423=LINE('',#1424,#1425);
#1424=CARTESIAN_POINT('',(1.07,0.81,-0.917498475));
#1425=VECTOR('',#1426,1.0);
#1426=DIRECTION('',(0.0,-1.0,0.0));
#1427=PLANE('',#1428);
#1428=AXIS2_PLACEMENT_3D('',#1429,#1430,#1431);
#1429=CARTESIAN_POINT('',(0.730871353,0.81,-0.917498475));
#1430=DIRECTION('',(0.0,0.0,1.0));
#1431=DIRECTION('',(1.0,0.0,0.0));
#1432=ADVANCED_FACE('NONE',(#1433),#1458,.F.);
#1433=FACE_BOUND('NONE',#1434,.T.);
#1434=EDGE_LOOP('',(#1435,#1443,#1451,#1457));
#1435=ORIENTED_EDGE('',*,*,#1436,.T.);
#1436=EDGE_CURVE('NONE',#1399,#1437,#1439,.T.);
#1437=VERTEX_POINT('NONE',#1438);
#1438=CARTESIAN_POINT('',(0.730871353,0.6,-0.652418595));
#1439=LINE('',#1440,#1441);
#1440=CARTESIAN_POINT('',(0.730871353,0.6,-0.917498475));
#1441=VECTOR('',#1442,1.0);
#1442=DIRECTION('',(0.0,0.0,1.0));
#1443=ORIENTED_EDGE('',*,*,#1444,.T.);
#1444=EDGE_CURVE('NONE',#1437,#1445,#1447,.F.);
#1445=VERTEX_POINT('NONE',#1446);
#1446=CARTESIAN_POINT('',(0.730871353,0.81,-0.652418595));
#1447=LINE('',#1448,#1449);
#1448=CARTESIAN_POINT('',(0.730871353,0.81,-0.652418595));
#1449=VECTOR('',#1450,1.0);
#1450=DIRECTION('',(0.0,-1.0,0.0));
#1451=ORIENTED_EDGE('',*,*,#1452,.T.);
#1452=EDGE_CURVE('NONE',#1445,#1407,#1453,.F.);
#1453=LINE('',#1454,#1455);
#1454=CARTESIAN_POINT('',(0.730871353,0.81,-0.917498475));
#1455=VECTOR('',#1456,1.0);
#1456=DIRECTION('',(0.0,0.0,1.0));
#1457=ORIENTED_EDGE('',*,*,#1406,.F.);
#1458=PLANE('',#1459);
#1459=AXIS2_PLACEMENT_3D('',#1460,#1461,#1462);
#1460=CARTESIAN_POINT('',(0.730871353,0.81,-0.917498475));
#1461=DIRECTION('',(1.0,0.0,0.0));
#1462=DIRECTION('',(0.0,0.0,-1.0));
#1463=ADVANCED_FACE('NONE',(#1464),#1489,.F.);
#1464=FACE_BOUND('NONE',#1465,.T.);
#1465=EDGE_LOOP('',(#1466,#1474,#1482,#1488));
#1466=ORIENTED_EDGE('',*,*,#1467,.T.);
#1467=EDGE_CURVE('NONE',#1437,#1468,#1470,.T.);
#1468=VERTEX_POINT('NONE',#1469);
#1469=CARTESIAN_POINT('',(1.07,0.6,-0.652418595));
#1470=LINE('',#1471,#1472);
#1471=CARTESIAN_POINT('',(0.730871353,0.6,-0.652418595));
#1472=VECTOR('',#1473,1.0);
#1473=DIRECTION('',(1.0,0.0,0.0));
#1474=ORIENTED_EDGE('',*,*,#1475,.T.);
#1475=EDGE_CURVE('NONE',#1468,#1476,#1478,.F.);
#1476=VERTEX_POINT('NONE',#1477);
#1477=CARTESIAN_POINT('',(1.07,0.81,-0.652418595));
#1478=LINE('',#1479,#1480);
#1479=CARTESIAN_POINT('',(1.07,0.81,-0.652418595));
#1480=VECTOR('',#1481,1.0);
#1481=DIRECTION('',(0.0,-1.0,0.0));
#1482=ORIENTED_EDGE('',*,*,#1483,.T.);
#1483=EDGE_CURVE('NONE',#1476,#1445,#1484,.F.);
#1484=LINE('',#1485,#1486);
#1485=CARTESIAN_POINT('',(0.730871353,0.81,-0.652418595));
#1486=VECTOR('',#1487,1.0);
#1487=DIRECTION('',(1.0,0.0,0.0));
#1488=ORIENTED_EDGE('',*,*,#1444,.F.);
#1489=PLANE('',#1490);
#1490=AXIS2_PLACEMENT_3D('',#1491,#1492,#1493);
#1491=CARTESIAN_POINT('',(0.730871353,0.81,-0.652418595));
#1492=DIRECTION('',(0.0,0.0,-1.0));
#1493=DIRECTION('',(-1.0,0.0,0.0));
#1494=ADVANCED_FACE('NONE',(#1495),#1511,.F.);
#1495=FACE_BOUND('NONE',#1496,.T.);
#1496=EDGE_LOOP('',(#1497,#1503,#1504,#1510));
#1497=ORIENTED_EDGE('',*,*,#1498,.T.);
#1498=EDGE_CURVE('NONE',#1468,#1397,#1499,.T.);
#1499=LINE('',#1500,#1501);
#1500=CARTESIAN_POINT('',(1.07,0.6,-0.917498475));
#1501=VECTOR('',#1502,1.0);
#1502=DIRECTION('',(0.0,0.0,-1.0));
#1503=ORIENTED_EDGE('',*,*,#1422,.F.);
#1504=ORIENTED_EDGE('',*,*,#1505,.T.);
#1505=EDGE_CURVE('NONE',#1415,#1476,#1506,.F.);
#1506=LINE('',#1507,#1508);
#1507=CARTESIAN_POINT('',(1.07,0.81,-0.917498475));
#1508=VECTOR('',#1509,1.0);
#1509=DIRECTION('',(0.0,0.0,-1.0));
#1510=ORIENTED_EDGE('',*,*,#1475,.F.);
#1511=PLANE('',#1512);
#1512=AXIS2_PLACEMENT_3D('',#1513,#1514,#1515);
#1513=CARTESIAN_POINT('',(1.07,0.81,-0.917498475));
#1514=DIRECTION('',(-1.0,0.0,0.0));
#1515=DIRECTION('',(0.0,0.0,1.0));
#1516=ADVANCED_FACE('NONE',(#1517),#1523,.F.);
#1517=FACE_BOUND('NONE',#1518,.T.);
#1518=EDGE_LOOP('',(#1519,#1520,#1521,#1522));
#1519=ORIENTED_EDGE('',*,*,#1414,.F.);
#1520=ORIENTED_EDGE('',*,*,#1452,.F.);
#1521=ORIENTED_EDGE('',*,*,#1483,.F.);
#1522=ORIENTED_EDGE('',*,*,#1505,.F.);
#1523=PLANE('',#1524);
#1524=AXIS2_PLACEMENT_3D('',#1525,#1526,#1527);
#1525=CARTESIAN_POINT('',(0.0,0.81,0.0));
#1526=DIRECTION('',(0.0,-1.0,0.0));
#1527=DIRECTION('',(0.0,0.0,-1.0));
#1528=ADVANCED_FACE('NONE',(#1529),#1535,.T.);
#1529=FACE_BOUND('NONE',#1530,.T.);
#1530=EDGE_LOOP('',(#1531,#1532,#1533,#1534));
#1531=ORIENTED_EDGE('',*,*,#1396,.F.);
#1532=ORIENTED_EDGE('',*,*,#1498,.F.);
#1533=ORIENTED_EDGE('',*,*,#1467,.F.);
#1534=ORIENTED_EDGE('',*,*,#1436,.F.);
#1535=PLANE('',#1536);
#1536=AXIS2_PLACEMENT_3D('',#1537,#1538,#1539);
#1537=CARTESIAN_POINT('',(0.0,0.6,0.0));
#1538=DIRECTION('',(0.0,-1.0,0.0));
#1539=DIRECTION('',(0.0,0.0,-1.0));
#1540=MANIFOLD_SOLID_BREP('Boss-Extrude3[2]',#1541);
#1541=CLOSED_SHELL('NONE',(#1542,#1582,#1613,#1644,#1666,#1678));
#1542=ADVANCED_FACE('NONE',(#1543),#1577,.F.);
#1543=FACE_BOUND('NONE',#1544,.T.);
#1544=EDGE_LOOP('',(#1545,#1555,#1563,#1571));
#1545=ORIENTED_EDGE('',*,*,#1546,.T.);
#1546=EDGE_CURVE('NONE',#1547,#1549,#1551,.T.);
#1547=VERTEX_POINT('NONE',#1548);
#1548=CARTESIAN_POINT('',(-0.730871353,0.6,-0.652418595));
#1549=VERTEX_POINT('NONE',#1550);
#1550=CARTESIAN_POINT('',(-0.730871353,0.6,-0.917498475));
#1551=LINE('',#1552,#1553);
#1552=CARTESIAN_POINT('',(-0.730871353,0.6,-0.917498475));
#1553=VECTOR('',#1554,1.0);
#1554=DIRECTION('',(0.0,0.0,-1.0));
#1555=ORIENTED_EDGE('',*,*,#1556,.T.);
#1556=EDGE_CURVE('NONE',#1549,#1557,#1559,.F.);
#1557=VERTEX_POINT('NONE',#1558);
#1558=CARTESIAN_POINT('',(-0.730871353,0.81,-0.917498475));
#1559=LINE('',#1560,#1561);
#1560=CARTESIAN_POINT('',(-0.730871353,0.81,-0.917498475));
#1561=VECTOR('',#1562,1.0);
#1562=DIRECTION('',(0.0,-1.0,0.0));
#1563=ORIENTED_EDGE('',*,*,#1564,.T.);
#1564=EDGE_CURVE('NONE',#1557,#1565,#1567,.F.);
#1565=VERTEX_POINT('NONE',#1566);
#1566=CARTESIAN_POINT('',(-0.730871353,0.81,-0.652418595));
#1567=LINE('',#1568,#1569);
#1568=CARTESIAN_POINT('',(-0.730871353,0.81,-0.917498475));
#1569=VECTOR('',#1570,1.0);
#1570=DIRECTION('',(0.0,0.0,-1.0));
#1571=ORIENTED_EDGE('',*,*,#1572,.T.);
#1572=EDGE_CURVE('NONE',#1565,#1547,#1573,.T.);
#1573=LINE('',#1574,#1575);
#1574=CARTESIAN_POINT('',(-0.730871353,0.81,-0.652418595));
#1575=VECTOR('',#1576,1.0);
#1576=DIRECTION('',(0.0,-1.0,0.0));
#1577=PLANE('',#1578);
#1578=AXIS2_PLACEMENT_3D('',#1579,#1580,#1581);
#1579=CARTESIAN_POINT('',(-0.730871353,0.81,-0.917498475));
#1580=DIRECTION('',(-1.0,0.0,0.0));
#1581=DIRECTION('',(0.0,0.0,1.0));
#1582=ADVANCED_FACE('NONE',(#1583),#1608,.F.);
#1583=FACE_BOUND('NONE',#1584,.T.);
#1584=EDGE_LOOP('',(#1585,#1593,#1601,#1607));
#1585=ORIENTED_EDGE('',*,*,#1586,.T.);
#1586=EDGE_CURVE('NONE',#1549,#1587,#1589,.T.);
#1587=VERTEX_POINT('NONE',#1588);
#1588=CARTESIAN_POINT('',(-1.07,0.6,-0.917498475));
#1589=LINE('',#1590,#1591);
#1590=CARTESIAN_POINT('',(-0.730871353,0.6,-0.917498475));
#1591=VECTOR('',#1592,1.0);
#1592=DIRECTION('',(-1.0,0.0,0.0));
#1593=ORIENTED_EDGE('',*,*,#1594,.T.);
#1594=EDGE_CURVE('NONE',#1587,#1595,#1597,.F.);
#1595=VERTEX_POINT('NONE',#1596);
#1596=CARTESIAN_POINT('',(-1.07,0.81,-0.917498475));
#1597=LINE('',#1598,#1599);
#1598=CARTESIAN_POINT('',(-1.07,0.81,-0.917498475));
#1599=VECTOR('',#1600,1.0);
#1600=DIRECTION('',(0.0,-1.0,0.0));
#1601=ORIENTED_EDGE('',*,*,#1602,.T.);
#1602=EDGE_CURVE('NONE',#1595,#1557,#1603,.F.);
#1603=LINE('',#1604,#1605);
#1604=CARTESIAN_POINT('',(-0.730871353,0.81,-0.917498475));
#1605=VECTOR('',#1606,1.0);
#1606=DIRECTION('',(-1.0,0.0,0.0));
#1607=ORIENTED_EDGE('',*,*,#1556,.F.);
#1608=PLANE('',#1609);
#1609=AXIS2_PLACEMENT_3D('',#1610,#1611,#1612);
#1610=CARTESIAN_POINT('',(-0.730871353,0.81,-0.917498475));
#1611=DIRECTION('',(0.0,0.0,1.0));
#1612=DIRECTION('',(1.0,0.0,0.0));
#1613=ADVANCED_FACE('NONE',(#1614),#1639,.F.);
#1614=FACE_BOUND('NONE',#1615,.T.);
#1615=EDGE_LOOP('',(#1616,#1624,#1632,#1638));
#1616=ORIENTED_EDGE('',*,*,#1617,.T.);
#1617=EDGE_CURVE('NONE',#1587,#1618,#1620,.T.);
#1618=VERTEX_POINT('NONE',#1619);
#1619=CARTESIAN_POINT('',(-1.07,0.6,-0.652418595));
#1620=LINE('',#1621,#1622);
#1621=CARTESIAN_POINT('',(-1.07,0.6,-0.917498475));
#1622=VECTOR('',#1623,1.0);
#1623=DIRECTION('',(0.0,0.0,1.0));
#1624=ORIENTED_EDGE('',*,*,#1625,.T.);
#1625=EDGE_CURVE('NONE',#1618,#1626,#1628,.F.);
#1626=VERTEX_POINT('NONE',#1627);
#1627=CARTESIAN_POINT('',(-1.07,0.81,-0.652418595));
#1628=LINE('',#1629,#1630);
#1629=CARTESIAN_POINT('',(-1.07,0.81,-0.652418595));
#1630=VECTOR('',#1631,1.0);
#1631=DIRECTION('',(0.0,-1.0,0.0));
#1632=ORIENTED_EDGE('',*,*,#1633,.T.);
#1633=EDGE_CURVE('NONE',#1626,#1595,#1634,.F.);
#1634=LINE('',#1635,#1636);
#1635=CARTESIAN_POINT('',(-1.07,0.81,-0.917498475));
#1636=VECTOR('',#1637,1.0);
#1637=DIRECTION('',(0.0,0.0,1.0));
#1638=ORIENTED_EDGE('',*,*,#1594,.F.);
#1639=PLANE('',#1640);
#1640=AXIS2_PLACEMENT_3D('',#1641,#1642,#1643);
#1641=CARTESIAN_POINT('',(-1.07,0.81,-0.917498475));
#1642=DIRECTION('',(1.0,0.0,0.0));
#1643=DIRECTION('',(0.0,0.0,-1.0));
#1644=ADVANCED_FACE('NONE',(#1645),#1661,.F.);
#1645=FACE_BOUND('NONE',#1646,.T.);
#1646=EDGE_LOOP('',(#1647,#1653,#1654,#1660));
#1647=ORIENTED_EDGE('',*,*,#1648,.T.);
#1648=EDGE_CURVE('NONE',#1618,#1547,#1649,.T.);
#1649=LINE('',#1650,#1651);
#1650=CARTESIAN_POINT('',(-0.730871353,0.6,-0.652418595));
#1651=VECTOR('',#1652,1.0);
#1652=DIRECTION('',(1.0,0.0,0.0));
#1653=ORIENTED_EDGE('',*,*,#1572,.F.);
#1654=ORIENTED_EDGE('',*,*,#1655,.T.);
#1655=EDGE_CURVE('NONE',#1565,#1626,#1656,.F.);
#1656=LINE('',#1657,#1658);
#1657=CARTESIAN_POINT('',(-0.730871353,0.81,-0.652418595));
#1658=VECTOR('',#1659,1.0);
#1659=DIRECTION('',(1.0,0.0,0.0));
#1660=ORIENTED_EDGE('',*,*,#1625,.F.);
#1661=PLANE('',#1662);
#1662=AXIS2_PLACEMENT_3D('',#1663,#1664,#1665);
#1663=CARTESIAN_POINT('',(-0.730871353,0.81,-0.652418595));
#1664=DIRECTION('',(0.0,0.0,-1.0));
#1665=DIRECTION('',(-1.0,0.0,0.0));
#1666=ADVANCED_FACE('NONE',(#1667),#1673,.F.);
#1667=FACE_BOUND('NONE',#1668,.T.);
#1668=EDGE_LOOP('',(#1669,#1670,#1671,#1672));
#1669=ORIENTED_EDGE('',*,*,#1564,.F.);
#1670=ORIENTED_EDGE('',*,*,#1602,.F.);
#1671=ORIENTED_EDGE('',*,*,#1633,.F.);
#1672=ORIENTED_EDGE('',*,*,#1655,.F.);
#1673=PLANE('',#1674);
#1674=AXIS2_PLACEMENT_3D('',#1675,#1676,#1677);
#1675=CARTESIAN_POINT('',(0.0,0.81,0.0));
#1676=DIRECTION('',(0.0,-1.0,0.0));
#1677=DIRECTION('',(0.0,0.0,-1.0));
#1678=ADVANCED_FACE('NONE',(#1679),#1685,.T.);
#1679=FACE_BOUND('NONE',#1680,.T.);
#1680=EDGE_LOOP('',(#1681,#1682,#1683,#1684));
#1681=ORIENTED_EDGE('',*,*,#1546,.F.);
#1682=ORIENTED_EDGE('',*,*,#1648,.F.);
#1683=ORIENTED_EDGE('',*,*,#1617,.F.);
#1684=ORIENTED_EDGE('',*,*,#1586,.F.);
#1685=PLANE('',#1686);
#1686=AXIS2_PLACEMENT_3D('',#1687,#1688,#1689);
#1687=CARTESIAN_POINT('',(0.0,0.6,0.0));
#1688=DIRECTION('',(0.0,-1.0,0.0));
#1689=DIRECTION('',(0.0,0.0,-1.0));
#1690=MANIFOLD_SOLID_BREP('Boss-Extrude3[3]',#1691);
#1691=CLOSED_SHELL('NONE',(#1692,#1732,#1763,#1794,#1816,#1828));
#1692=ADVANCED_FACE('NONE',(#1693),#1727,.F.);
#1693=FACE_BOUND('NONE',#1694,.T.);
#1694=EDGE_LOOP('',(#1695,#1705,#1713,#1721));
#1695=ORIENTED_EDGE('',*,*,#1696,.T.);
#1696=EDGE_CURVE('NONE',#1697,#1699,#1701,.T.);
#1697=VERTEX_POINT('NONE',#1698);
#1698=CARTESIAN_POINT('',(-0.730871353,0.6,-0.122418595));
#1699=VERTEX_POINT('NONE',#1700);
#1700=CARTESIAN_POINT('',(-0.730871353,0.6,-0.387498475));
#1701=LINE('',#1702,#1703);
#1702=CARTESIAN_POINT('',(-0.730871353,0.6,-0.387498475));
#1703=VECTOR('',#1704,1.0);
#1704=DIRECTION('',(0.0,0.0,-1.0));
#1705=ORIENTED_EDGE('',*,*,#1706,.T.);
#1706=EDGE_CURVE('NONE',#1699,#1707,#1709,.F.);
#1707=VERTEX_POINT('NONE',#1708);
#1708=CARTESIAN_POINT('',(-0.730871353,0.81,-0.387498475));
#1709=LINE('',#1710,#1711);
#1710=CARTESIAN_POINT('',(-0.730871353,0.81,-0.387498475));
#1711=VECTOR('',#1712,1.0);
#1712=DIRECTION('',(0.0,-1.0,0.0));
#1713=ORIENTED_EDGE('',*,*,#1714,.T.);
#1714=EDGE_CURVE('NONE',#1707,#1715,#1717,.F.);
#1715=VERTEX_POINT('NONE',#1716);
#1716=CARTESIAN_POINT('',(-0.730871353,0.81,-0.122418595));
#1717=LINE('',#1718,#1719);
#1718=CARTESIAN_POINT('',(-0.730871353,0.81,-0.387498475));
#1719=VECTOR('',#1720,1.0);
#1720=DIRECTION('',(0.0,0.0,-1.0));
#1721=ORIENTED_EDGE('',*,*,#1722,.T.);
#1722=EDGE_CURVE('NONE',#1715,#1697,#1723,.T.);
#1723=LINE('',#1724,#1725);
#1724=CARTESIAN_POINT('',(-0.730871353,0.81,-0.122418595));
#1725=VECTOR('',#1726,1.0);
#1726=DIRECTION('',(0.0,-1.0,0.0));
#1727=PLANE('',#1728);
#1728=AXIS2_PLACEMENT_3D('',#1729,#1730,#1731);
#1729=CARTESIAN_POINT('',(-0.730871353,0.81,-0.387498475));
#1730=DIRECTION('',(-1.0,0.0,0.0));
#1731=DIRECTION('',(0.0,0.0,1.0));
#1732=ADVANCED_FACE('NONE',(#1733),#1758,.F.);
#1733=FACE_BOUND('NONE',#1734,.T.);
#1734=EDGE_LOOP('',(#1735,#1743,#1751,#1757));
#1735=ORIENTED_EDGE('',*,*,#1736,.T.);
#1736=EDGE_CURVE('NONE',#1699,#1737,#1739,.T.);
#1737=VERTEX_POINT('NONE',#1738);
#1738=CARTESIAN_POINT('',(-1.07,0.6,-0.387498475));
#1739=LINE('',#1740,#1741);
#1740=CARTESIAN_POINT('',(-0.730871353,0.6,-0.387498475));
#1741=VECTOR('',#1742,1.0);
#1742=DIRECTION('',(-1.0,0.0,1.598511628E-16));
#1743=ORIENTED_EDGE('',*,*,#1744,.T.);
#1744=EDGE_CURVE('NONE',#1737,#1745,#1747,.F.);
#1745=VERTEX_POINT('NONE',#1746);
#1746=CARTESIAN_POINT('',(-1.07,0.81,-0.387498475));
#1747=LINE('',#1748,#1749);
#1748=CARTESIAN_POINT('',(-1.07,0.81,-0.387498475));
#1749=VECTOR('',#1750,1.0);
#1750=DIRECTION('',(0.0,-1.0,0.0));
#1751=ORIENTED_EDGE('',*,*,#1752,.T.);
#1752=EDGE_CURVE('NONE',#1745,#1707,#1753,.F.);
#1753=LINE('',#1754,#1755);
#1754=CARTESIAN_POINT('',(-0.730871353,0.81,-0.387498475));
#1755=VECTOR('',#1756,1.0);
#1756=DIRECTION('',(-1.0,0.0,1.598511628E-16));
#1757=ORIENTED_EDGE('',*,*,#1706,.F.);
#1758=PLANE('',#1759);
#1759=AXIS2_PLACEMENT_3D('',#1760,#1761,#1762);
#1760=CARTESIAN_POINT('',(-0.730871353,0.81,-0.387498475));
#1761=DIRECTION('',(1.598511628E-16,0.0,1.0));
#1762=DIRECTION('',(1.0,0.0,-1.598511628E-16));
#1763=ADVANCED_FACE('NONE',(#1764),#1789,.F.);
#1764=FACE_BOUND('NONE',#1765,.T.);
#1765=EDGE_LOOP('',(#1766,#1774,#1782,#1788));
#1766=ORIENTED_EDGE('',*,*,#1767,.T.);
#1767=EDGE_CURVE('NONE',#1737,#1768,#1770,.T.);
#1768=VERTEX_POINT('NONE',#1769);
#1769=CARTESIAN_POINT('',(-1.07,0.6,-0.122418595));
#1770=LINE('',#1771,#1772);
#1771=CARTESIAN_POINT('',(-1.07,0.6,-0.387498475));
#1772=VECTOR('',#1773,1.0);
#1773=DIRECTION('',(0.0,0.0,1.0));
#1774=ORIENTED_EDGE('',*,*,#1775,.T.);
#1775=EDGE_CURVE('NONE',#1768,#1776,#1778,.F.);
#1776=VERTEX_POINT('NONE',#1777);
#1777=CARTESIAN_POINT('',(-1.07,0.81,-0.122418595));
#1778=LINE('',#1779,#1780);
#1779=CARTESIAN_POINT('',(-1.07,0.81,-0.122418595));
#1780=VECTOR('',#1781,1.0);
#1781=DIRECTION('',(0.0,-1.0,0.0));
#1782=ORIENTED_EDGE('',*,*,#1783,.T.);
#1783=EDGE_CURVE('NONE',#1776,#1745,#1784,.F.);
#1784=LINE('',#1785,#1786);
#1785=CARTESIAN_POINT('',(-1.07,0.81,-0.387498475));
#1786=VECTOR('',#1787,1.0);
#1787=DIRECTION('',(0.0,0.0,1.0));
#1788=ORIENTED_EDGE('',*,*,#1744,.F.);
#1789=PLANE('',#1790);
#1790=AXIS2_PLACEMENT_3D('',#1791,#1792,#1793);
#1791=CARTESIAN_POINT('',(-1.07,0.81,-0.387498475));
#1792=DIRECTION('',(1.0,0.0,0.0));
#1793=DIRECTION('',(0.0,0.0,-1.0));
#1794=ADVANCED_FACE('NONE',(#1795),#1811,.F.);
#1795=FACE_BOUND('NONE',#1796,.T.);
#1796=EDGE_LOOP('',(#1797,#1803,#1804,#1810));
#1797=ORIENTED_EDGE('',*,*,#1798,.T.);
#1798=EDGE_CURVE('NONE',#1768,#1697,#1799,.T.);
#1799=LINE('',#1800,#1801);
#1800=CARTESIAN_POINT('',(-0.730871353,0.6,-0.122418595));
#1801=VECTOR('',#1802,1.0);
#1802=DIRECTION('',(1.0,0.0,-1.598511628E-16));
#1803=ORIENTED_EDGE('',*,*,#1722,.F.);
#1804=ORIENTED_EDGE('',*,*,#1805,.T.);
#1805=EDGE_CURVE('NONE',#1715,#1776,#1806,.F.);
#1806=LINE('',#1807,#1808);
#1807=CARTESIAN_POINT('',(-0.730871353,0.81,-0.122418595));
#1808=VECTOR('',#1809,1.0);
#1809=DIRECTION('',(1.0,0.0,-1.598511628E-16));
#1810=ORIENTED_EDGE('',*,*,#1775,.F.);
#1811=PLANE('',#1812);
#1812=AXIS2_PLACEMENT_3D('',#1813,#1814,#1815);
#1813=CARTESIAN_POINT('',(-0.730871353,0.81,-0.122418595));
#1814=DIRECTION('',(-1.598511628E-16,0.0,-1.0));
#1815=DIRECTION('',(-1.0,0.0,1.598511628E-16));
#1816=ADVANCED_FACE('NONE',(#1817),#1823,.F.);
#1817=FACE_BOUND('NONE',#1818,.T.);
#1818=EDGE_LOOP('',(#1819,#1820,#1821,#1822));
#1819=ORIENTED_EDGE('',*,*,#1714,.F.);
#1820=ORIENTED_EDGE('',*,*,#1752,.F.);
#1821=ORIENTED_EDGE('',*,*,#1783,.F.);
#1822=ORIENTED_EDGE('',*,*,#1805,.F.);
#1823=PLANE('',#1824);
#1824=AXIS2_PLACEMENT_3D('',#1825,#1826,#1827);
#1825=CARTESIAN_POINT('',(0.0,0.81,0.0));
#1826=DIRECTION('',(0.0,-1.0,0.0));
#1827=DIRECTION('',(0.0,0.0,-1.0));
#1828=ADVANCED_FACE('NONE',(#1829),#1835,.T.);
#1829=FACE_BOUND('NONE',#1830,.T.);
#1830=EDGE_LOOP('',(#1831,#1832,#1833,#1834));
#1831=ORIENTED_EDGE('',*,*,#1696,.F.);
#1832=ORIENTED_EDGE('',*,*,#1798,.F.);
#1833=ORIENTED_EDGE('',*,*,#1767,.F.);
#1834=ORIENTED_EDGE('',*,*,#1736,.F.);
#1835=PLANE('',#1836);
#1836=AXIS2_PLACEMENT_3D('',#1837,#1838,#1839);
#1837=CARTESIAN_POINT('',(0.0,0.6,0.0));
#1838=DIRECTION('',(0.0,-1.0,0.0));
#1839=DIRECTION('',(0.0,0.0,-1.0));
#1840=MANIFOLD_SOLID_BREP('Boss-Extrude3[4]',#1841);
#1841=CLOSED_SHELL('NONE',(#1842,#1882,#1913,#1944,#1966,#1978));
#1842=ADVANCED_FACE('NONE',(#1843),#1877,.F.);
#1843=FACE_BOUND('NONE',#1844,.T.);
#1844=EDGE_LOOP('',(#1845,#1855,#1863,#1871));
#1845=ORIENTED_EDGE('',*,*,#1846,.T.);
#1846=EDGE_CURVE('NONE',#1847,#1849,#1851,.T.);
#1847=VERTEX_POINT('NONE',#1848);
#1848=CARTESIAN_POINT('',(-1.07,0.6,0.387498475));
#1849=VERTEX_POINT('NONE',#1850);
#1850=CARTESIAN_POINT('',(-0.730871353,0.6,0.387498475));
#1851=LINE('',#1852,#1853);
#1852=CARTESIAN_POINT('',(-0.730871353,0.6,0.387498475));
#1853=VECTOR('',#1854,1.0);
#1854=DIRECTION('',(1.0,0.0,1.598511628E-16));
#1855=ORIENTED_EDGE('',*,*,#1856,.T.);
#1856=EDGE_CURVE('NONE',#1849,#1857,#1859,.F.);
#1857=VERTEX_POINT('NONE',#1858);
#1858=CARTESIAN_POINT('',(-0.730871353,0.81,0.387498475));
#1859=LINE('',#1860,#1861);
#1860=CARTESIAN_POINT('',(-0.730871353,0.81,0.387498475));
#1861=VECTOR('',#1862,1.0);
#1862=DIRECTION('',(0.0,-1.0,0.0));
#1863=ORIENTED_EDGE('',*,*,#1864,.T.);
#1864=EDGE_CURVE('NONE',#1857,#1865,#1867,.F.);
#1865=VERTEX_POINT('NONE',#1866);
#1866=CARTESIAN_POINT('',(-1.07,0.81,0.387498475));
#1867=LINE('',#1868,#1869);
#1868=CARTESIAN_POINT('',(-0.730871353,0.81,0.387498475));
#1869=VECTOR('',#1870,1.0);
#1870=DIRECTION('',(1.0,0.0,1.598511628E-16));
#1871=ORIENTED_EDGE('',*,*,#1872,.T.);
#1872=EDGE_CURVE('NONE',#1865,#1847,#1873,.T.);
#1873=LINE('',#1874,#1875);
#1874=CARTESIAN_POINT('',(-1.07,0.81,0.387498475));
#1875=VECTOR('',#1876,1.0);
#1876=DIRECTION('',(0.0,-1.0,0.0));
#1877=PLANE('',#1878);
#1878=AXIS2_PLACEMENT_3D('',#1879,#1880,#1881);
#1879=CARTESIAN_POINT('',(-0.730871353,0.81,0.387498475));
#1880=DIRECTION('',(1.598511628E-16,0.0,-1.0));
#1881=DIRECTION('',(-1.0,0.0,-1.598511628E-16));
#1882=ADVANCED_FACE('NONE',(#1883),#1908,.F.);
#1883=FACE_BOUND('NONE',#1884,.T.);
#1884=EDGE_LOOP('',(#1885,#1893,#1901,#1907));
#1885=ORIENTED_EDGE('',*,*,#1886,.T.);
#1886=EDGE_CURVE('NONE',#1849,#1887,#1889,.T.);
#1887=VERTEX_POINT('NONE',#1888);
#1888=CARTESIAN_POINT('',(-0.730871353,0.6,0.122418595));
#1889=LINE('',#1890,#1891);
#1890=CARTESIAN_POINT('',(-0.730871353,0.6,0.387498475));
#1891=VECTOR('',#1892,1.0);
#1892=DIRECTION('',(0.0,0.0,-1.0));
#1893=ORIENTED_EDGE('',*,*,#1894,.T.);
#1894=EDGE_CURVE('NONE',#1887,#1895,#1897,.F.);
#1895=VERTEX_POINT('NONE',#1896);
#1896=CARTESIAN_POINT('',(-0.730871353,0.81,0.122418595));
#1897=LINE('',#1898,#1899);
#1898=CARTESIAN_POINT('',(-0.730871353,0.81,0.122418595));
#1899=VECTOR('',#1900,1.0);
#1900=DIRECTION('',(0.0,-1.0,0.0));
#1901=ORIENTED_EDGE('',*,*,#1902,.T.);
#1902=EDGE_CURVE('NONE',#1895,#1857,#1903,.F.);
#1903=LINE('',#1904,#1905);
#1904=CARTESIAN_POINT('',(-0.730871353,0.81,0.387498475));
#1905=VECTOR('',#1906,1.0);
#1906=DIRECTION('',(0.0,0.0,-1.0));
#1907=ORIENTED_EDGE('',*,*,#1856,.F.);
#1908=PLANE('',#1909);
#1909=AXIS2_PLACEMENT_3D('',#1910,#1911,#1912);
#1910=CARTESIAN_POINT('',(-0.730871353,0.81,0.387498475));
#1911=DIRECTION('',(-1.0,0.0,0.0));
#1912=DIRECTION('',(0.0,0.0,1.0));
#1913=ADVANCED_FACE('NONE',(#1914),#1939,.F.);
#1914=FACE_BOUND('NONE',#1915,.T.);
#1915=EDGE_LOOP('',(#1916,#1924,#1932,#1938));
#1916=ORIENTED_EDGE('',*,*,#1917,.T.);
#1917=EDGE_CURVE('NONE',#1887,#1918,#1920,.T.);
#1918=VERTEX_POINT('NONE',#1919);
#1919=CARTESIAN_POINT('',(-1.07,0.6,0.122418595));
#1920=LINE('',#1921,#1922);
#1921=CARTESIAN_POINT('',(-0.730871353,0.6,0.122418595));
#1922=VECTOR('',#1923,1.0);
#1923=DIRECTION('',(-1.0,0.0,-1.598511628E-16));
#1924=ORIENTED_EDGE('',*,*,#1925,.T.);
#1925=EDGE_CURVE('NONE',#1918,#1926,#1928,.F.);
#1926=VERTEX_POINT('NONE',#1927);
#1927=CARTESIAN_POINT('',(-1.07,0.81,0.122418595));
#1928=LINE('',#1929,#1930);
#1929=CARTESIAN_POINT('',(-1.07,0.81,0.122418595));
#1930=VECTOR('',#1931,1.0);
#1931=DIRECTION('',(0.0,-1.0,0.0));
#1932=ORIENTED_EDGE('',*,*,#1933,.T.);
#1933=EDGE_CURVE('NONE',#1926,#1895,#1934,.F.);
#1934=LINE('',#1935,#1936);
#1935=CARTESIAN_POINT('',(-0.730871353,0.81,0.122418595));
#1936=VECTOR('',#1937,1.0);
#1937=DIRECTION('',(-1.0,0.0,-1.598511628E-16));
#1938=ORIENTED_EDGE('',*,*,#1894,.F.);
#1939=PLANE('',#1940);
#1940=AXIS2_PLACEMENT_3D('',#1941,#1942,#1943);
#1941=CARTESIAN_POINT('',(-0.730871353,0.81,0.122418595));
#1942=DIRECTION('',(-1.598511628E-16,0.0,1.0));
#1943=DIRECTION('',(1.0,0.0,1.598511628E-16));
#1944=ADVANCED_FACE('NONE',(#1945),#1961,.F.);
#1945=FACE_BOUND('NONE',#1946,.T.);
#1946=EDGE_LOOP('',(#1947,#1953,#1954,#1960));
#1947=ORIENTED_EDGE('',*,*,#1948,.T.);
#1948=EDGE_CURVE('NONE',#1918,#1847,#1949,.T.);
#1949=LINE('',#1950,#1951);
#1950=CARTESIAN_POINT('',(-1.07,0.6,0.387498475));
#1951=VECTOR('',#1952,1.0);
#1952=DIRECTION('',(0.0,0.0,1.0));
#1953=ORIENTED_EDGE('',*,*,#1872,.F.);
#1954=ORIENTED_EDGE('',*,*,#1955,.T.);
#1955=EDGE_CURVE('NONE',#1865,#1926,#1956,.F.);
#1956=LINE('',#1957,#1958);
#1957=CARTESIAN_POINT('',(-1.07,0.81,0.387498475));
#1958=VECTOR('',#1959,1.0);
#1959=DIRECTION('',(0.0,0.0,1.0));
#1960=ORIENTED_EDGE('',*,*,#1925,.F.);
#1961=PLANE('',#1962);
#1962=AXIS2_PLACEMENT_3D('',#1963,#1964,#1965);
#1963=CARTESIAN_POINT('',(-1.07,0.81,0.387498475));
#1964=DIRECTION('',(1.0,0.0,0.0));
#1965=DIRECTION('',(0.0,0.0,-1.0));
#1966=ADVANCED_FACE('NONE',(#1967),#1973,.F.);
#1967=FACE_BOUND('NONE',#1968,.T.);
#1968=EDGE_LOOP('',(#1969,#1970,#1971,#1972));
#1969=ORIENTED_EDGE('',*,*,#1864,.F.);
#1970=ORIENTED_EDGE('',*,*,#1902,.F.);
#1971=ORIENTED_EDGE('',*,*,#1933,.F.);
#1972=ORIENTED_EDGE('',*,*,#1955,.F.);
#1973=PLANE('',#1974);
#1974=AXIS2_PLACEMENT_3D('',#1975,#1976,#1977);
#1975=CARTESIAN_POINT('',(0.0,0.81,0.0));
#1976=DIRECTION('',(0.0,-1.0,0.0));
#1977=DIRECTION('',(0.0,0.0,-1.0));
#1978=ADVANCED_FACE('NONE',(#1979),#1985,.T.);
#1979=FACE_BOUND('NONE',#1980,.T.);
#1980=EDGE_LOOP('',(#1981,#1982,#1983,#1984));
#1981=ORIENTED_EDGE('',*,*,#1846,.F.);
#1982=ORIENTED_EDGE('',*,*,#1948,.F.);
#1983=ORIENTED_EDGE('',*,*,#1917,.F.);
#1984=ORIENTED_EDGE('',*,*,#1886,.F.);
#1985=PLANE('',#1986);
#1986=AXIS2_PLACEMENT_3D('',#1987,#1988,#1989);
#1987=CARTESIAN_POINT('',(0.0,0.6,0.0));
#1988=DIRECTION('',(0.0,-1.0,0.0));
#1989=DIRECTION('',(0.0,0.0,-1.0));
#1990=MANIFOLD_SOLID_BREP('Boss-Extrude3[5]',#1991);
#1991=CLOSED_SHELL('NONE',(#1992,#2032,#2063,#2094,#2116,#2128));
#1992=ADVANCED_FACE('NONE',(#1993),#2027,.F.);
#1993=FACE_BOUND('NONE',#1994,.T.);
#1994=EDGE_LOOP('',(#1995,#2005,#2013,#2021));
#1995=ORIENTED_EDGE('',*,*,#1996,.T.);
#1996=EDGE_CURVE('NONE',#1997,#1999,#2001,.T.);
#1997=VERTEX_POINT('NONE',#1998);
#1998=CARTESIAN_POINT('',(-1.07,0.6,0.917498475));
#1999=VERTEX_POINT('NONE',#2000);
#2000=CARTESIAN_POINT('',(-0.730871353,0.6,0.917498475));
#2001=LINE('',#2002,#2003);
#2002=CARTESIAN_POINT('',(-0.730871353,0.6,0.917498475));
#2003=VECTOR('',#2004,1.0);
#2004=DIRECTION('',(1.0,0.0,0.0));
#2005=ORIENTED_EDGE('',*,*,#2006,.T.);
#2006=EDGE_CURVE('NONE',#1999,#2007,#2009,.F.);
#2007=VERTEX_POINT('NONE',#2008);
#2008=CARTESIAN_POINT('',(-0.730871353,0.81,0.917498475));
#2009=LINE('',#2010,#2011);
#2010=CARTESIAN_POINT('',(-0.730871353,0.81,0.917498475));
#2011=VECTOR('',#2012,1.0);
#2012=DIRECTION('',(0.0,-1.0,0.0));
#2013=ORIENTED_EDGE('',*,*,#2014,.T.);
#2014=EDGE_CURVE('NONE',#2007,#2015,#2017,.F.);
#2015=VERTEX_POINT('NONE',#2016);
#2016=CARTESIAN_POINT('',(-1.07,0.81,0.917498475));
#2017=LINE('',#2018,#2019);
#2018=CARTESIAN_POINT('',(-0.730871353,0.81,0.917498475));
#2019=VECTOR('',#2020,1.0);
#2020=DIRECTION('',(1.0,0.0,0.0));
#2021=ORIENTED_EDGE('',*,*,#2022,.T.);
#2022=EDGE_CURVE('NONE',#2015,#1997,#2023,.T.);
#2023=LINE('',#2024,#2025);
#2024=CARTESIAN_POINT('',(-1.07,0.81,0.917498475));
#2025=VECTOR('',#2026,1.0);
#2026=DIRECTION('',(0.0,-1.0,0.0));
#2027=PLANE('',#2028);
#2028=AXIS2_PLACEMENT_3D('',#2029,#2030,#2031);
#2029=CARTESIAN_POINT('',(-0.730871353,0.81,0.917498475));
#2030=DIRECTION('',(0.0,0.0,-1.0));
#2031=DIRECTION('',(-1.0,0.0,0.0));
#2032=ADVANCED_FACE('NONE',(#2033),#2058,.F.);
#2033=FACE_BOUND('NONE',#2034,.T.);
#2034=EDGE_LOOP('',(#2035,#2043,#2051,#2057));
#2035=ORIENTED_EDGE('',*,*,#2036,.T.);
#2036=EDGE_CURVE('NONE',#1999,#2037,#2039,.T.);
#2037=VERTEX_POINT('NONE',#2038);
#2038=CARTESIAN_POINT('',(-0.730871353,0.6,0.652418595));
#2039=LINE('',#2040,#2041);
#2040=CARTESIAN_POINT('',(-0.730871353,0.6,0.917498475));
#2041=VECTOR('',#2042,1.0);
#2042=DIRECTION('',(0.0,0.0,-1.0));
#2043=ORIENTED_EDGE('',*,*,#2044,.T.);
#2044=EDGE_CURVE('NONE',#2037,#2045,#2047,.F.);
#2045=VERTEX_POINT('NONE',#2046);
#2046=CARTESIAN_POINT('',(-0.730871353,0.81,0.652418595));
#2047=LINE('',#2048,#2049);
#2048=CARTESIAN_POINT('',(-0.730871353,0.81,0.652418595));
#2049=VECTOR('',#2050,1.0);
#2050=DIRECTION('',(0.0,-1.0,0.0));
#2051=ORIENTED_EDGE('',*,*,#2052,.T.);
#2052=EDGE_CURVE('NONE',#2045,#2007,#2053,.F.);
#2053=LINE('',#2054,#2055);
#2054=CARTESIAN_POINT('',(-0.730871353,0.81,0.917498475));
#2055=VECTOR('',#2056,1.0);
#2056=DIRECTION('',(0.0,0.0,-1.0));
#2057=ORIENTED_EDGE('',*,*,#2006,.F.);
#2058=PLANE('',#2059);
#2059=AXIS2_PLACEMENT_3D('',#2060,#2061,#2062);
#2060=CARTESIAN_POINT('',(-0.730871353,0.81,0.917498475));
#2061=DIRECTION('',(-1.0,0.0,0.0));
#2062=DIRECTION('',(0.0,0.0,1.0));
#2063=ADVANCED_FACE('NONE',(#2064),#2089,.F.);
#2064=FACE_BOUND('NONE',#2065,.T.);
#2065=EDGE_LOOP('',(#2066,#2074,#2082,#2088));
#2066=ORIENTED_EDGE('',*,*,#2067,.T.);
#2067=EDGE_CURVE('NONE',#2037,#2068,#2070,.T.);
#2068=VERTEX_POINT('NONE',#2069);
#2069=CARTESIAN_POINT('',(-1.07,0.6,0.652418595));
#2070=LINE('',#2071,#2072);
#2071=CARTESIAN_POINT('',(-0.730871353,0.6,0.652418595));
#2072=VECTOR('',#2073,1.0);
#2073=DIRECTION('',(-1.0,0.0,0.0));
#2074=ORIENTED_EDGE('',*,*,#2075,.T.);
#2075=EDGE_CURVE('NONE',#2068,#2076,#2078,.F.);
#2076=VERTEX_POINT('NONE',#2077);
#2077=CARTESIAN_POINT('',(-1.07,0.81,0.652418595));
#2078=LINE('',#2079,#2080);
#2079=CARTESIAN_POINT('',(-1.07,0.81,0.652418595));
#2080=VECTOR('',#2081,1.0);
#2081=DIRECTION('',(0.0,-1.0,0.0));
#2082=ORIENTED_EDGE('',*,*,#2083,.T.);
#2083=EDGE_CURVE('NONE',#2076,#2045,#2084,.F.);
#2084=LINE('',#2085,#2086);
#2085=CARTESIAN_POINT('',(-0.730871353,0.81,0.652418595));
#2086=VECTOR('',#2087,1.0);
#2087=DIRECTION('',(-1.0,0.0,0.0));
#2088=ORIENTED_EDGE('',*,*,#2044,.F.);
#2089=PLANE('',#2090);
#2090=AXIS2_PLACEMENT_3D('',#2091,#2092,#2093);
#2091=CARTESIAN_POINT('',(-0.730871353,0.81,0.652418595));
#2092=DIRECTION('',(0.0,0.0,1.0));
#2093=DIRECTION('',(1.0,0.0,0.0));
#2094=ADVANCED_FACE('NONE',(#2095),#2111,.F.);
#2095=FACE_BOUND('NONE',#2096,.T.);
#2096=EDGE_LOOP('',(#2097,#2103,#2104,#2110));
#2097=ORIENTED_EDGE('',*,*,#2098,.T.);
#2098=EDGE_CURVE('NONE',#2068,#1997,#2099,.T.);
#2099=LINE('',#2100,#2101);
#2100=CARTESIAN_POINT('',(-1.07,0.6,0.917498475));
#2101=VECTOR('',#2102,1.0);
#2102=DIRECTION('',(0.0,0.0,1.0));
#2103=ORIENTED_EDGE('',*,*,#2022,.F.);
#2104=ORIENTED_EDGE('',*,*,#2105,.T.);
#2105=EDGE_CURVE('NONE',#2015,#2076,#2106,.F.);
#2106=LINE('',#2107,#2108);
#2107=CARTESIAN_POINT('',(-1.07,0.81,0.917498475));
#2108=VECTOR('',#2109,1.0);
#2109=DIRECTION('',(0.0,0.0,1.0));
#2110=ORIENTED_EDGE('',*,*,#2075,.F.);
#2111=PLANE('',#2112);
#2112=AXIS2_PLACEMENT_3D('',#2113,#2114,#2115);
#2113=CARTESIAN_POINT('',(-1.07,0.81,0.917498475));
#2114=DIRECTION('',(1.0,0.0,0.0));
#2115=DIRECTION('',(0.0,0.0,-1.0));
#2116=ADVANCED_FACE('NONE',(#2117),#2123,.F.);
#2117=FACE_BOUND('NONE',#2118,.T.);
#2118=EDGE_LOOP('',(#2119,#2120,#2121,#2122));
#2119=ORIENTED_EDGE('',*,*,#2014,.F.);
#2120=ORIENTED_EDGE('',*,*,#2052,.F.);
#2121=ORIENTED_EDGE('',*,*,#2083,.F.);
#2122=ORIENTED_EDGE('',*,*,#2105,.F.);
#2123=PLANE('',#2124);
#2124=AXIS2_PLACEMENT_3D('',#2125,#2126,#2127);
#2125=CARTESIAN_POINT('',(0.0,0.81,0.0));
#2126=DIRECTION('',(0.0,-1.0,0.0));
#2127=DIRECTION('',(0.0,0.0,-1.0));
#2128=ADVANCED_FACE('NONE',(#2129),#2135,.T.);
#2129=FACE_BOUND('NONE',#2130,.T.);
#2130=EDGE_LOOP('',(#2131,#2132,#2133,#2134));
#2131=ORIENTED_EDGE('',*,*,#1996,.F.);
#2132=ORIENTED_EDGE('',*,*,#2098,.F.);
#2133=ORIENTED_EDGE('',*,*,#2067,.F.);
#2134=ORIENTED_EDGE('',*,*,#2036,.F.);
#2135=PLANE('',#2136);
#2136=AXIS2_PLACEMENT_3D('',#2137,#2138,#2139);
#2137=CARTESIAN_POINT('',(0.0,0.6,0.0));
#2138=DIRECTION('',(0.0,-1.0,0.0));
#2139=DIRECTION('',(0.0,0.0,-1.0));
#2140=MANIFOLD_SOLID_BREP('Boss-Extrude3[6]',#2141);
#2141=CLOSED_SHELL('NONE',(#2142,#2182,#2213,#2244,#2266,#2278));
#2142=ADVANCED_FACE('NONE',(#2143),#2177,.F.);
#2143=FACE_BOUND('NONE',#2144,.T.);
#2144=EDGE_LOOP('',(#2145,#2155,#2163,#2171));
#2145=ORIENTED_EDGE('',*,*,#2146,.T.);
#2146=EDGE_CURVE('NONE',#2147,#2149,#2151,.T.);
#2147=VERTEX_POINT('NONE',#2148);
#2148=CARTESIAN_POINT('',(0.730871353,0.6,0.652418595));
#2149=VERTEX_POINT('NONE',#2150);
#2150=CARTESIAN_POINT('',(0.730871353,0.6,0.917498475));
#2151=LINE('',#2152,#2153);
#2152=CARTESIAN_POINT('',(0.730871353,0.6,0.917498475));
#2153=VECTOR('',#2154,1.0);
#2154=DIRECTION('',(0.0,0.0,1.0));
#2155=ORIENTED_EDGE('',*,*,#2156,.T.);
#2156=EDGE_CURVE('NONE',#2149,#2157,#2159,.F.);
#2157=VERTEX_POINT('NONE',#2158);
#2158=CARTESIAN_POINT('',(0.730871353,0.81,0.917498475));
#2159=LINE('',#2160,#2161);
#2160=CARTESIAN_POINT('',(0.730871353,0.81,0.917498475));
#2161=VECTOR('',#2162,1.0);
#2162=DIRECTION('',(0.0,-1.0,0.0));
#2163=ORIENTED_EDGE('',*,*,#2164,.T.);
#2164=EDGE_CURVE('NONE',#2157,#2165,#2167,.F.);
#2165=VERTEX_POINT('NONE',#2166);
#2166=CARTESIAN_POINT('',(0.730871353,0.81,0.652418595));
#2167=LINE('',#2168,#2169);
#2168=CARTESIAN_POINT('',(0.730871353,0.81,0.917498475));
#2169=VECTOR('',#2170,1.0);
#2170=DIRECTION('',(0.0,0.0,1.0));
#2171=ORIENTED_EDGE('',*,*,#2172,.T.);
#2172=EDGE_CURVE('NONE',#2165,#2147,#2173,.T.);
#2173=LINE('',#2174,#2175);
#2174=CARTESIAN_POINT('',(0.730871353,0.81,0.652418595));
#2175=VECTOR('',#2176,1.0);
#2176=DIRECTION('',(0.0,-1.0,0.0));
#2177=PLANE('',#2178);
#2178=AXIS2_PLACEMENT_3D('',#2179,#2180,#2181);
#2179=CARTESIAN_POINT('',(0.730871353,0.81,0.917498475));
#2180=DIRECTION('',(1.0,0.0,0.0));
#2181=DIRECTION('',(0.0,0.0,-1.0));
#2182=ADVANCED_FACE('NONE',(#2183),#2208,.F.);
#2183=FACE_BOUND('NONE',#2184,.T.);
#2184=EDGE_LOOP('',(#2185,#2193,#2201,#2207));
#2185=ORIENTED_EDGE('',*,*,#2186,.T.);
#2186=EDGE_CURVE('NONE',#2149,#2187,#2189,.T.);
#2187=VERTEX_POINT('NONE',#2188);
#2188=CARTESIAN_POINT('',(1.07,0.6,0.917498475));
#2189=LINE('',#2190,#2191);
#2190=CARTESIAN_POINT('',(0.730871353,0.6,0.917498475));
#2191=VECTOR('',#2192,1.0);
#2192=DIRECTION('',(1.0,0.0,0.0));
#2193=ORIENTED_EDGE('',*,*,#2194,.T.);
#2194=EDGE_CURVE('NONE',#2187,#2195,#2197,.F.);
#2195=VERTEX_POINT('NONE',#2196);
#2196=CARTESIAN_POINT('',(1.07,0.81,0.917498475));
#2197=LINE('',#2198,#2199);
#2198=CARTESIAN_POINT('',(1.07,0.81,0.917498475));
#2199=VECTOR('',#2200,1.0);
#2200=DIRECTION('',(0.0,-1.0,0.0));
#2201=ORIENTED_EDGE('',*,*,#2202,.T.);
#2202=EDGE_CURVE('NONE',#2195,#2157,#2203,.F.);
#2203=LINE('',#2204,#2205);
#2204=CARTESIAN_POINT('',(0.730871353,0.81,0.917498475));
#2205=VECTOR('',#2206,1.0);
#2206=DIRECTION('',(1.0,0.0,0.0));
#2207=ORIENTED_EDGE('',*,*,#2156,.F.);
#2208=PLANE('',#2209);
#2209=AXIS2_PLACEMENT_3D('',#2210,#2211,#2212);
#2210=CARTESIAN_POINT('',(0.730871353,0.81,0.917498475));
#2211=DIRECTION('',(0.0,0.0,-1.0));
#2212=DIRECTION('',(-1.0,0.0,0.0));
#2213=ADVANCED_FACE('NONE',(#2214),#2239,.F.);
#2214=FACE_BOUND('NONE',#2215,.T.);
#2215=EDGE_LOOP('',(#2216,#2224,#2232,#2238));
#2216=ORIENTED_EDGE('',*,*,#2217,.T.);
#2217=EDGE_CURVE('NONE',#2187,#2218,#2220,.T.);
#2218=VERTEX_POINT('NONE',#2219);
#2219=CARTESIAN_POINT('',(1.07,0.6,0.652418595));
#2220=LINE('',#2221,#2222);
#2221=CARTESIAN_POINT('',(1.07,0.6,0.917498475));
#2222=VECTOR('',#2223,1.0);
#2223=DIRECTION('',(0.0,0.0,-1.0));
#2224=ORIENTED_EDGE('',*,*,#2225,.T.);
#2225=EDGE_CURVE('NONE',#2218,#2226,#2228,.F.);
#2226=VERTEX_POINT('NONE',#2227);
#2227=CARTESIAN_POINT('',(1.07,0.81,0.652418595));
#2228=LINE('',#2229,#2230);
#2229=CARTESIAN_POINT('',(1.07,0.81,0.652418595));
#2230=VECTOR('',#2231,1.0);
#2231=DIRECTION('',(0.0,-1.0,0.0));
#2232=ORIENTED_EDGE('',*,*,#2233,.T.);
#2233=EDGE_CURVE('NONE',#2226,#2195,#2234,.F.);
#2234=LINE('',#2235,#2236);
#2235=CARTESIAN_POINT('',(1.07,0.81,0.917498475));
#2236=VECTOR('',#2237,1.0);
#2237=DIRECTION('',(0.0,0.0,-1.0));
#2238=ORIENTED_EDGE('',*,*,#2194,.F.);
#2239=PLANE('',#2240);
#2240=AXIS2_PLACEMENT_3D('',#2241,#2242,#2243);
#2241=CARTESIAN_POINT('',(1.07,0.81,0.917498475));
#2242=DIRECTION('',(-1.0,0.0,0.0));
#2243=DIRECTION('',(0.0,0.0,1.0));
#2244=ADVANCED_FACE('NONE',(#2245),#2261,.F.);
#2245=FACE_BOUND('NONE',#2246,.T.);
#2246=EDGE_LOOP('',(#2247,#2253,#2254,#2260));
#2247=ORIENTED_EDGE('',*,*,#2248,.T.);
#2248=EDGE_CURVE('NONE',#2218,#2147,#2249,.T.);
#2249=LINE('',#2250,#2251);
#2250=CARTESIAN_POINT('',(0.730871353,0.6,0.652418595));
#2251=VECTOR('',#2252,1.0);
#2252=DIRECTION('',(-1.0,0.0,0.0));
#2253=ORIENTED_EDGE('',*,*,#2172,.F.);
#2254=ORIENTED_EDGE('',*,*,#2255,.T.);
#2255=EDGE_CURVE('NONE',#2165,#2226,#2256,.F.);
#2256=LINE('',#2257,#2258);
#2257=CARTESIAN_POINT('',(0.730871353,0.81,0.652418595));
#2258=VECTOR('',#2259,1.0);
#2259=DIRECTION('',(-1.0,0.0,0.0));
#2260=ORIENTED_EDGE('',*,*,#2225,.F.);
#2261=PLANE('',#2262);
#2262=AXIS2_PLACEMENT_3D('',#2263,#2264,#2265);
#2263=CARTESIAN_POINT('',(0.730871353,0.81,0.652418595));
#2264=DIRECTION('',(0.0,0.0,1.0));
#2265=DIRECTION('',(1.0,0.0,0.0));
#2266=ADVANCED_FACE('NONE',(#2267),#2273,.F.);
#2267=FACE_BOUND('NONE',#2268,.T.);
#2268=EDGE_LOOP('',(#2269,#2270,#2271,#2272));
#2269=ORIENTED_EDGE('',*,*,#2164,.F.);
#2270=ORIENTED_EDGE('',*,*,#2202,.F.);
#2271=ORIENTED_EDGE('',*,*,#2233,.F.);
#2272=ORIENTED_EDGE('',*,*,#2255,.F.);
#2273=PLANE('',#2274);
#2274=AXIS2_PLACEMENT_3D('',#2275,#2276,#2277);
#2275=CARTESIAN_POINT('',(0.0,0.81,0.0));
#2276=DIRECTION('',(0.0,-1.0,0.0));
#2277=DIRECTION('',(0.0,0.0,-1.0));
#2278=ADVANCED_FACE('NONE',(#2279),#2285,.T.);
#2279=FACE_BOUND('NONE',#2280,.T.);
#2280=EDGE_LOOP('',(#2281,#2282,#2283,#2284));
#2281=ORIENTED_EDGE('',*,*,#2146,.F.);
#2282=ORIENTED_EDGE('',*,*,#2248,.F.);
#2283=ORIENTED_EDGE('',*,*,#2217,.F.);
#2284=ORIENTED_EDGE('',*,*,#2186,.F.);
#2285=PLANE('',#2286);
#2286=AXIS2_PLACEMENT_3D('',#2287,#2288,#2289);
#2287=CARTESIAN_POINT('',(0.0,0.6,0.0));
#2288=DIRECTION('',(0.0,-1.0,0.0));
#2289=DIRECTION('',(0.0,0.0,-1.0));
#2290=MANIFOLD_SOLID_BREP('Boss-Extrude3[7]',#2291);
#2291=CLOSED_SHELL('NONE',(#2292,#2332,#2363,#2394,#2416,#2428));
#2292=ADVANCED_FACE('NONE',(#2293),#2327,.F.);
#2293=FACE_BOUND('NONE',#2294,.T.);
#2294=EDGE_LOOP('',(#2295,#2305,#2313,#2321));
#2295=ORIENTED_EDGE('',*,*,#2296,.T.);
#2296=EDGE_CURVE('NONE',#2297,#2299,#2301,.T.);
#2297=VERTEX_POINT('NONE',#2298);
#2298=CARTESIAN_POINT('',(0.730871353,0.6,0.122418595));
#2299=VERTEX_POINT('NONE',#2300);
#2300=CARTESIAN_POINT('',(0.730871353,0.6,0.387498475));
#2301=LINE('',#2302,#2303);
#2302=CARTESIAN_POINT('',(0.730871353,0.6,0.387498475));
#2303=VECTOR('',#2304,1.0);
#2304=DIRECTION('',(0.0,0.0,1.0));
#2305=ORIENTED_EDGE('',*,*,#2306,.T.);
#2306=EDGE_CURVE('NONE',#2299,#2307,#2309,.F.);
#2307=VERTEX_POINT('NONE',#2308);
#2308=CARTESIAN_POINT('',(0.730871353,0.81,0.387498475));
#2309=LINE('',#2310,#2311);
#2310=CARTESIAN_POINT('',(0.730871353,0.81,0.387498475));
#2311=VECTOR('',#2312,1.0);
#2312=DIRECTION('',(0.0,-1.0,0.0));
#2313=ORIENTED_EDGE('',*,*,#2314,.T.);
#2314=EDGE_CURVE('NONE',#2307,#2315,#2317,.F.);
#2315=VERTEX_POINT('NONE',#2316);
#2316=CARTESIAN_POINT('',(0.730871353,0.81,0.122418595));
#2317=LINE('',#2318,#2319);
#2318=CARTESIAN_POINT('',(0.730871353,0.81,0.387498475));
#2319=VECTOR('',#2320,1.0);
#2320=DIRECTION('',(0.0,0.0,1.0));
#2321=ORIENTED_EDGE('',*,*,#2322,.T.);
#2322=EDGE_CURVE('NONE',#2315,#2297,#2323,.T.);
#2323=LINE('',#2324,#2325);
#2324=CARTESIAN_POINT('',(0.730871353,0.81,0.122418595));
#2325=VECTOR('',#2326,1.0);
#2326=DIRECTION('',(0.0,-1.0,0.0));
#2327=PLANE('',#2328);
#2328=AXIS2_PLACEMENT_3D('',#2329,#2330,#2331);
#2329=CARTESIAN_POINT('',(0.730871353,0.81,0.387498475));
#2330=DIRECTION('',(1.0,0.0,0.0));
#2331=DIRECTION('',(0.0,0.0,-1.0));
#2332=ADVANCED_FACE('NONE',(#2333),#2358,.F.);
#2333=FACE_BOUND('NONE',#2334,.T.);
#2334=EDGE_LOOP('',(#2335,#2343,#2351,#2357));
#2335=ORIENTED_EDGE('',*,*,#2336,.T.);
#2336=EDGE_CURVE('NONE',#2299,#2337,#2339,.T.);
#2337=VERTEX_POINT('NONE',#2338);
#2338=CARTESIAN_POINT('',(1.07,0.6,0.387498475));
#2339=LINE('',#2340,#2341);
#2340=CARTESIAN_POINT('',(0.730871353,0.6,0.387498475));
#2341=VECTOR('',#2342,1.0);
#2342=DIRECTION('',(1.0,0.0,-1.598511628E-16));
#2343=ORIENTED_EDGE('',*,*,#2344,.T.);
#2344=EDGE_CURVE('NONE',#2337,#2345,#2347,.F.);
#2345=VERTEX_POINT('NONE',#2346);
#2346=CARTESIAN_POINT('',(1.07,0.81,0.387498475));
#2347=LINE('',#2348,#2349);
#2348=CARTESIAN_POINT('',(1.07,0.81,0.387498475));
#2349=VECTOR('',#2350,1.0);
#2350=DIRECTION('',(0.0,-1.0,0.0));
#2351=ORIENTED_EDGE('',*,*,#2352,.T.);
#2352=EDGE_CURVE('NONE',#2345,#2307,#2353,.F.);
#2353=LINE('',#2354,#2355);
#2354=CARTESIAN_POINT('',(0.730871353,0.81,0.387498475));
#2355=VECTOR('',#2356,1.0);
#2356=DIRECTION('',(1.0,0.0,-1.598511628E-16));
#2357=ORIENTED_EDGE('',*,*,#2306,.F.);
#2358=PLANE('',#2359);
#2359=AXIS2_PLACEMENT_3D('',#2360,#2361,#2362);
#2360=CARTESIAN_POINT('',(0.730871353,0.81,0.387498475));
#2361=DIRECTION('',(-1.598511628E-16,0.0,-1.0));
#2362=DIRECTION('',(-1.0,0.0,1.598511628E-16));
#2363=ADVANCED_FACE('NONE',(#2364),#2389,.F.);
#2364=FACE_BOUND('NONE',#2365,.T.);
#2365=EDGE_LOOP('',(#2366,#2374,#2382,#2388));
#2366=ORIENTED_EDGE('',*,*,#2367,.T.);
#2367=EDGE_CURVE('NONE',#2337,#2368,#2370,.T.);
#2368=VERTEX_POINT('NONE',#2369);
#2369=CARTESIAN_POINT('',(1.07,0.6,0.122418595));
#2370=LINE('',#2371,#2372);
#2371=CARTESIAN_POINT('',(1.07,0.6,0.387498475));
#2372=VECTOR('',#2373,1.0);
#2373=DIRECTION('',(0.0,0.0,-1.0));
#2374=ORIENTED_EDGE('',*,*,#2375,.T.);
#2375=EDGE_CURVE('NONE',#2368,#2376,#2378,.F.);
#2376=VERTEX_POINT('NONE',#2377);
#2377=CARTESIAN_POINT('',(1.07,0.81,0.122418595));
#2378=LINE('',#2379,#2380);
#2379=CARTESIAN_POINT('',(1.07,0.81,0.122418595));
#2380=VECTOR('',#2381,1.0);
#2381=DIRECTION('',(0.0,-1.0,0.0));
#2382=ORIENTED_EDGE('',*,*,#2383,.T.);
#2383=EDGE_CURVE('NONE',#2376,#2345,#2384,.F.);
#2384=LINE('',#2385,#2386);
#2385=CARTESIAN_POINT('',(1.07,0.81,0.387498475));
#2386=VECTOR('',#2387,1.0);
#2387=DIRECTION('',(0.0,0.0,-1.0));
#2388=ORIENTED_EDGE('',*,*,#2344,.F.);
#2389=PLANE('',#2390);
#2390=AXIS2_PLACEMENT_3D('',#2391,#2392,#2393);
#2391=CARTESIAN_POINT('',(1.07,0.81,0.387498475));
#2392=DIRECTION('',(-1.0,0.0,0.0));
#2393=DIRECTION('',(0.0,0.0,1.0));
#2394=ADVANCED_FACE('NONE',(#2395),#2411,.F.);
#2395=FACE_BOUND('NONE',#2396,.T.);
#2396=EDGE_LOOP('',(#2397,#2403,#2404,#2410));
#2397=ORIENTED_EDGE('',*,*,#2398,.T.);
#2398=EDGE_CURVE('NONE',#2368,#2297,#2399,.T.);
#2399=LINE('',#2400,#2401);
#2400=CARTESIAN_POINT('',(0.730871353,0.6,0.122418595));
#2401=VECTOR('',#2402,1.0);
#2402=DIRECTION('',(-1.0,0.0,1.598511628E-16));
#2403=ORIENTED_EDGE('',*,*,#2322,.F.);
#2404=ORIENTED_EDGE('',*,*,#2405,.T.);
#2405=EDGE_CURVE('NONE',#2315,#2376,#2406,.F.);
#2406=LINE('',#2407,#2408);
#2407=CARTESIAN_POINT('',(0.730871353,0.81,0.122418595));
#2408=VECTOR('',#2409,1.0);
#2409=DIRECTION('',(-1.0,0.0,1.598511628E-16));
#2410=ORIENTED_EDGE('',*,*,#2375,.F.);
#2411=PLANE('',#2412);
#2412=AXIS2_PLACEMENT_3D('',#2413,#2414,#2415);
#2413=CARTESIAN_POINT('',(0.730871353,0.81,0.122418595));
#2414=DIRECTION('',(1.598511628E-16,0.0,1.0));
#2415=DIRECTION('',(1.0,0.0,-1.598511628E-16));
#2416=ADVANCED_FACE('NONE',(#2417),#2423,.F.);
#2417=FACE_BOUND('NONE',#2418,.T.);
#2418=EDGE_LOOP('',(#2419,#2420,#2421,#2422));
#2419=ORIENTED_EDGE('',*,*,#2314,.F.);
#2420=ORIENTED_EDGE('',*,*,#2352,.F.);
#2421=ORIENTED_EDGE('',*,*,#2383,.F.);
#2422=ORIENTED_EDGE('',*,*,#2405,.F.);
#2423=PLANE('',#2424);
#2424=AXIS2_PLACEMENT_3D('',#2425,#2426,#2427);
#2425=CARTESIAN_POINT('',(0.0,0.81,0.0));
#2426=DIRECTION('',(0.0,-1.0,0.0));
#2427=DIRECTION('',(0.0,0.0,-1.0));
#2428=ADVANCED_FACE('NONE',(#2429),#2435,.T.);
#2429=FACE_BOUND('NONE',#2430,.T.);
#2430=EDGE_LOOP('',(#2431,#2432,#2433,#2434));
#2431=ORIENTED_EDGE('',*,*,#2296,.F.);
#2432=ORIENTED_EDGE('',*,*,#2398,.F.);
#2433=ORIENTED_EDGE('',*,*,#2367,.F.);
#2434=ORIENTED_EDGE('',*,*,#2336,.F.);
#2435=PLANE('',#2436);
#2436=AXIS2_PLACEMENT_3D('',#2437,#2438,#2439);
#2437=CARTESIAN_POINT('',(0.0,0.6,0.0));
#2438=DIRECTION('',(0.0,-1.0,0.0));
#2439=DIRECTION('',(0.0,0.0,-1.0));
#2440=MANIFOLD_SOLID_BREP('Boss-Extrude3[8]',#2441);
#2441=CLOSED_SHELL('NONE',(#2442,#2482,#2513,#2544,#2566,#2578));
#2442=ADVANCED_FACE('NONE',(#2443),#2477,.F.);
#2443=FACE_BOUND('NONE',#2444,.T.);
#2444=EDGE_LOOP('',(#2445,#2455,#2463,#2471));
#2445=ORIENTED_EDGE('',*,*,#2446,.T.);
#2446=EDGE_CURVE('NONE',#2447,#2449,#2451,.T.);
#2447=VERTEX_POINT('NONE',#2448);
#2448=CARTESIAN_POINT('',(1.07,0.6,-0.387498475));
#2449=VERTEX_POINT('NONE',#2450);
#2450=CARTESIAN_POINT('',(0.730871353,0.6,-0.387498475));
#2451=LINE('',#2452,#2453);
#2452=CARTESIAN_POINT('',(0.730871353,0.6,-0.387498475));
#2453=VECTOR('',#2454,1.0);
#2454=DIRECTION('',(-1.0,0.0,-1.598511628E-16));
#2455=ORIENTED_EDGE('',*,*,#2456,.T.);
#2456=EDGE_CURVE('NONE',#2449,#2457,#2459,.F.);
#2457=VERTEX_POINT('NONE',#2458);
#2458=CARTESIAN_POINT('',(0.730871353,0.81,-0.387498475));
#2459=LINE('',#2460,#2461);
#2460=CARTESIAN_POINT('',(0.730871353,0.81,-0.387498475));
#2461=VECTOR('',#2462,1.0);
#2462=DIRECTION('',(0.0,-1.0,0.0));
#2463=ORIENTED_EDGE('',*,*,#2464,.T.);
#2464=EDGE_CURVE('NONE',#2457,#2465,#2467,.F.);
#2465=VERTEX_POINT('NONE',#2466);
#2466=CARTESIAN_POINT('',(1.07,0.81,-0.387498475));
#2467=LINE('',#2468,#2469);
#2468=CARTESIAN_POINT('',(0.730871353,0.81,-0.387498475));
#2469=VECTOR('',#2470,1.0);
#2470=DIRECTION('',(-1.0,0.0,-1.598511628E-16));
#2471=ORIENTED_EDGE('',*,*,#2472,.T.);
#2472=EDGE_CURVE('NONE',#2465,#2447,#2473,.T.);
#2473=LINE('',#2474,#2475);
#2474=CARTESIAN_POINT('',(1.07,0.81,-0.387498475));
#2475=VECTOR('',#2476,1.0);
#2476=DIRECTION('',(0.0,-1.0,0.0));
#2477=PLANE('',#2478);
#2478=AXIS2_PLACEMENT_3D('',#2479,#2480,#2481);
#2479=CARTESIAN_POINT('',(0.730871353,0.81,-0.387498475));
#2480=DIRECTION('',(-1.598511628E-16,0.0,1.0));
#2481=DIRECTION('',(1.0,0.0,1.598511628E-16));
#2482=ADVANCED_FACE('NONE',(#2483),#2508,.F.);
#2483=FACE_BOUND('NONE',#2484,.T.);
#2484=EDGE_LOOP('',(#2485,#2493,#2501,#2507));
#2485=ORIENTED_EDGE('',*,*,#2486,.T.);
#2486=EDGE_CURVE('NONE',#2449,#2487,#2489,.T.);
#2487=VERTEX_POINT('NONE',#2488);
#2488=CARTESIAN_POINT('',(0.730871353,0.6,-0.122418595));
#2489=LINE('',#2490,#2491);
#2490=CARTESIAN_POINT('',(0.730871353,0.6,-0.387498475));
#2491=VECTOR('',#2492,1.0);
#2492=DIRECTION('',(0.0,0.0,1.0));
#2493=ORIENTED_EDGE('',*,*,#2494,.T.);
#2494=EDGE_CURVE('NONE',#2487,#2495,#2497,.F.);
#2495=VERTEX_POINT('NONE',#2496);
#2496=CARTESIAN_POINT('',(0.730871353,0.81,-0.122418595));
#2497=LINE('',#2498,#2499);
#2498=CARTESIAN_POINT('',(0.730871353,0.81,-0.122418595));
#2499=VECTOR('',#2500,1.0);
#2500=DIRECTION('',(0.0,-1.0,0.0));
#2501=ORIENTED_EDGE('',*,*,#2502,.T.);
#2502=EDGE_CURVE('NONE',#2495,#2457,#2503,.F.);
#2503=LINE('',#2504,#2505);
#2504=CARTESIAN_POINT('',(0.730871353,0.81,-0.387498475));
#2505=VECTOR('',#2506,1.0);
#2506=DIRECTION('',(0.0,0.0,1.0));
#2507=ORIENTED_EDGE('',*,*,#2456,.F.);
#2508=PLANE('',#2509);
#2509=AXIS2_PLACEMENT_3D('',#2510,#2511,#2512);
#2510=CARTESIAN_POINT('',(0.730871353,0.81,-0.387498475));
#2511=DIRECTION('',(1.0,0.0,0.0));
#2512=DIRECTION('',(0.0,0.0,-1.0));
#2513=ADVANCED_FACE('NONE',(#2514),#2539,.F.);
#2514=FACE_BOUND('NONE',#2515,.T.);
#2515=EDGE_LOOP('',(#2516,#2524,#2532,#2538));
#2516=ORIENTED_EDGE('',*,*,#2517,.T.);
#2517=EDGE_CURVE('NONE',#2487,#2518,#2520,.T.);
#2518=VERTEX_POINT('NONE',#2519);
#2519=CARTESIAN_POINT('',(1.07,0.6,-0.122418595));
#2520=LINE('',#2521,#2522);
#2521=CARTESIAN_POINT('',(0.730871353,0.6,-0.122418595));
#2522=VECTOR('',#2523,1.0);
#2523=DIRECTION('',(1.0,0.0,1.598511628E-16));
#2524=ORIENTED_EDGE('',*,*,#2525,.T.);
#2525=EDGE_CURVE('NONE',#2518,#2526,#2528,.F.);
#2526=VERTEX_POINT('NONE',#2527);
#2527=CARTESIAN_POINT('',(1.07,0.81,-0.122418595));
#2528=LINE('',#2529,#2530);
#2529=CARTESIAN_POINT('',(1.07,0.81,-0.122418595));
#2530=VECTOR('',#2531,1.0);
#2531=DIRECTION('',(0.0,-1.0,0.0));
#2532=ORIENTED_EDGE('',*,*,#2533,.T.);
#2533=EDGE_CURVE('NONE',#2526,#2495,#2534,.F.);
#2534=LINE('',#2535,#2536);
#2535=CARTESIAN_POINT('',(0.730871353,0.81,-0.122418595));
#2536=VECTOR('',#2537,1.0);
#2537=DIRECTION('',(1.0,0.0,1.598511628E-16));
#2538=ORIENTED_EDGE('',*,*,#2494,.F.);
#2539=PLANE('',#2540);
#2540=AXIS2_PLACEMENT_3D('',#2541,#2542,#2543);
#2541=CARTESIAN_POINT('',(0.730871353,0.81,-0.122418595));
#2542=DIRECTION('',(1.598511628E-16,0.0,-1.0));
#2543=DIRECTION('',(-1.0,0.0,-1.598511628E-16));
#2544=ADVANCED_FACE('NONE',(#2545),#2561,.F.);
#2545=FACE_BOUND('NONE',#2546,.T.);
#2546=EDGE_LOOP('',(#2547,#2553,#2554,#2560));
#2547=ORIENTED_EDGE('',*,*,#2548,.T.);
#2548=EDGE_CURVE('NONE',#2518,#2447,#2549,.T.);
#2549=LINE('',#2550,#2551);
#2550=CARTESIAN_POINT('',(1.07,0.6,-0.387498475));
#2551=VECTOR('',#2552,1.0);
#2552=DIRECTION('',(0.0,0.0,-1.0));
#2553=ORIENTED_EDGE('',*,*,#2472,.F.);
#2554=ORIENTED_EDGE('',*,*,#2555,.T.);
#2555=EDGE_CURVE('NONE',#2465,#2526,#2556,.F.);
#2556=LINE('',#2557,#2558);
#2557=CARTESIAN_POINT('',(1.07,0.81,-0.387498475));
#2558=VECTOR('',#2559,1.0);
#2559=DIRECTION('',(0.0,0.0,-1.0));
#2560=ORIENTED_EDGE('',*,*,#2525,.F.);
#2561=PLANE('',#2562);
#2562=AXIS2_PLACEMENT_3D('',#2563,#2564,#2565);
#2563=CARTESIAN_POINT('',(1.07,0.81,-0.387498475));
#2564=DIRECTION('',(-1.0,0.0,0.0));
#2565=DIRECTION('',(0.0,0.0,1.0));
#2566=ADVANCED_FACE('NONE',(#2567),#2573,.F.);
#2567=FACE_BOUND('NONE',#2568,.T.);
#2568=EDGE_LOOP('',(#2569,#2570,#2571,#2572));
#2569=ORIENTED_EDGE('',*,*,#2464,.F.);
#2570=ORIENTED_EDGE('',*,*,#2502,.F.);
#2571=ORIENTED_EDGE('',*,*,#2533,.F.);
#2572=ORIENTED_EDGE('',*,*,#2555,.F.);
#2573=PLANE('',#2574);
#2574=AXIS2_PLACEMENT_3D('',#2575,#2576,#2577);
#2575=CARTESIAN_POINT('',(0.0,0.81,0.0));
#2576=DIRECTION('',(0.0,-1.0,0.0));
#2577=DIRECTION('',(0.0,0.0,-1.0));
#2578=ADVANCED_FACE('NONE',(#2579),#2585,.T.);
#2579=FACE_BOUND('NONE',#2580,.T.);
#2580=EDGE_LOOP('',(#2581,#2582,#2583,#2584));
#2581=ORIENTED_EDGE('',*,*,#2446,.F.);
#2582=ORIENTED_EDGE('',*,*,#2548,.F.);
#2583=ORIENTED_EDGE('',*,*,#2517,.F.);
#2584=ORIENTED_EDGE('',*,*,#2486,.F.);
#2585=PLANE('',#2586);
#2586=AXIS2_PLACEMENT_3D('',#2587,#2588,#2589);
#2587=CARTESIAN_POINT('',(0.0,0.6,0.0));
#2588=DIRECTION('',(0.0,-1.0,0.0));
#2589=DIRECTION('',(0.0,0.0,-1.0));
#2590=AXIS2_PLACEMENT_3D('',#2591,#2592,#2593);
#2591=CARTESIAN_POINT('',(0.0,0.0,0.0));
#2592=DIRECTION('',(0.0,0.0,1.0));
#2593=DIRECTION('',(1.0,0.0,0.0));
#2594=(GEOMETRIC_REPRESENTATION_CONTEXT(3)GLOBAL_UNCERTAINTY_ASSIGNED_CONTEXT((#2598))GLOBAL_UNIT_ASSIGNED_CONTEXT((#2595,#2596,#2597))REPRESENTATION_CONTEXT('',''));
#2595=(LENGTH_UNIT()NAMED_UNIT(*)SI_UNIT(.MILLI.,.METRE.));
#2596=(NAMED_UNIT(*)PLANE_ANGLE_UNIT()SI_UNIT($,.RADIAN.));
#2597=(NAMED_UNIT(*)SI_UNIT($,.STERADIAN.)SOLID_ANGLE_UNIT());
#2598=UNCERTAINTY_MEASURE_WITH_UNIT(LENGTH_MEASURE(1.0E-07),#2595,'','maximum tolerance');
#2599=ADVANCED_BREP_SHAPE_REPRESENTATION('',(#9,#1390,#1540,#1690,#1840,#1990,#2140,#2290,#2440,#2590),#2594);
#2600=SHAPE_DEFINITION_REPRESENTATION(#8,#2599);
#2601=PRODUCT_RELATED_PRODUCT_CATEGORY('part',$,(#4));
#2602=STYLED_ITEM('',(#2603),#9);
#2603=PRESENTATION_STYLE_ASSIGNMENT((#2604));
#2604=SURFACE_STYLE_USAGE(.BOTH.,#2605);
#2605=SURFACE_SIDE_STYLE('',(#2606));
#2606=SURFACE_STYLE_FILL_AREA(#2607);
#2607=FILL_AREA_STYLE('',(#2609));
#2608=COLOUR_RGB('',0.792156875,0.819607854,0.933333337);
#2609=FILL_AREA_STYLE_COLOUR('',#2608);
#2610=OVER_RIDING_STYLED_ITEM('',(#2611),#11,#2602);
#2611=PRESENTATION_STYLE_ASSIGNMENT((#2612));
#2612=SURFACE_STYLE_USAGE(.BOTH.,#2613);
#2613=SURFACE_SIDE_STYLE('',(#2614));
#2614=SURFACE_STYLE_FILL_AREA(#2615);
#2615=FILL_AREA_STYLE('',(#2617));
#2616=COLOUR_RGB('',0.298039228,0.298039228,0.298039228);
#2617=FILL_AREA_STYLE_COLOUR('',#2616);
#2618=OVER_RIDING_STYLED_ITEM('',(#2619),#179,#2602);
#2619=PRESENTATION_STYLE_ASSIGNMENT((#2620));
#2620=SURFACE_STYLE_USAGE(.BOTH.,#2621);
#2621=SURFACE_SIDE_STYLE('',(#2622));
#2622=SURFACE_STYLE_FILL_AREA(#2623);
#2623=FILL_AREA_STYLE('',(#2625));
#2624=COLOUR_RGB('',0.298039228,0.298039228,0.298039228);
#2625=FILL_AREA_STYLE_COLOUR('',#2624);
#2626=OVER_RIDING_STYLED_ITEM('',(#2627),#210,#2602);
#2627=PRESENTATION_STYLE_ASSIGNMENT((#2628));
#2628=SURFACE_STYLE_USAGE(.BOTH.,#2629);
#2629=SURFACE_SIDE_STYLE('',(#2630));
#2630=SURFACE_STYLE_FILL_AREA(#2631);
#2631=FILL_AREA_STYLE('',(#2633));
#2632=COLOUR_RGB('',0.298039228,0.298039228,0.298039228);
#2633=FILL_AREA_STYLE_COLOUR('',#2632);
#2634=OVER_RIDING_STYLED_ITEM('',(#2635),#369,#2602);
#2635=PRESENTATION_STYLE_ASSIGNMENT((#2636));
#2636=SURFACE_STYLE_USAGE(.BOTH.,#2637);
#2637=SURFACE_SIDE_STYLE('',(#2638));
#2638=SURFACE_STYLE_FILL_AREA(#2639);
#2639=FILL_AREA_STYLE('',(#2641));
#2640=COLOUR_RGB('',0.298039228,0.298039228,0.298039228);
#2641=FILL_AREA_STYLE_COLOUR('',#2640);
#2642=OVER_RIDING_STYLED_ITEM('',(#2643),#391,#2602);
#2643=PRESENTATION_STYLE_ASSIGNMENT((#2644));
#2644=SURFACE_STYLE_USAGE(.BOTH.,#2645);
#2645=SURFACE_SIDE_STYLE('',(#2646));
#2646=SURFACE_STYLE_FILL_AREA(#2647);
#2647=FILL_AREA_STYLE('',(#2649));
#2648=COLOUR_RGB('',0.298039228,0.298039228,0.298039228);
#2649=FILL_AREA_STYLE_COLOUR('',#2648);
#2650=OVER_RIDING_STYLED_ITEM('',(#2651),#629,#2602);
#2651=PRESENTATION_STYLE_ASSIGNMENT((#2652));
#2652=SURFACE_STYLE_USAGE(.BOTH.,#2653);
#2653=SURFACE_SIDE_STYLE('',(#2654));
#2654=SURFACE_STYLE_FILL_AREA(#2655);
#2655=FILL_AREA_STYLE('',(#2657));
#2656=COLOUR_RGB('',0.298039228,0.298039228,0.298039228);
#2657=FILL_AREA_STYLE_COLOUR('',#2656);
#2658=OVER_RIDING_STYLED_ITEM('',(#2659),#641,#2602);
#2659=PRESENTATION_STYLE_ASSIGNMENT((#2660));
#2660=SURFACE_STYLE_USAGE(.BOTH.,#2661);
#2661=SURFACE_SIDE_STYLE('',(#2662));
#2662=SURFACE_STYLE_FILL_AREA(#2663);
#2663=FILL_AREA_STYLE('',(#2665));
#2664=COLOUR_RGB('',0.678431392,0.678431392,0.729411781);
#2665=FILL_AREA_STYLE_COLOUR('',#2664);
#2666=OVER_RIDING_STYLED_ITEM('',(#2667),#672,#2602);
#2667=PRESENTATION_STYLE_ASSIGNMENT((#2668));
#2668=SURFACE_STYLE_USAGE(.BOTH.,#2669);
#2669=SURFACE_SIDE_STYLE('',(#2670));
#2670=SURFACE_STYLE_FILL_AREA(#2671);
#2671=FILL_AREA_STYLE('',(#2673));
#2672=COLOUR_RGB('',0.678431392,0.678431392,0.729411781);
#2673=FILL_AREA_STYLE_COLOUR('',#2672);
#2674=OVER_RIDING_STYLED_ITEM('',(#2675),#696,#2602);
#2675=PRESENTATION_STYLE_ASSIGNMENT((#2676));
#2676=SURFACE_STYLE_USAGE(.BOTH.,#2677);
#2677=SURFACE_SIDE_STYLE('',(#2678));
#2678=SURFACE_STYLE_FILL_AREA(#2679);
#2679=FILL_AREA_STYLE('',(#2681));
#2680=COLOUR_RGB('',0.678431392,0.678431392,0.729411781);
#2681=FILL_AREA_STYLE_COLOUR('',#2680);
#2682=OVER_RIDING_STYLED_ITEM('',(#2683),#720,#2602);
#2683=PRESENTATION_STYLE_ASSIGNMENT((#2684));
#2684=SURFACE_STYLE_USAGE(.BOTH.,#2685);
#2685=SURFACE_SIDE_STYLE('',(#2686));
#2686=SURFACE_STYLE_FILL_AREA(#2687);
#2687=FILL_AREA_STYLE('',(#2689));
#2688=COLOUR_RGB('',0.678431392,0.678431392,0.729411781);
#2689=FILL_AREA_STYLE_COLOUR('',#2688);
#2690=OVER_RIDING_STYLED_ITEM('',(#2691),#744,#2602);
#2691=PRESENTATION_STYLE_ASSIGNMENT((#2692));
#2692=SURFACE_STYLE_USAGE(.BOTH.,#2693);
#2693=SURFACE_SIDE_STYLE('',(#2694));
#2694=SURFACE_STYLE_FILL_AREA(#2695);
#2695=FILL_AREA_STYLE('',(#2697));
#2696=COLOUR_RGB('',0.678431392,0.678431392,0.729411781);
#2697=FILL_AREA_STYLE_COLOUR('',#2696);
#2698=OVER_RIDING_STYLED_ITEM('',(#2699),#761,#2602);
#2699=PRESENTATION_STYLE_ASSIGNMENT((#2700));
#2700=SURFACE_STYLE_USAGE(.BOTH.,#2701);
#2701=SURFACE_SIDE_STYLE('',(#2702));
#2702=SURFACE_STYLE_FILL_AREA(#2703);
#2703=FILL_AREA_STYLE('',(#2705));
#2704=COLOUR_RGB('',0.678431392,0.678431392,0.729411781);
#2705=FILL_AREA_STYLE_COLOUR('',#2704);
#2706=OVER_RIDING_STYLED_ITEM('',(#2707),#774,#2602);
#2707=PRESENTATION_STYLE_ASSIGNMENT((#2708));
#2708=SURFACE_STYLE_USAGE(.BOTH.,#2709);
#2709=SURFACE_SIDE_STYLE('',(#2710));
#2710=SURFACE_STYLE_FILL_AREA(#2711);
#2711=FILL_AREA_STYLE('',(#2713));
#2712=COLOUR_RGB('',0.298039228,0.298039228,0.298039228);
#2713=FILL_AREA_STYLE_COLOUR('',#2712);
#2714=OVER_RIDING_STYLED_ITEM('',(#2715),#798,#2602);
#2715=PRESENTATION_STYLE_ASSIGNMENT((#2716));
#2716=SURFACE_STYLE_USAGE(.BOTH.,#2717);
#2717=SURFACE_SIDE_STYLE('',(#2718));
#2718=SURFACE_STYLE_FILL_AREA(#2719);
#2719=FILL_AREA_STYLE('',(#2721));
#2720=COLOUR_RGB('',0.298039228,0.298039228,0.298039228);
#2721=FILL_AREA_STYLE_COLOUR('',#2720);
#2722=OVER_RIDING_STYLED_ITEM('',(#2723),#822,#2602);
#2723=PRESENTATION_STYLE_ASSIGNMENT((#2724));
#2724=SURFACE_STYLE_USAGE(.BOTH.,#2725);
#2725=SURFACE_SIDE_STYLE('',(#2726));
#2726=SURFACE_STYLE_FILL_AREA(#2727);
#2727=FILL_AREA_STYLE('',(#2729));
#2728=COLOUR_RGB('',0.298039228,0.298039228,0.298039228);
#2729=FILL_AREA_STYLE_COLOUR('',#2728);
#2730=OVER_RIDING_STYLED_ITEM('',(#2731),#839,#2602);
#2731=PRESENTATION_STYLE_ASSIGNMENT((#2732));
#2732=SURFACE_STYLE_USAGE(.BOTH.,#2733);
#2733=SURFACE_SIDE_STYLE('',(#2734));
#2734=SURFACE_STYLE_FILL_AREA(#2735);
#2735=FILL_AREA_STYLE('',(#2737));
#2736=COLOUR_RGB('',0.298039228,0.298039228,0.298039228);
#2737=FILL_AREA_STYLE_COLOUR('',#2736);
#2738=OVER_RIDING_STYLED_ITEM('',(#2739),#851,#2602);
#2739=PRESENTATION_STYLE_ASSIGNMENT((#2740));
#2740=SURFACE_STYLE_USAGE(.BOTH.,#2741);
#2741=SURFACE_SIDE_STYLE('',(#2742));
#2742=SURFACE_STYLE_FILL_AREA(#2743);
#2743=FILL_AREA_STYLE('',(#2745));
#2744=COLOUR_RGB('',0.298039228,0.298039228,0.298039228);
#2745=FILL_AREA_STYLE_COLOUR('',#2744);
#2746=OVER_RIDING_STYLED_ITEM('',(#2747),#875,#2602);
#2747=PRESENTATION_STYLE_ASSIGNMENT((#2748));
#2748=SURFACE_STYLE_USAGE(.BOTH.,#2749);
#2749=SURFACE_SIDE_STYLE('',(#2750));
#2750=SURFACE_STYLE_FILL_AREA(#2751);
#2751=FILL_AREA_STYLE('',(#2753));
#2752=COLOUR_RGB('',0.298039228,0.298039228,0.298039228);
#2753=FILL_AREA_STYLE_COLOUR('',#2752);
#2754=OVER_RIDING_STYLED_ITEM('',(#2755),#899,#2602);
#2755=PRESENTATION_STYLE_ASSIGNMENT((#2756));
#2756=SURFACE_STYLE_USAGE(.BOTH.,#2757);
#2757=SURFACE_SIDE_STYLE('',(#2758));
#2758=SURFACE_STYLE_FILL_AREA(#2759);
#2759=FILL_AREA_STYLE('',(#2761));
#2760=COLOUR_RGB('',0.298039228,0.298039228,0.298039228);
#2761=FILL_AREA_STYLE_COLOUR('',#2760);
#2762=OVER_RIDING_STYLED_ITEM('',(#2763),#916,#2602);
#2763=PRESENTATION_STYLE_ASSIGNMENT((#2764));
#2764=SURFACE_STYLE_USAGE(.BOTH.,#2765);
#2765=SURFACE_SIDE_STYLE('',(#2766));
#2766=SURFACE_STYLE_FILL_AREA(#2767);
#2767=FILL_AREA_STYLE('',(#2769));
#2768=COLOUR_RGB('',0.298039228,0.298039228,0.298039228);
#2769=FILL_AREA_STYLE_COLOUR('',#2768);
#2770=OVER_RIDING_STYLED_ITEM('',(#2771),#928,#2602);
#2771=PRESENTATION_STYLE_ASSIGNMENT((#2772));
#2772=SURFACE_STYLE_USAGE(.BOTH.,#2773);
#2773=SURFACE_SIDE_STYLE('',(#2774));
#2774=SURFACE_STYLE_FILL_AREA(#2775);
#2775=FILL_AREA_STYLE('',(#2777));
#2776=COLOUR_RGB('',0.298039228,0.298039228,0.298039228);
#2777=FILL_AREA_STYLE_COLOUR('',#2776);
#2778=OVER_RIDING_STYLED_ITEM('',(#2779),#952,#2602);
#2779=PRESENTATION_STYLE_ASSIGNMENT((#2780));
#2780=SURFACE_STYLE_USAGE(.BOTH.,#2781);
#2781=SURFACE_SIDE_STYLE('',(#2782));
#2782=SURFACE_STYLE_FILL_AREA(#2783);
#2783=FILL_AREA_STYLE('',(#2785));
#2784=COLOUR_RGB('',0.298039228,0.298039228,0.298039228);
#2785=FILL_AREA_STYLE_COLOUR('',#2784);
#2786=OVER_RIDING_STYLED_ITEM('',(#2787),#976,#2602);
#2787=PRESENTATION_STYLE_ASSIGNMENT((#2788));
#2788=SURFACE_STYLE_USAGE(.BOTH.,#2789);
#2789=SURFACE_SIDE_STYLE('',(#2790));
#2790=SURFACE_STYLE_FILL_AREA(#2791);
#2791=FILL_AREA_STYLE('',(#2793));
#2792=COLOUR_RGB('',0.298039228,0.298039228,0.298039228);
#2793=FILL_AREA_STYLE_COLOUR('',#2792);
#2794=OVER_RIDING_STYLED_ITEM('',(#2795),#993,#2602);
#2795=PRESENTATION_STYLE_ASSIGNMENT((#2796));
#2796=SURFACE_STYLE_USAGE(.BOTH.,#2797);
#2797=SURFACE_SIDE_STYLE('',(#2798));
#2798=SURFACE_STYLE_FILL_AREA(#2799);
#2799=FILL_AREA_STYLE('',(#2801));
#2800=COLOUR_RGB('',0.298039228,0.298039228,0.298039228);
#2801=FILL_AREA_STYLE_COLOUR('',#2800);
#2802=OVER_RIDING_STYLED_ITEM('',(#2803),#1005,#2602);
#2803=PRESENTATION_STYLE_ASSIGNMENT((#2804));
#2804=SURFACE_STYLE_USAGE(.BOTH.,#2805);
#2805=SURFACE_SIDE_STYLE('',(#2806));
#2806=SURFACE_STYLE_FILL_AREA(#2807);
#2807=FILL_AREA_STYLE('',(#2809));
#2808=COLOUR_RGB('',0.298039228,0.298039228,0.298039228);
#2809=FILL_AREA_STYLE_COLOUR('',#2808);
#2810=OVER_RIDING_STYLED_ITEM('',(#2811),#1029,#2602);
#2811=PRESENTATION_STYLE_ASSIGNMENT((#2812));
#2812=SURFACE_STYLE_USAGE(.BOTH.,#2813);
#2813=SURFACE_SIDE_STYLE('',(#2814));
#2814=SURFACE_STYLE_FILL_AREA(#2815);
#2815=FILL_AREA_STYLE('',(#2817));
#2816=COLOUR_RGB('',0.298039228,0.298039228,0.298039228);
#2817=FILL_AREA_STYLE_COLOUR('',#2816);
#2818=OVER_RIDING_STYLED_ITEM('',(#2819),#1053,#2602);
#2819=PRESENTATION_STYLE_ASSIGNMENT((#2820));
#2820=SURFACE_STYLE_USAGE(.BOTH.,#2821);
#2821=SURFACE_SIDE_STYLE('',(#2822));
#2822=SURFACE_STYLE_FILL_AREA(#2823);
#2823=FILL_AREA_STYLE('',(#2825));
#2824=COLOUR_RGB('',0.298039228,0.298039228,0.298039228);
#2825=FILL_AREA_STYLE_COLOUR('',#2824);
#2826=OVER_RIDING_STYLED_ITEM('',(#2827),#1070,#2602);
#2827=PRESENTATION_STYLE_ASSIGNMENT((#2828));
#2828=SURFACE_STYLE_USAGE(.BOTH.,#2829);
#2829=SURFACE_SIDE_STYLE('',(#2830));
#2830=SURFACE_STYLE_FILL_AREA(#2831);
#2831=FILL_AREA_STYLE('',(#2833));
#2832=COLOUR_RGB('',0.298039228,0.298039228,0.298039228);
#2833=FILL_AREA_STYLE_COLOUR('',#2832);
#2834=OVER_RIDING_STYLED_ITEM('',(#2835),#1082,#2602);
#2835=PRESENTATION_STYLE_ASSIGNMENT((#2836));
#2836=SURFACE_STYLE_USAGE(.BOTH.,#2837);
#2837=SURFACE_SIDE_STYLE('',(#2838));
#2838=SURFACE_STYLE_FILL_AREA(#2839);
#2839=FILL_AREA_STYLE('',(#2841));
#2840=COLOUR_RGB('',0.298039228,0.298039228,0.298039228);
#2841=FILL_AREA_STYLE_COLOUR('',#2840);
#2842=OVER_RIDING_STYLED_ITEM('',(#2843),#1106,#2602);
#2843=PRESENTATION_STYLE_ASSIGNMENT((#2844));
#2844=SURFACE_STYLE_USAGE(.BOTH.,#2845);
#2845=SURFACE_SIDE_STYLE('',(#2846));
#2846=SURFACE_STYLE_FILL_AREA(#2847);
#2847=FILL_AREA_STYLE('',(#2849));
#2848=COLOUR_RGB('',0.298039228,0.298039228,0.298039228);
#2849=FILL_AREA_STYLE_COLOUR('',#2848);
#2850=OVER_RIDING_STYLED_ITEM('',(#2851),#1130,#2602);
#2851=PRESENTATION_STYLE_ASSIGNMENT((#2852));
#2852=SURFACE_STYLE_USAGE(.BOTH.,#2853);
#2853=SURFACE_SIDE_STYLE('',(#2854));
#2854=SURFACE_STYLE_FILL_AREA(#2855);
#2855=FILL_AREA_STYLE('',(#2857));
#2856=COLOUR_RGB('',0.298039228,0.298039228,0.298039228);
#2857=FILL_AREA_STYLE_COLOUR('',#2856);
#2858=OVER_RIDING_STYLED_ITEM('',(#2859),#1147,#2602);
#2859=PRESENTATION_STYLE_ASSIGNMENT((#2860));
#2860=SURFACE_STYLE_USAGE(.BOTH.,#2861);
#2861=SURFACE_SIDE_STYLE('',(#2862));
#2862=SURFACE_STYLE_FILL_AREA(#2863);
#2863=FILL_AREA_STYLE('',(#2865));
#2864=COLOUR_RGB('',0.298039228,0.298039228,0.298039228);
#2865=FILL_AREA_STYLE_COLOUR('',#2864);
#2866=OVER_RIDING_STYLED_ITEM('',(#2867),#1159,#2602);
#2867=PRESENTATION_STYLE_ASSIGNMENT((#2868));
#2868=SURFACE_STYLE_USAGE(.BOTH.,#2869);
#2869=SURFACE_SIDE_STYLE('',(#2870));
#2870=SURFACE_STYLE_FILL_AREA(#2871);
#2871=FILL_AREA_STYLE('',(#2873));
#2872=COLOUR_RGB('',0.298039228,0.298039228,0.298039228);
#2873=FILL_AREA_STYLE_COLOUR('',#2872);
#2874=OVER_RIDING_STYLED_ITEM('',(#2875),#1183,#2602);
#2875=PRESENTATION_STYLE_ASSIGNMENT((#2876));
#2876=SURFACE_STYLE_USAGE(.BOTH.,#2877);
#2877=SURFACE_SIDE_STYLE('',(#2878));
#2878=SURFACE_STYLE_FILL_AREA(#2879);
#2879=FILL_AREA_STYLE('',(#2881));
#2880=COLOUR_RGB('',0.298039228,0.298039228,0.298039228);
#2881=FILL_AREA_STYLE_COLOUR('',#2880);
#2882=OVER_RIDING_STYLED_ITEM('',(#2883),#1207,#2602);
#2883=PRESENTATION_STYLE_ASSIGNMENT((#2884));
#2884=SURFACE_STYLE_USAGE(.BOTH.,#2885);
#2885=SURFACE_SIDE_STYLE('',(#2886));
#2886=SURFACE_STYLE_FILL_AREA(#2887);
#2887=FILL_AREA_STYLE('',(#2889));
#2888=COLOUR_RGB('',0.298039228,0.298039228,0.298039228);
#2889=FILL_AREA_STYLE_COLOUR('',#2888);
#2890=OVER_RIDING_STYLED_ITEM('',(#2891),#1224,#2602);
#2891=PRESENTATION_STYLE_ASSIGNMENT((#2892));
#2892=SURFACE_STYLE_USAGE(.BOTH.,#2893);
#2893=SURFACE_SIDE_STYLE('',(#2894));
#2894=SURFACE_STYLE_FILL_AREA(#2895);
#2895=FILL_AREA_STYLE('',(#2897));
#2896=COLOUR_RGB('',0.298039228,0.298039228,0.298039228);
#2897=FILL_AREA_STYLE_COLOUR('',#2896);
#2898=OVER_RIDING_STYLED_ITEM('',(#2899),#1236,#2602);
#2899=PRESENTATION_STYLE_ASSIGNMENT((#2900));
#2900=SURFACE_STYLE_USAGE(.BOTH.,#2901);
#2901=SURFACE_SIDE_STYLE('',(#2902));
#2902=SURFACE_STYLE_FILL_AREA(#2903);
#2903=FILL_AREA_STYLE('',(#2905));
#2904=COLOUR_RGB('',0.298039228,0.298039228,0.298039228);
#2905=FILL_AREA_STYLE_COLOUR('',#2904);
#2906=OVER_RIDING_STYLED_ITEM('',(#2907),#1260,#2602);
#2907=PRESENTATION_STYLE_ASSIGNMENT((#2908));
#2908=SURFACE_STYLE_USAGE(.BOTH.,#2909);
#2909=SURFACE_SIDE_STYLE('',(#2910));
#2910=SURFACE_STYLE_FILL_AREA(#2911);
#2911=FILL_AREA_STYLE('',(#2913));
#2912=COLOUR_RGB('',0.298039228,0.298039228,0.298039228);
#2913=FILL_AREA_STYLE_COLOUR('',#2912);
#2914=OVER_RIDING_STYLED_ITEM('',(#2915),#1284,#2602);
#2915=PRESENTATION_STYLE_ASSIGNMENT((#2916));
#2916=SURFACE_STYLE_USAGE(.BOTH.,#2917);
#2917=SURFACE_SIDE_STYLE('',(#2918));
#2918=SURFACE_STYLE_FILL_AREA(#2919);
#2919=FILL_AREA_STYLE('',(#2921));
#2920=COLOUR_RGB('',0.298039228,0.298039228,0.298039228);
#2921=FILL_AREA_STYLE_COLOUR('',#2920);
#2922=OVER_RIDING_STYLED_ITEM('',(#2923),#1301,#2602);
#2923=PRESENTATION_STYLE_ASSIGNMENT((#2924));
#2924=SURFACE_STYLE_USAGE(.BOTH.,#2925);
#2925=SURFACE_SIDE_STYLE('',(#2926));
#2926=SURFACE_STYLE_FILL_AREA(#2927);
#2927=FILL_AREA_STYLE('',(#2929));
#2928=COLOUR_RGB('',0.298039228,0.298039228,0.298039228);
#2929=FILL_AREA_STYLE_COLOUR('',#2928);
#2930=OVER_RIDING_STYLED_ITEM('',(#2931),#1313,#2602);
#2931=PRESENTATION_STYLE_ASSIGNMENT((#2932));
#2932=SURFACE_STYLE_USAGE(.BOTH.,#2933);
#2933=SURFACE_SIDE_STYLE('',(#2934));
#2934=SURFACE_STYLE_FILL_AREA(#2935);
#2935=FILL_AREA_STYLE('',(#2937));
#2936=COLOUR_RGB('',0.298039228,0.298039228,0.298039228);
#2937=FILL_AREA_STYLE_COLOUR('',#2936);
#2938=OVER_RIDING_STYLED_ITEM('',(#2939),#1337,#2602);
#2939=PRESENTATION_STYLE_ASSIGNMENT((#2940));
#2940=SURFACE_STYLE_USAGE(.BOTH.,#2941);
#2941=SURFACE_SIDE_STYLE('',(#2942));
#2942=SURFACE_STYLE_FILL_AREA(#2943);
#2943=FILL_AREA_STYLE('',(#2945));
#2944=COLOUR_RGB('',0.298039228,0.298039228,0.298039228);
#2945=FILL_AREA_STYLE_COLOUR('',#2944);
#2946=OVER_RIDING_STYLED_ITEM('',(#2947),#1361,#2602);
#2947=PRESENTATION_STYLE_ASSIGNMENT((#2948));
#2948=SURFACE_STYLE_USAGE(.BOTH.,#2949);
#2949=SURFACE_SIDE_STYLE('',(#2950));
#2950=SURFACE_STYLE_FILL_AREA(#2951);
#2951=FILL_AREA_STYLE('',(#2953));
#2952=COLOUR_RGB('',0.298039228,0.298039228,0.298039228);
#2953=FILL_AREA_STYLE_COLOUR('',#2952);
#2954=OVER_RIDING_STYLED_ITEM('',(#2955),#1378,#2602);
#2955=PRESENTATION_STYLE_ASSIGNMENT((#2956));
#2956=SURFACE_STYLE_USAGE(.BOTH.,#2957);
#2957=SURFACE_SIDE_STYLE('',(#2958));
#2958=SURFACE_STYLE_FILL_AREA(#2959);
#2959=FILL_AREA_STYLE('',(#2961));
#2960=COLOUR_RGB('',0.298039228,0.298039228,0.298039228);
#2961=FILL_AREA_STYLE_COLOUR('',#2960);
#2962=STYLED_ITEM('',(#2963),#1390);
#2963=PRESENTATION_STYLE_ASSIGNMENT((#2964));
#2964=SURFACE_STYLE_USAGE(.BOTH.,#2965);
#2965=SURFACE_SIDE_STYLE('',(#2966));
#2966=SURFACE_STYLE_FILL_AREA(#2967);
#2967=FILL_AREA_STYLE('',(#2969));
#2968=COLOUR_RGB('',0.792156875,0.819607854,0.933333337);
#2969=FILL_AREA_STYLE_COLOUR('',#2968);
#2970=OVER_RIDING_STYLED_ITEM('',(#2971),#1392,#2962);
#2971=PRESENTATION_STYLE_ASSIGNMENT((#2972));
#2972=SURFACE_STYLE_USAGE(.BOTH.,#2973);
#2973=SURFACE_SIDE_STYLE('',(#2974));
#2974=SURFACE_STYLE_FILL_AREA(#2975);
#2975=FILL_AREA_STYLE('',(#2977));
#2976=COLOUR_RGB('',0.678431392,0.678431392,0.729411781);
#2977=FILL_AREA_STYLE_COLOUR('',#2976);
#2978=OVER_RIDING_STYLED_ITEM('',(#2979),#1432,#2962);
#2979=PRESENTATION_STYLE_ASSIGNMENT((#2980));
#2980=SURFACE_STYLE_USAGE(.BOTH.,#2981);
#2981=SURFACE_SIDE_STYLE('',(#2982));
#2982=SURFACE_STYLE_FILL_AREA(#2983);
#2983=FILL_AREA_STYLE('',(#2985));
#2984=COLOUR_RGB('',0.678431392,0.678431392,0.729411781);
#2985=FILL_AREA_STYLE_COLOUR('',#2984);
#2986=OVER_RIDING_STYLED_ITEM('',(#2987),#1463,#2962);
#2987=PRESENTATION_STYLE_ASSIGNMENT((#2988));
#2988=SURFACE_STYLE_USAGE(.BOTH.,#2989);
#2989=SURFACE_SIDE_STYLE('',(#2990));
#2990=SURFACE_STYLE_FILL_AREA(#2991);
#2991=FILL_AREA_STYLE('',(#2993));
#2992=COLOUR_RGB('',0.678431392,0.678431392,0.729411781);
#2993=FILL_AREA_STYLE_COLOUR('',#2992);
#2994=OVER_RIDING_STYLED_ITEM('',(#2995),#1494,#2962);
#2995=PRESENTATION_STYLE_ASSIGNMENT((#2996));
#2996=SURFACE_STYLE_USAGE(.BOTH.,#2997);
#2997=SURFACE_SIDE_STYLE('',(#2998));
#2998=SURFACE_STYLE_FILL_AREA(#2999);
#2999=FILL_AREA_STYLE('',(#3001));
#3000=COLOUR_RGB('',0.678431392,0.678431392,0.729411781);
#3001=FILL_AREA_STYLE_COLOUR('',#3000);
#3002=OVER_RIDING_STYLED_ITEM('',(#3003),#1516,#2962);
#3003=PRESENTATION_STYLE_ASSIGNMENT((#3004));
#3004=SURFACE_STYLE_USAGE(.BOTH.,#3005);
#3005=SURFACE_SIDE_STYLE('',(#3006));
#3006=SURFACE_STYLE_FILL_AREA(#3007);
#3007=FILL_AREA_STYLE('',(#3009));
#3008=COLOUR_RGB('',0.678431392,0.678431392,0.729411781);
#3009=FILL_AREA_STYLE_COLOUR('',#3008);
#3010=OVER_RIDING_STYLED_ITEM('',(#3011),#1528,#2962);
#3011=PRESENTATION_STYLE_ASSIGNMENT((#3012));
#3012=SURFACE_STYLE_USAGE(.BOTH.,#3013);
#3013=SURFACE_SIDE_STYLE('',(#3014));
#3014=SURFACE_STYLE_FILL_AREA(#3015);
#3015=FILL_AREA_STYLE('',(#3017));
#3016=COLOUR_RGB('',0.678431392,0.678431392,0.729411781);
#3017=FILL_AREA_STYLE_COLOUR('',#3016);
#3018=STYLED_ITEM('',(#3019),#1540);
#3019=PRESENTATION_STYLE_ASSIGNMENT((#3020));
#3020=SURFACE_STYLE_USAGE(.BOTH.,#3021);
#3021=SURFACE_SIDE_STYLE('',(#3022));
#3022=SURFACE_STYLE_FILL_AREA(#3023);
#3023=FILL_AREA_STYLE('',(#3025));
#3024=COLOUR_RGB('',0.792156875,0.819607854,0.933333337);
#3025=FILL_AREA_STYLE_COLOUR('',#3024);
#3026=OVER_RIDING_STYLED_ITEM('',(#3027),#1542,#3018);
#3027=PRESENTATION_STYLE_ASSIGNMENT((#3028));
#3028=SURFACE_STYLE_USAGE(.BOTH.,#3029);
#3029=SURFACE_SIDE_STYLE('',(#3030));
#3030=SURFACE_STYLE_FILL_AREA(#3031);
#3031=FILL_AREA_STYLE('',(#3033));
#3032=COLOUR_RGB('',0.678431392,0.678431392,0.729411781);
#3033=FILL_AREA_STYLE_COLOUR('',#3032);
#3034=OVER_RIDING_STYLED_ITEM('',(#3035),#1582,#3018);
#3035=PRESENTATION_STYLE_ASSIGNMENT((#3036));
#3036=SURFACE_STYLE_USAGE(.BOTH.,#3037);
#3037=SURFACE_SIDE_STYLE('',(#3038));
#3038=SURFACE_STYLE_FILL_AREA(#3039);
#3039=FILL_AREA_STYLE('',(#3041));
#3040=COLOUR_RGB('',0.678431392,0.678431392,0.729411781);
#3041=FILL_AREA_STYLE_COLOUR('',#3040);
#3042=OVER_RIDING_STYLED_ITEM('',(#3043),#1613,#3018);
#3043=PRESENTATION_STYLE_ASSIGNMENT((#3044));
#3044=SURFACE_STYLE_USAGE(.BOTH.,#3045);
#3045=SURFACE_SIDE_STYLE('',(#3046));
#3046=SURFACE_STYLE_FILL_AREA(#3047);
#3047=FILL_AREA_STYLE('',(#3049));
#3048=COLOUR_RGB('',0.678431392,0.678431392,0.729411781);
#3049=FILL_AREA_STYLE_COLOUR('',#3048);
#3050=OVER_RIDING_STYLED_ITEM('',(#3051),#1644,#3018);
#3051=PRESENTATION_STYLE_ASSIGNMENT((#3052));
#3052=SURFACE_STYLE_USAGE(.BOTH.,#3053);
#3053=SURFACE_SIDE_STYLE('',(#3054));
#3054=SURFACE_STYLE_FILL_AREA(#3055);
#3055=FILL_AREA_STYLE('',(#3057));
#3056=COLOUR_RGB('',0.678431392,0.678431392,0.729411781);
#3057=FILL_AREA_STYLE_COLOUR('',#3056);
#3058=OVER_RIDING_STYLED_ITEM('',(#3059),#1666,#3018);
#3059=PRESENTATION_STYLE_ASSIGNMENT((#3060));
#3060=SURFACE_STYLE_USAGE(.BOTH.,#3061);
#3061=SURFACE_SIDE_STYLE('',(#3062));
#3062=SURFACE_STYLE_FILL_AREA(#3063);
#3063=FILL_AREA_STYLE('',(#3065));
#3064=COLOUR_RGB('',0.678431392,0.678431392,0.729411781);
#3065=FILL_AREA_STYLE_COLOUR('',#3064);
#3066=OVER_RIDING_STYLED_ITEM('',(#3067),#1678,#3018);
#3067=PRESENTATION_STYLE_ASSIGNMENT((#3068));
#3068=SURFACE_STYLE_USAGE(.BOTH.,#3069);
#3069=SURFACE_SIDE_STYLE('',(#3070));
#3070=SURFACE_STYLE_FILL_AREA(#3071);
#3071=FILL_AREA_STYLE('',(#3073));
#3072=COLOUR_RGB('',0.678431392,0.678431392,0.729411781);
#3073=FILL_AREA_STYLE_COLOUR('',#3072);
#3074=STYLED_ITEM('',(#3075),#1690);
#3075=PRESENTATION_STYLE_ASSIGNMENT((#3076));
#3076=SURFACE_STYLE_USAGE(.BOTH.,#3077);
#3077=SURFACE_SIDE_STYLE('',(#3078));
#3078=SURFACE_STYLE_FILL_AREA(#3079);
#3079=FILL_AREA_STYLE('',(#3081));
#3080=COLOUR_RGB('',0.792156875,0.819607854,0.933333337);
#3081=FILL_AREA_STYLE_COLOUR('',#3080);
#3082=OVER_RIDING_STYLED_ITEM('',(#3083),#1692,#3074);
#3083=PRESENTATION_STYLE_ASSIGNMENT((#3084));
#3084=SURFACE_STYLE_USAGE(.BOTH.,#3085);
#3085=SURFACE_SIDE_STYLE('',(#3086));
#3086=SURFACE_STYLE_FILL_AREA(#3087);
#3087=FILL_AREA_STYLE('',(#3089));
#3088=COLOUR_RGB('',0.678431392,0.678431392,0.729411781);
#3089=FILL_AREA_STYLE_COLOUR('',#3088);
#3090=OVER_RIDING_STYLED_ITEM('',(#3091),#1732,#3074);
#3091=PRESENTATION_STYLE_ASSIGNMENT((#3092));
#3092=SURFACE_STYLE_USAGE(.BOTH.,#3093);
#3093=SURFACE_SIDE_STYLE('',(#3094));
#3094=SURFACE_STYLE_FILL_AREA(#3095);
#3095=FILL_AREA_STYLE('',(#3097));
#3096=COLOUR_RGB('',0.678431392,0.678431392,0.729411781);
#3097=FILL_AREA_STYLE_COLOUR('',#3096);
#3098=OVER_RIDING_STYLED_ITEM('',(#3099),#1763,#3074);
#3099=PRESENTATION_STYLE_ASSIGNMENT((#3100));
#3100=SURFACE_STYLE_USAGE(.BOTH.,#3101);
#3101=SURFACE_SIDE_STYLE('',(#3102));
#3102=SURFACE_STYLE_FILL_AREA(#3103);
#3103=FILL_AREA_STYLE('',(#3105));
#3104=COLOUR_RGB('',0.678431392,0.678431392,0.729411781);
#3105=FILL_AREA_STYLE_COLOUR('',#3104);
#3106=OVER_RIDING_STYLED_ITEM('',(#3107),#1794,#3074);
#3107=PRESENTATION_STYLE_ASSIGNMENT((#3108));
#3108=SURFACE_STYLE_USAGE(.BOTH.,#3109);
#3109=SURFACE_SIDE_STYLE('',(#3110));
#3110=SURFACE_STYLE_FILL_AREA(#3111);
#3111=FILL_AREA_STYLE('',(#3113));
#3112=COLOUR_RGB('',0.678431392,0.678431392,0.729411781);
#3113=FILL_AREA_STYLE_COLOUR('',#3112);
#3114=OVER_RIDING_STYLED_ITEM('',(#3115),#1816,#3074);
#3115=PRESENTATION_STYLE_ASSIGNMENT((#3116));
#3116=SURFACE_STYLE_USAGE(.BOTH.,#3117);
#3117=SURFACE_SIDE_STYLE('',(#3118));
#3118=SURFACE_STYLE_FILL_AREA(#3119);
#3119=FILL_AREA_STYLE('',(#3121));
#3120=COLOUR_RGB('',0.678431392,0.678431392,0.729411781);
#3121=FILL_AREA_STYLE_COLOUR('',#3120);
#3122=OVER_RIDING_STYLED_ITEM('',(#3123),#1828,#3074);
#3123=PRESENTATION_STYLE_ASSIGNMENT((#3124));
#3124=SURFACE_STYLE_USAGE(.BOTH.,#3125);
#3125=SURFACE_SIDE_STYLE('',(#3126));
#3126=SURFACE_STYLE_FILL_AREA(#3127);
#3127=FILL_AREA_STYLE('',(#3129));
#3128=COLOUR_RGB('',0.678431392,0.678431392,0.729411781);
#3129=FILL_AREA_STYLE_COLOUR('',#3128);
#3130=STYLED_ITEM('',(#3131),#1840);
#3131=PRESENTATION_STYLE_ASSIGNMENT((#3132));
#3132=SURFACE_STYLE_USAGE(.BOTH.,#3133);
#3133=SURFACE_SIDE_STYLE('',(#3134));
#3134=SURFACE_STYLE_FILL_AREA(#3135);
#3135=FILL_AREA_STYLE('',(#3137));
#3136=COLOUR_RGB('',0.792156875,0.819607854,0.933333337);
#3137=FILL_AREA_STYLE_COLOUR('',#3136);
#3138=OVER_RIDING_STYLED_ITEM('',(#3139),#1842,#3130);
#3139=PRESENTATION_STYLE_ASSIGNMENT((#3140));
#3140=SURFACE_STYLE_USAGE(.BOTH.,#3141);
#3141=SURFACE_SIDE_STYLE('',(#3142));
#3142=SURFACE_STYLE_FILL_AREA(#3143);
#3143=FILL_AREA_STYLE('',(#3145));
#3144=COLOUR_RGB('',0.678431392,0.678431392,0.729411781);
#3145=FILL_AREA_STYLE_COLOUR('',#3144);
#3146=OVER_RIDING_STYLED_ITEM('',(#3147),#1882,#3130);
#3147=PRESENTATION_STYLE_ASSIGNMENT((#3148));
#3148=SURFACE_STYLE_USAGE(.BOTH.,#3149);
#3149=SURFACE_SIDE_STYLE('',(#3150));
#3150=SURFACE_STYLE_FILL_AREA(#3151);
#3151=FILL_AREA_STYLE('',(#3153));
#3152=COLOUR_RGB('',0.678431392,0.678431392,0.729411781);
#3153=FILL_AREA_STYLE_COLOUR('',#3152);
#3154=OVER_RIDING_STYLED_ITEM('',(#3155),#1913,#3130);
#3155=PRESENTATION_STYLE_ASSIGNMENT((#3156));
#3156=SURFACE_STYLE_USAGE(.BOTH.,#3157);
#3157=SURFACE_SIDE_STYLE('',(#3158));
#3158=SURFACE_STYLE_FILL_AREA(#3159);
#3159=FILL_AREA_STYLE('',(#3161));
#3160=COLOUR_RGB('',0.678431392,0.678431392,0.729411781);
#3161=FILL_AREA_STYLE_COLOUR('',#3160);
#3162=OVER_RIDING_STYLED_ITEM('',(#3163),#1944,#3130);
#3163=PRESENTATION_STYLE_ASSIGNMENT((#3164));
#3164=SURFACE_STYLE_USAGE(.BOTH.,#3165);
#3165=SURFACE_SIDE_STYLE('',(#3166));
#3166=SURFACE_STYLE_FILL_AREA(#3167);
#3167=FILL_AREA_STYLE('',(#3169));
#3168=COLOUR_RGB('',0.678431392,0.678431392,0.729411781);
#3169=FILL_AREA_STYLE_COLOUR('',#3168);
#3170=OVER_RIDING_STYLED_ITEM('',(#3171),#1966,#3130);
#3171=PRESENTATION_STYLE_ASSIGNMENT((#3172));
#3172=SURFACE_STYLE_USAGE(.BOTH.,#3173);
#3173=SURFACE_SIDE_STYLE('',(#3174));
#3174=SURFACE_STYLE_FILL_AREA(#3175);
#3175=FILL_AREA_STYLE('',(#3177));
#3176=COLOUR_RGB('',0.678431392,0.678431392,0.729411781);
#3177=FILL_AREA_STYLE_COLOUR('',#3176);
#3178=OVER_RIDING_STYLED_ITEM('',(#3179),#1978,#3130);
#3179=PRESENTATION_STYLE_ASSIGNMENT((#3180));
#3180=SURFACE_STYLE_USAGE(.BOTH.,#3181);
#3181=SURFACE_SIDE_STYLE('',(#3182));
#3182=SURFACE_STYLE_FILL_AREA(#3183);
#3183=FILL_AREA_STYLE('',(#3185));
#3184=COLOUR_RGB('',0.678431392,0.678431392,0.729411781);
#3185=FILL_AREA_STYLE_COLOUR('',#3184);
#3186=STYLED_ITEM('',(#3187),#1990);
#3187=PRESENTATION_STYLE_ASSIGNMENT((#3188));
#3188=SURFACE_STYLE_USAGE(.BOTH.,#3189);
#3189=SURFACE_SIDE_STYLE('',(#3190));
#3190=SURFACE_STYLE_FILL_AREA(#3191);
#3191=FILL_AREA_STYLE('',(#3193));
#3192=COLOUR_RGB('',0.792156875,0.819607854,0.933333337);
#3193=FILL_AREA_STYLE_COLOUR('',#3192);
#3194=OVER_RIDING_STYLED_ITEM('',(#3195),#1992,#3186);
#3195=PRESENTATION_STYLE_ASSIGNMENT((#3196));
#3196=SURFACE_STYLE_USAGE(.BOTH.,#3197);
#3197=SURFACE_SIDE_STYLE('',(#3198));
#3198=SURFACE_STYLE_FILL_AREA(#3199);
#3199=FILL_AREA_STYLE('',(#3201));
#3200=COLOUR_RGB('',0.678431392,0.678431392,0.729411781);
#3201=FILL_AREA_STYLE_COLOUR('',#3200);
#3202=OVER_RIDING_STYLED_ITEM('',(#3203),#2032,#3186);
#3203=PRESENTATION_STYLE_ASSIGNMENT((#3204));
#3204=SURFACE_STYLE_USAGE(.BOTH.,#3205);
#3205=SURFACE_SIDE_STYLE('',(#3206));
#3206=SURFACE_STYLE_FILL_AREA(#3207);
#3207=FILL_AREA_STYLE('',(#3209));
#3208=COLOUR_RGB('',0.678431392,0.678431392,0.729411781);
#3209=FILL_AREA_STYLE_COLOUR('',#3208);
#3210=OVER_RIDING_STYLED_ITEM('',(#3211),#2063,#3186);
#3211=PRESENTATION_STYLE_ASSIGNMENT((#3212));
#3212=SURFACE_STYLE_USAGE(.BOTH.,#3213);
#3213=SURFACE_SIDE_STYLE('',(#3214));
#3214=SURFACE_STYLE_FILL_AREA(#3215);
#3215=FILL_AREA_STYLE('',(#3217));
#3216=COLOUR_RGB('',0.678431392,0.678431392,0.729411781);
#3217=FILL_AREA_STYLE_COLOUR('',#3216);
#3218=OVER_RIDING_STYLED_ITEM('',(#3219),#2094,#3186);
#3219=PRESENTATION_STYLE_ASSIGNMENT((#3220));
#3220=SURFACE_STYLE_USAGE(.BOTH.,#3221);
#3221=SURFACE_SIDE_STYLE('',(#3222));
#3222=SURFACE_STYLE_FILL_AREA(#3223);
#3223=FILL_AREA_STYLE('',(#3225));
#3224=COLOUR_RGB('',0.678431392,0.678431392,0.729411781);
#3225=FILL_AREA_STYLE_COLOUR('',#3224);
#3226=OVER_RIDING_STYLED_ITEM('',(#3227),#2116,#3186);
#3227=PRESENTATION_STYLE_ASSIGNMENT((#3228));
#3228=SURFACE_STYLE_USAGE(.BOTH.,#3229);
#3229=SURFACE_SIDE_STYLE('',(#3230));
#3230=SURFACE_STYLE_FILL_AREA(#3231);
#3231=FILL_AREA_STYLE('',(#3233));
#3232=COLOUR_RGB('',0.678431392,0.678431392,0.729411781);
#3233=FILL_AREA_STYLE_COLOUR('',#3232);
#3234=OVER_RIDING_STYLED_ITEM('',(#3235),#2128,#3186);
#3235=PRESENTATION_STYLE_ASSIGNMENT((#3236));
#3236=SURFACE_STYLE_USAGE(.BOTH.,#3237);
#3237=SURFACE_SIDE_STYLE('',(#3238));
#3238=SURFACE_STYLE_FILL_AREA(#3239);
#3239=FILL_AREA_STYLE('',(#3241));
#3240=COLOUR_RGB('',0.678431392,0.678431392,0.729411781);
#3241=FILL_AREA_STYLE_COLOUR('',#3240);
#3242=STYLED_ITEM('',(#3243),#2140);
#3243=PRESENTATION_STYLE_ASSIGNMENT((#3244));
#3244=SURFACE_STYLE_USAGE(.BOTH.,#3245);
#3245=SURFACE_SIDE_STYLE('',(#3246));
#3246=SURFACE_STYLE_FILL_AREA(#3247);
#3247=FILL_AREA_STYLE('',(#3249));
#3248=COLOUR_RGB('',0.792156875,0.819607854,0.933333337);
#3249=FILL_AREA_STYLE_COLOUR('',#3248);
#3250=OVER_RIDING_STYLED_ITEM('',(#3251),#2142,#3242);
#3251=PRESENTATION_STYLE_ASSIGNMENT((#3252));
#3252=SURFACE_STYLE_USAGE(.BOTH.,#3253);
#3253=SURFACE_SIDE_STYLE('',(#3254));
#3254=SURFACE_STYLE_FILL_AREA(#3255);
#3255=FILL_AREA_STYLE('',(#3257));
#3256=COLOUR_RGB('',0.678431392,0.678431392,0.729411781);
#3257=FILL_AREA_STYLE_COLOUR('',#3256);
#3258=OVER_RIDING_STYLED_ITEM('',(#3259),#2182,#3242);
#3259=PRESENTATION_STYLE_ASSIGNMENT((#3260));
#3260=SURFACE_STYLE_USAGE(.BOTH.,#3261);
#3261=SURFACE_SIDE_STYLE('',(#3262));
#3262=SURFACE_STYLE_FILL_AREA(#3263);
#3263=FILL_AREA_STYLE('',(#3265));
#3264=COLOUR_RGB('',0.678431392,0.678431392,0.729411781);
#3265=FILL_AREA_STYLE_COLOUR('',#3264);
#3266=OVER_RIDING_STYLED_ITEM('',(#3267),#2213,#3242);
#3267=PRESENTATION_STYLE_ASSIGNMENT((#3268));
#3268=SURFACE_STYLE_USAGE(.BOTH.,#3269);
#3269=SURFACE_SIDE_STYLE('',(#3270));
#3270=SURFACE_STYLE_FILL_AREA(#3271);
#3271=FILL_AREA_STYLE('',(#3273));
#3272=COLOUR_RGB('',0.678431392,0.678431392,0.729411781);
#3273=FILL_AREA_STYLE_COLOUR('',#3272);
#3274=OVER_RIDING_STYLED_ITEM('',(#3275),#2244,#3242);
#3275=PRESENTATION_STYLE_ASSIGNMENT((#3276));
#3276=SURFACE_STYLE_USAGE(.BOTH.,#3277);
#3277=SURFACE_SIDE_STYLE('',(#3278));
#3278=SURFACE_STYLE_FILL_AREA(#3279);
#3279=FILL_AREA_STYLE('',(#3281));
#3280=COLOUR_RGB('',0.678431392,0.678431392,0.729411781);
#3281=FILL_AREA_STYLE_COLOUR('',#3280);
#3282=OVER_RIDING_STYLED_ITEM('',(#3283),#2266,#3242);
#3283=PRESENTATION_STYLE_ASSIGNMENT((#3284));
#3284=SURFACE_STYLE_USAGE(.BOTH.,#3285);
#3285=SURFACE_SIDE_STYLE('',(#3286));
#3286=SURFACE_STYLE_FILL_AREA(#3287);
#3287=FILL_AREA_STYLE('',(#3289));
#3288=COLOUR_RGB('',0.678431392,0.678431392,0.729411781);
#3289=FILL_AREA_STYLE_COLOUR('',#3288);
#3290=OVER_RIDING_STYLED_ITEM('',(#3291),#2278,#3242);
#3291=PRESENTATION_STYLE_ASSIGNMENT((#3292));
#3292=SURFACE_STYLE_USAGE(.BOTH.,#3293);
#3293=SURFACE_SIDE_STYLE('',(#3294));
#3294=SURFACE_STYLE_FILL_AREA(#3295);
#3295=FILL_AREA_STYLE('',(#3297));
#3296=COLOUR_RGB('',0.678431392,0.678431392,0.729411781);
#3297=FILL_AREA_STYLE_COLOUR('',#3296);
#3298=STYLED_ITEM('',(#3299),#2290);
#3299=PRESENTATION_STYLE_ASSIGNMENT((#3300));
#3300=SURFACE_STYLE_USAGE(.BOTH.,#3301);
#3301=SURFACE_SIDE_STYLE('',(#3302));
#3302=SURFACE_STYLE_FILL_AREA(#3303);
#3303=FILL_AREA_STYLE('',(#3305));
#3304=COLOUR_RGB('',0.792156875,0.819607854,0.933333337);
#3305=FILL_AREA_STYLE_COLOUR('',#3304);
#3306=OVER_RIDING_STYLED_ITEM('',(#3307),#2292,#3298);
#3307=PRESENTATION_STYLE_ASSIGNMENT((#3308));
#3308=SURFACE_STYLE_USAGE(.BOTH.,#3309);
#3309=SURFACE_SIDE_STYLE('',(#3310));
#3310=SURFACE_STYLE_FILL_AREA(#3311);
#3311=FILL_AREA_STYLE('',(#3313));
#3312=COLOUR_RGB('',0.678431392,0.678431392,0.729411781);
#3313=FILL_AREA_STYLE_COLOUR('',#3312);
#3314=OVER_RIDING_STYLED_ITEM('',(#3315),#2332,#3298);
#3315=PRESENTATION_STYLE_ASSIGNMENT((#3316));
#3316=SURFACE_STYLE_USAGE(.BOTH.,#3317);
#3317=SURFACE_SIDE_STYLE('',(#3318));
#3318=SURFACE_STYLE_FILL_AREA(#3319);
#3319=FILL_AREA_STYLE('',(#3321));
#3320=COLOUR_RGB('',0.678431392,0.678431392,0.729411781);
#3321=FILL_AREA_STYLE_COLOUR('',#3320);
#3322=OVER_RIDING_STYLED_ITEM('',(#3323),#2363,#3298);
#3323=PRESENTATION_STYLE_ASSIGNMENT((#3324));
#3324=SURFACE_STYLE_USAGE(.BOTH.,#3325);
#3325=SURFACE_SIDE_STYLE('',(#3326));
#3326=SURFACE_STYLE_FILL_AREA(#3327);
#3327=FILL_AREA_STYLE('',(#3329));
#3328=COLOUR_RGB('',0.678431392,0.678431392,0.729411781);
#3329=FILL_AREA_STYLE_COLOUR('',#3328);
#3330=OVER_RIDING_STYLED_ITEM('',(#3331),#2394,#3298);
#3331=PRESENTATION_STYLE_ASSIGNMENT((#3332));
#3332=SURFACE_STYLE_USAGE(.BOTH.,#3333);
#3333=SURFACE_SIDE_STYLE('',(#3334));
#3334=SURFACE_STYLE_FILL_AREA(#3335);
#3335=FILL_AREA_STYLE('',(#3337));
#3336=COLOUR_RGB('',0.678431392,0.678431392,0.729411781);
#3337=FILL_AREA_STYLE_COLOUR('',#3336);
#3338=OVER_RIDING_STYLED_ITEM('',(#3339),#2416,#3298);
#3339=PRESENTATION_STYLE_ASSIGNMENT((#3340));
#3340=SURFACE_STYLE_USAGE(.BOTH.,#3341);
#3341=SURFACE_SIDE_STYLE('',(#3342));
#3342=SURFACE_STYLE_FILL_AREA(#3343);
#3343=FILL_AREA_STYLE('',(#3345));
#3344=COLOUR_RGB('',0.678431392,0.678431392,0.729411781);
#3345=FILL_AREA_STYLE_COLOUR('',#3344);
#3346=OVER_RIDING_STYLED_ITEM('',(#3347),#2428,#3298);
#3347=PRESENTATION_STYLE_ASSIGNMENT((#3348));
#3348=SURFACE_STYLE_USAGE(.BOTH.,#3349);
#3349=SURFACE_SIDE_STYLE('',(#3350));
#3350=SURFACE_STYLE_FILL_AREA(#3351);
#3351=FILL_AREA_STYLE('',(#3353));
#3352=COLOUR_RGB('',0.678431392,0.678431392,0.729411781);
#3353=FILL_AREA_STYLE_COLOUR('',#3352);
#3354=STYLED_ITEM('',(#3355),#2440);
#3355=PRESENTATION_STYLE_ASSIGNMENT((#3356));
#3356=SURFACE_STYLE_USAGE(.BOTH.,#3357);
#3357=SURFACE_SIDE_STYLE('',(#3358));
#3358=SURFACE_STYLE_FILL_AREA(#3359);
#3359=FILL_AREA_STYLE('',(#3361));
#3360=COLOUR_RGB('',0.792156875,0.819607854,0.933333337);
#3361=FILL_AREA_STYLE_COLOUR('',#3360);
#3362=OVER_RIDING_STYLED_ITEM('',(#3363),#2442,#3354);
#3363=PRESENTATION_STYLE_ASSIGNMENT((#3364));
#3364=SURFACE_STYLE_USAGE(.BOTH.,#3365);
#3365=SURFACE_SIDE_STYLE('',(#3366));
#3366=SURFACE_STYLE_FILL_AREA(#3367);
#3367=FILL_AREA_STYLE('',(#3369));
#3368=COLOUR_RGB('',0.678431392,0.678431392,0.729411781);
#3369=FILL_AREA_STYLE_COLOUR('',#3368);
#3370=OVER_RIDING_STYLED_ITEM('',(#3371),#2482,#3354);
#3371=PRESENTATION_STYLE_ASSIGNMENT((#3372));
#3372=SURFACE_STYLE_USAGE(.BOTH.,#3373);
#3373=SURFACE_SIDE_STYLE('',(#3374));
#3374=SURFACE_STYLE_FILL_AREA(#3375);
#3375=FILL_AREA_STYLE('',(#3377));
#3376=COLOUR_RGB('',0.678431392,0.678431392,0.729411781);
#3377=FILL_AREA_STYLE_COLOUR('',#3376);
#3378=OVER_RIDING_STYLED_ITEM('',(#3379),#2513,#3354);
#3379=PRESENTATION_STYLE_ASSIGNMENT((#3380));
#3380=SURFACE_STYLE_USAGE(.BOTH.,#3381);
#3381=SURFACE_SIDE_STYLE('',(#3382));
#3382=SURFACE_STYLE_FILL_AREA(#3383);
#3383=FILL_AREA_STYLE('',(#3385));
#3384=COLOUR_RGB('',0.678431392,0.678431392,0.729411781);
#3385=FILL_AREA_STYLE_COLOUR('',#3384);
#3386=OVER_RIDING_STYLED_ITEM('',(#3387),#2544,#3354);
#3387=PRESENTATION_STYLE_ASSIGNMENT((#3388));
#3388=SURFACE_STYLE_USAGE(.BOTH.,#3389);
#3389=SURFACE_SIDE_STYLE('',(#3390));
#3390=SURFACE_STYLE_FILL_AREA(#3391);
#3391=FILL_AREA_STYLE('',(#3393));
#3392=COLOUR_RGB('',0.678431392,0.678431392,0.729411781);
#3393=FILL_AREA_STYLE_COLOUR('',#3392);
#3394=OVER_RIDING_STYLED_ITEM('',(#3395),#2566,#3354);
#3395=PRESENTATION_STYLE_ASSIGNMENT((#3396));
#3396=SURFACE_STYLE_USAGE(.BOTH.,#3397);
#3397=SURFACE_SIDE_STYLE('',(#3398));
#3398=SURFACE_STYLE_FILL_AREA(#3399);
#3399=FILL_AREA_STYLE('',(#3401));
#3400=COLOUR_RGB('',0.678431392,0.678431392,0.729411781);
#3401=FILL_AREA_STYLE_COLOUR('',#3400);
#3402=OVER_RIDING_STYLED_ITEM('',(#3403),#2578,#3354);
#3403=PRESENTATION_STYLE_ASSIGNMENT((#3404));
#3404=SURFACE_STYLE_USAGE(.BOTH.,#3405);
#3405=SURFACE_SIDE_STYLE('',(#3406));
#3406=SURFACE_STYLE_FILL_AREA(#3407);
#3407=FILL_AREA_STYLE('',(#3409));
#3408=COLOUR_RGB('',0.678431392,0.678431392,0.729411781);
#3409=FILL_AREA_STYLE_COLOUR('',#3408);
#3410=MECHANICAL_DESIGN_GEOMETRIC_PRESENTATION_REPRESENTATION('',(#2602,#2610,#2618,#2626,#2634,#2642,#2650,#2658,#2666,#2674,#2682,#2690,#2698,#2706,#2714,#2722,#2730,#2738,#2746,#2754,#2762,#2770,#2778,#2786,#2794,#2802,#2810,#2818,#2826,#2834,#2842,#2850,#2858,#2866,#2874,#2882,#2890,#2898,#2906,#2914,#2922,#2930,#2938,#2946,#2954,#2962,#2970,#2978,#2986,#2994,#3002,#3010,#3018,#3026,#3034,#3042,#3050,#3058,#3066,#3074,#3082,#3090,#3098,#3106,#3114,#3122,#3130,#3138,#3146,#3154,#3162,#3170,#3178,#3186,#3194,#3202,#3210,#3218,#3226,#3234,#3242,#3250,#3258,#3266,#3274,#3282,#3290,#3298,#3306,#3314,#3322,#3330,#3338,#3346,#3354,#3362,#3370,#3378,#3386,#3394,#3402),#2594);
ENDSEC;
END-ISO-10303-21;
